id,name,category,brand,price,rating,reviews,color,description,keywords,discount,image
1,Marshall Earbuds Plus,Electronics,Marshall,8718,5.0,146,Silver,Marshall Earbuds Plus in Silver. Designed for everyday use with noise cancellation and bluetooth 5.3. Reliable electronics choice with a practical design.,marshall earbuds silver noise cancellation bluetooth 5.3 electronics,22,product_0001.svg
2,Nothing Budget Smartphone Max,Mobiles,Nothing,24837,4.9,277,Blue,Nothing Budget Smartphone Max in Blue. Designed for everyday use with 5g and dual sim. Reliable mobiles choice with a practical design.,nothing budget smartphone blue 5g dual sim mobiles,39,product_0002.svg
3,Logitech Gaming Laptop Elite,Computers & Accessories,Logitech,24756,4.8,408,Silver,Logitech Gaming Laptop Elite in Silver. Designed for everyday use with wireless and 16gb ram. Reliable computers & accessories choice with a practical design.,logitech gaming laptop silver wireless 16gb ram computers & accessories,20,product_0003.svg
4,Jack & Jones Chinos Classic,Men's Fashion,Jack & Jones,6171,4.7,539,Grey,Jack & Jones Chinos Classic in Grey. Designed for everyday use with slim fit and regular fit. Reliable men's fashion choice with a practical design.,jack & jones chinos grey slim fit regular fit men's fashion,37,product_0004.svg
5,ONLY Co-ord Set Prime,Women's Fashion,ONLY,5590,4.6,670,Beige,ONLY Co-ord Set Prime in Beige. Designed for everyday use with cotton and regular fit. Reliable women's fashion choice with a practical design.,only co-ord set beige cotton regular fit women's fashion,18,product_0005.svg
6,Puma Walking Shoes X,Footwear,Puma,5310,4.5,801,Blue,Puma Walking Shoes X in Blue. Designed for everyday use with memory foam and cushioned sole. Reliable footwear choice with a practical design.,puma walking shoes blue memory foam cushioned sole footwear,35,product_0006.svg
7,Maybelline Hair Dryer Ultra,Beauty & Personal Care,Maybelline,3423,4.4,932,Rose,Maybelline Hair Dryer Ultra in Rose. Designed for everyday use with long lasting and long lasting. Reliable beauty & personal care choice with a practical design.,maybelline hair dryer rose long lasting long lasting beauty & personal care,16,product_0007.svg
8,Prestige Cookware Set Pro,Home & Kitchen,Prestige,12847,4.3,1063,Blue,Prestige Cookware Set Pro in Blue. Designed for everyday use with food grade and dishwasher safe. Reliable home & kitchen choice with a practical design.,prestige cookware set blue food grade dishwasher safe home & kitchen,33,product_0008.svg
9,Panasonic Air Purifier Plus,Home Appliances,Panasonic,73770,4.2,1194,Silver,Panasonic Air Purifier Plus in Silver. Designed for everyday use with inverter and smart control. Reliable home appliances choice with a practical design.,panasonic air purifier silver inverter smart control home appliances,14,product_0009.svg
10,HomeTown TV Unit Max,Furniture,HomeTown,33188,4.1,1325,Grey,HomeTown TV Unit Max in Grey. Designed for everyday use with engineered wood and ergonomic. Reliable furniture choice with a practical design.,hometown tv unit grey engineered wood ergonomic furniture,31,product_0010.svg
11,Cosco Cricket Bat Elite,Sports & Fitness,Cosco,8903,4.0,1456,Green,Cosco Cricket Bat Elite in Green. Designed for everyday use with water resistant and anti-slip. Reliable sports & fitness choice with a practical design.,cosco cricket bat green water resistant anti-slip sports & fitness,12,product_0011.svg
12,Penguin Business Book Classic,Books,Penguin,2794,3.9,1587,Red,Penguin Business Book Classic in Red. Designed for everyday use with latest edition and latest edition. Reliable books choice with a practical design.,penguin business book red latest edition latest edition books,29,product_0012.svg
13,LEGO Toy Gun Prime,Toys & Games,LEGO,5686,3.8,1718,Multi,LEGO Toy Gun Prime in Multi. Designed for everyday use with family game and educational. Reliable toys & games choice with a practical design.,lego toy gun multi family game educational toys & games,10,product_0013.svg
14,Castrol LED Headlight X,Automotive,Castrol,18860,3.7,1849,Blue,Castrol LED Headlight X in Blue. Designed for everyday use with premium quality and water resistant. Reliable automotive choice with a practical design.,castrol led headlight blue premium quality water resistant automotive,27,product_0014.svg
15,Aashirvaad Biscuits Ultra,Grocery,Aashirvaad,1022,3.6,1980,Natural,Aashirvaad Biscuits Ultra in Natural. Designed for everyday use with premium quality and no preservatives. Reliable grocery choice with a practical design.,aashirvaad biscuits natural premium quality no preservatives grocery,8,product_0015.svg
16,Patanjali Protein Powder Pro,Health & Wellness,Patanjali,6385,3.5,2111,White,Patanjali Protein Powder Pro in White. Designed for everyday use with premium quality and lab tested. Reliable health & wellness choice with a practical design.,patanjali protein powder white premium quality lab tested health & wellness,25,product_0016.svg
17,Pedigree Leash Plus,Pet Supplies,Pedigree,2205,3.4,2242,Red,Pedigree Leash Plus in Red. Designed for everyday use with comfortable and comfortable. Reliable pet supplies choice with a practical design.,pedigree leash red comfortable comfortable pet supplies,6,product_0017.svg
18,Ugaoo Plant Seeds Max,Garden & Outdoors,Ugaoo,1373,3.3,2373,White,Ugaoo Plant Seeds Max in White. Designed for everyday use with lightweight and eco friendly. Reliable garden & outdoors choice with a practical design.,ugaoo plant seeds white lightweight eco friendly garden & outdoors,23,product_0018.svg
19,Mia Smart Watch Elite,Jewellery & Accessories,Mia,3954,3.2,2504,Black,Mia Smart Watch Elite in Black. Designed for everyday use with adjustable and scratch resistant. Reliable jewellery & accessories choice with a practical design.,mia smart watch black adjustable scratch resistant jewellery & accessories,40,product_0019.svg
20,Classmate Calculator Classic,Office & Stationery,Classmate,8723,5.0,2635,Black,Classmate Calculator Classic in Black. Designed for everyday use with smooth writing and durable. Reliable office & stationery choice with a practical design.,classmate calculator black smooth writing durable office & stationery,21,product_0020.svg
21,Anker Portable Projector Prime,Electronics,Anker,21093,4.9,2766,Silver,Anker Portable Projector Prime in Silver. Designed for everyday use with noise cancellation and hi-fi audio. Reliable electronics choice with a practical design.,anker portable projector silver noise cancellation hi-fi audio electronics,38,product_0021.svg
22,Apple Camera Phone X,Mobiles,Apple,62216,4.8,2897,Blue,Apple Camera Phone X in Blue. Designed for everyday use with 5g and fast charging. Reliable mobiles choice with a practical design.,apple camera phone blue 5g fast charging mobiles,19,product_0022.svg
23,HP Monitor Ultra,Computers & Accessories,HP,24135,4.7,3028,Silver,HP Monitor Ultra in Silver. Designed for everyday use with wireless and backlit. Reliable computers & accessories choice with a practical design.,hp monitor silver wireless backlit computers & accessories,36,product_0023.svg
24,Levis Slim Fit Jeans Pro,Men's Fashion,Levis,2026,4.6,3159,Black,Levis Slim Fit Jeans Pro in Black. Designed for everyday use with slim fit and regular fit. Reliable men's fashion choice with a practical design.,levis slim fit jeans black slim fit regular fit men's fashion,17,product_0024.svg
25,Mango Jeans Plus,Women's Fashion,Mango,551,4.5,3290,Pink,Mango Jeans Plus in Pink. Designed for everyday use with cotton and regular fit. Reliable women's fashion choice with a practical design.,mango jeans pink cotton regular fit women's fashion,34,product_0025.svg
26,Crocs Slides Max,Footwear,Crocs,6379,4.4,3421,Blue,Crocs Slides Max in Blue. Designed for everyday use with memory foam and cushioned sole. Reliable footwear choice with a practical design.,crocs slides blue memory foam cushioned sole footwear,15,product_0026.svg
27,The Body Shop Moisturizer Elite,Beauty & Personal Care,The Body Shop,5176,4.3,3552,Rose,The Body Shop Moisturizer Elite in Rose. Designed for everyday use with long lasting and long lasting. Reliable beauty & personal care choice with a practical design.,the body shop moisturizer rose long lasting long lasting beauty & personal care,32,product_0027.svg
28,Borosil Storage Container Classic,Home & Kitchen,Borosil,6114,4.2,3683,Blue,Borosil Storage Container Classic in Blue. Designed for everyday use with food grade and dishwasher safe. Reliable home & kitchen choice with a practical design.,borosil storage container blue food grade dishwasher safe home & kitchen,13,product_0028.svg
29,IFB Water Heater Prime,Home Appliances,IFB,57148,4.1,3814,Silver,IFB Water Heater Prime in Silver. Designed for everyday use with inverter and smart control. Reliable home appliances choice with a practical design.,ifb water heater silver inverter smart control home appliances,30,product_0029.svg
30,IKEA Bookshelf X,Furniture,IKEA,47565,4.0,3945,Walnut,IKEA Bookshelf X in Walnut. Designed for everyday use with engineered wood and ergonomic. Reliable furniture choice with a practical design.,ikea bookshelf walnut engineered wood ergonomic furniture,11,product_0030.svg
31,Nike Fitness Band Ultra,Sports & Fitness,Nike,10273,3.9,4076,Green,Nike Fitness Band Ultra in Green. Designed for everyday use with water resistant and anti-slip. Reliable sports & fitness choice with a practical design.,nike fitness band green water resistant anti-slip sports & fitness,28,product_0031.svg
32,Penguin Programming Book Pro,Books,Penguin,1517,3.8,4207,Red,Penguin Programming Book Pro in Red. Designed for everyday use with latest edition and latest edition. Reliable books choice with a practical design.,penguin programming book red latest edition latest edition books,9,product_0032.svg
33,LEGO Action Figure Plus,Toys & Games,LEGO,8050,3.7,4338,Multi,LEGO Action Figure Plus in Multi. Designed for everyday use with family game and educational. Reliable toys & games choice with a practical design.,lego action figure multi family game educational toys & games,26,product_0033.svg
34,Goodyear Bike Helmet Max,Automotive,Goodyear,10731,3.6,4469,Blue,Goodyear Bike Helmet Max in Blue. Designed for everyday use with premium quality and water resistant. Reliable automotive choice with a practical design.,goodyear bike helmet blue premium quality water resistant automotive,7,product_0034.svg
35,Amul Wheat Flour Elite,Grocery,Amul,1619,3.5,4600,Natural,Amul Wheat Flour Elite in Natural. Designed for everyday use with premium quality and no preservatives. Reliable grocery choice with a practical design.,amul wheat flour natural premium quality no preservatives grocery,24,product_0035.svg
36,Himalaya Digital Weighing Scale Classic,Health & Wellness,Himalaya,3941,3.4,4731,White,Himalaya Digital Weighing Scale Classic in White. Designed for everyday use with premium quality and lab tested. Reliable health & wellness choice with a practical design.,himalaya digital weighing scale white premium quality lab tested health & wellness,5,product_0036.svg
37,Pedigree Pet Carrier Prime,Pet Supplies,Pedigree,4565,3.3,4862,Red,Pedigree Pet Carrier Prime in Red. Designed for everyday use with comfortable and comfortable. Reliable pet supplies choice with a practical design.,pedigree pet carrier red comfortable comfortable pet supplies,22,product_0037.svg
38,Kraft Seeds LED Garden Light X,Garden & Outdoors,Kraft Seeds,2733,3.2,143,White,Kraft Seeds LED Garden Light X in White. Designed for everyday use with lightweight and eco friendly. Reliable garden & outdoors choice with a practical design.,kraft seeds led garden light white lightweight eco friendly garden & outdoors,39,product_0038.svg
39,Mia Wallet Ultra,Jewellery & Accessories,Mia,15328,5.0,274,Black,Mia Wallet Ultra in Black. Designed for everyday use with adjustable and scratch resistant. Reliable jewellery & accessories choice with a practical design.,mia wallet black adjustable scratch resistant jewellery & accessories,20,product_0039.svg
40,Classmate Notebook Pro,Office & Stationery,Classmate,17397,4.9,405,Black,Classmate Notebook Pro in Black. Designed for everyday use with smooth writing and durable. Reliable office & stationery choice with a practical design.,classmate notebook black smooth writing durable office & stationery,37,product_0040.svg
41,Marshall Earbuds Plus,Electronics,Marshall,4267,4.8,536,Silver,Marshall Earbuds Plus in Silver. Designed for everyday use with noise cancellation and fast charging. Reliable electronics choice with a practical design.,marshall earbuds silver noise cancellation fast charging electronics,18,product_0041.svg
42,Nothing 5G Smartphone Max,Mobiles,Nothing,99595,4.7,667,Blue,Nothing 5G Smartphone Max in Blue. Designed for everyday use with 5g and amoled display. Reliable mobiles choice with a practical design.,nothing 5g smartphone blue 5g amoled display mobiles,35,product_0042.svg
43,Logitech Gaming Laptop Elite,Computers & Accessories,Logitech,23514,4.6,798,Silver,Logitech Gaming Laptop Elite in Silver. Designed for everyday use with wireless and full hd. Reliable computers & accessories choice with a practical design.,logitech gaming laptop silver wireless full hd computers & accessories,16,product_0043.svg
44,Jack & Jones Chinos Classic,Men's Fashion,Jack & Jones,4382,4.5,929,White,Jack & Jones Chinos Classic in White. Designed for everyday use with slim fit and regular fit. Reliable men's fashion choice with a practical design.,jack & jones chinos white slim fit regular fit men's fashion,33,product_0044.svg
45,ONLY Co-ord Set Prime,Women's Fashion,ONLY,4113,4.4,1060,White,ONLY Co-ord Set Prime in White. Designed for everyday use with cotton and regular fit. Reliable women's fashion choice with a practical design.,only co-ord set white cotton regular fit women's fashion,14,product_0045.svg
46,Puma Walking Shoes X,Footwear,Puma,7448,4.3,1191,Blue,Puma Walking Shoes X in Blue. Designed for everyday use with memory foam and cushioned sole. Reliable footwear choice with a practical design.,puma walking shoes blue memory foam cushioned sole footwear,31,product_0046.svg
47,Maybelline Hair Dryer Ultra,Beauty & Personal Care,Maybelline,1128,4.2,1322,Rose,Maybelline Hair Dryer Ultra in Rose. Designed for everyday use with long lasting and long lasting. Reliable beauty & personal care choice with a practical design.,maybelline hair dryer rose long lasting long lasting beauty & personal care,12,product_0047.svg
48,Prestige Cookware Set Pro,Home & Kitchen,Prestige,12082,4.1,1453,Blue,Prestige Cookware Set Pro in Blue. Designed for everyday use with food grade and dishwasher safe. Reliable home & kitchen choice with a practical design.,prestige cookware set blue food grade dishwasher safe home & kitchen,29,product_0048.svg
49,Panasonic Air Purifier Plus,Home Appliances,Panasonic,40526,4.0,1584,Silver,Panasonic Air Purifier Plus in Silver. Designed for everyday use with inverter and smart control. Reliable home appliances choice with a practical design.,panasonic air purifier silver inverter smart control home appliances,10,product_0049.svg
50,Pepperfry TV Unit Max,Furniture,Pepperfry,13941,3.9,1715,Black,Pepperfry TV Unit Max in Black. Designed for everyday use with engineered wood and ergonomic. Reliable furniture choice with a practical design.,pepperfry tv unit black engineered wood ergonomic furniture,27,product_0050.svg
51,Cosco Cricket Bat Elite,Sports & Fitness,Cosco,11643,3.8,1846,Green,Cosco Cricket Bat Elite in Green. Designed for everyday use with water resistant and anti-slip. Reliable sports & fitness choice with a practical design.,cosco cricket bat green water resistant anti-slip sports & fitness,8,product_0051.svg
52,Penguin Business Book Classic,Books,Penguin,240,3.7,1977,Red,Penguin Business Book Classic in Red. Designed for everyday use with latest edition and latest edition. Reliable books choice with a practical design.,penguin business book red latest edition latest edition books,25,product_0052.svg
53,LEGO Toy Gun Prime,Toys & Games,LEGO,663,3.6,2108,Multi,LEGO Toy Gun Prime in Multi. Designed for everyday use with family game and educational. Reliable toys & games choice with a practical design.,lego toy gun multi family game educational toys & games,6,product_0053.svg
54,Castrol LED Headlight X,Automotive,Castrol,2602,3.5,2239,Blue,Castrol LED Headlight X in Blue. Designed for everyday use with premium quality and water resistant. Reliable automotive choice with a practical design.,castrol led headlight blue premium quality water resistant automotive,23,product_0054.svg
55,Aashirvaad Biscuits Ultra,Grocery,Aashirvaad,315,3.4,2370,Natural,Aashirvaad Biscuits Ultra in Natural. Designed for everyday use with premium quality and no preservatives. Reliable grocery choice with a practical design.,aashirvaad biscuits natural premium quality no preservatives grocery,40,product_0055.svg
56,HealthKart Herbal Tea Pro,Health & Wellness,HealthKart,1497,3.3,2501,White,HealthKart Herbal Tea Pro in White. Designed for everyday use with premium quality and lab tested. Reliable health & wellness choice with a practical design.,healthkart herbal tea white premium quality lab tested health & wellness,21,product_0056.svg
57,Pedigree Leash Plus,Pet Supplies,Pedigree,6925,3.2,2632,Red,Pedigree Leash Plus in Red. Designed for everyday use with comfortable and comfortable. Reliable pet supplies choice with a practical design.,pedigree leash red comfortable comfortable pet supplies,38,product_0057.svg
58,IKEA Garden Tool Set Max,Garden & Outdoors,IKEA,4093,5.0,2763,White,IKEA Garden Tool Set Max in White. Designed for everyday use with lightweight and eco friendly. Reliable garden & outdoors choice with a practical design.,ikea garden tool set white lightweight eco friendly garden & outdoors,19,product_0058.svg
59,Mia Smart Watch Elite,Jewellery & Accessories,Mia,2201,4.9,2894,Black,Mia Smart Watch Elite in Black. Designed for everyday use with adjustable and scratch resistant. Reliable jewellery & accessories choice with a practical design.,mia smart watch black adjustable scratch resistant jewellery & accessories,36,product_0059.svg
60,Classmate Calculator Classic,Office & Stationery,Classmate,1120,4.8,3025,Black,Classmate Calculator Classic in Black. Designed for everyday use with smooth writing and durable. Reliable office & stationery choice with a practical design.,classmate calculator black smooth writing durable office & stationery,17,product_0060.svg
61,Anker Portable Projector Prime,Electronics,Anker,16642,4.7,3156,Silver,Anker Portable Projector Prime in Silver. Designed for everyday use with noise cancellation and bluetooth 5.3. Reliable electronics choice with a practical design.,anker portable projector silver noise cancellation bluetooth 5.3 electronics,34,product_0061.svg
62,Apple Budget Smartphone X,Mobiles,Apple,15973,4.6,3287,Blue,Apple Budget Smartphone X in Blue. Designed for everyday use with 5g and dual sim. Reliable mobiles choice with a practical design.,apple budget smartphone blue 5g dual sim mobiles,15,product_0062.svg
63,HP Monitor Ultra,Computers & Accessories,HP,22893,4.5,3418,Silver,HP Monitor Ultra in Silver. Designed for everyday use with wireless and 16gb ram. Reliable computers & accessories choice with a practical design.,hp monitor silver wireless 16gb ram computers & accessories,32,product_0063.svg
64,Levis Slim Fit Jeans Pro,Men's Fashion,Levis,6738,4.4,3549,Grey,Levis Slim Fit Jeans Pro in Grey. Designed for everyday use with slim fit and regular fit. Reliable men's fashion choice with a practical design.,levis slim fit jeans grey slim fit regular fit men's fashion,13,product_0064.svg
65,Mango Jeans Plus,Women's Fashion,Mango,7675,4.3,3680,Beige,Mango Jeans Plus in Beige. Designed for everyday use with cotton and regular fit. Reliable women's fashion choice with a practical design.,mango jeans beige cotton regular fit women's fashion,30,product_0065.svg
66,Crocs Slides Max,Footwear,Crocs,8517,4.2,3811,Blue,Crocs Slides Max in Blue. Designed for everyday use with memory foam and cushioned sole. Reliable footwear choice with a practical design.,crocs slides blue memory foam cushioned sole footwear,11,product_0066.svg
67,The Body Shop Moisturizer Elite,Beauty & Personal Care,The Body Shop,2881,4.1,3942,Rose,The Body Shop Moisturizer Elite in Rose. Designed for everyday use with long lasting and long lasting. Reliable beauty & personal care choice with a practical design.,the body shop moisturizer rose long lasting long lasting beauty & personal care,28,product_0067.svg
68,Borosil Storage Container Classic,Home & Kitchen,Borosil,5349,4.0,4073,Blue,Borosil Storage Container Classic in Blue. Designed for everyday use with food grade and dishwasher safe. Reliable home & kitchen choice with a practical design.,borosil storage container blue food grade dishwasher safe home & kitchen,9,product_0068.svg
69,IFB Water Heater Prime,Home Appliances,IFB,23904,3.9,4204,Silver,IFB Water Heater Prime in Silver. Designed for everyday use with inverter and smart control. Reliable home appliances choice with a practical design.,ifb water heater silver inverter smart control home appliances,26,product_0069.svg
70,HomeTown Bookshelf X,Furniture,HomeTown,28318,3.8,4335,Grey,HomeTown Bookshelf X in Grey. Designed for everyday use with engineered wood and ergonomic. Reliable furniture choice with a practical design.,hometown bookshelf grey engineered wood ergonomic furniture,7,product_0070.svg
71,Nike Fitness Band Ultra,Sports & Fitness,Nike,13013,3.7,4466,Green,Nike Fitness Band Ultra in Green. Designed for everyday use with water resistant and anti-slip. Reliable sports & fitness choice with a practical design.,nike fitness band green water resistant anti-slip sports & fitness,24,product_0071.svg
72,Penguin Programming Book Pro,Books,Penguin,1764,3.6,4597,Red,Penguin Programming Book Pro in Red. Designed for everyday use with latest edition and latest edition. Reliable books choice with a practical design.,penguin programming book red latest edition latest edition books,5,product_0072.svg
73,LEGO Action Figure Plus,Toys & Games,LEGO,3027,3.5,4728,Multi,LEGO Action Figure Plus in Multi. Designed for everyday use with family game and educational. Reliable toys & games choice with a practical design.,lego action figure multi family game educational toys & games,22,product_0073.svg
74,Goodyear Bike Helmet Max,Automotive,Goodyear,12974,3.4,4859,Blue,Goodyear Bike Helmet Max in Blue. Designed for everyday use with premium quality and water resistant. Reliable automotive choice with a practical design.,goodyear bike helmet blue premium quality water resistant automotive,39,product_0074.svg
75,Amul Wheat Flour Elite,Grocery,Amul,912,3.3,140,Natural,Amul Wheat Flour Elite in Natural. Designed for everyday use with premium quality and no preservatives. Reliable grocery choice with a practical design.,amul wheat flour natural premium quality no preservatives grocery,20,product_0075.svg
76,Patanjali Massage Gun Classic,Health & Wellness,Patanjali,5754,3.2,271,White,Patanjali Massage Gun Classic in White. Designed for everyday use with premium quality and lab tested. Reliable health & wellness choice with a practical design.,patanjali massage gun white premium quality lab tested health & wellness,37,product_0076.svg
77,Pedigree Pet Carrier Prime,Pet Supplies,Pedigree,1484,5.0,402,Red,Pedigree Pet Carrier Prime in Red. Designed for everyday use with comfortable and comfortable. Reliable pet supplies choice with a practical design.,pedigree pet carrier red comfortable comfortable pet supplies,18,product_0077.svg
78,Ugaoo Outdoor Chair X,Garden & Outdoors,Ugaoo,5453,4.9,533,White,Ugaoo Outdoor Chair X in White. Designed for everyday use with lightweight and eco friendly. Reliable garden & outdoors choice with a practical design.,ugaoo outdoor chair white lightweight eco friendly garden & outdoors,35,product_0078.svg
79,Mia Wallet Ultra,Jewellery & Accessories,Mia,13575,4.8,664,Black,Mia Wallet Ultra in Black. Designed for everyday use with adjustable and scratch resistant. Reliable jewellery & accessories choice with a practical design.,mia wallet black adjustable scratch resistant jewellery & accessories,16,product_0079.svg
80,Classmate Notebook Pro,Office & Stationery,Classmate,9794,4.7,795,Black,Classmate Notebook Pro in Black. Designed for everyday use with smooth writing and durable. Reliable office & stationery choice with a practical design.,classmate notebook black smooth writing durable office & stationery,33,product_0080.svg
81,Marshall Earbuds Plus,Electronics,Marshall,29017,4.6,926,Silver,Marshall Earbuds Plus in Silver. Designed for everyday use with noise cancellation and hi-fi audio. Reliable electronics choice with a practical design.,marshall earbuds silver noise cancellation hi-fi audio electronics,14,product_0081.svg
82,Nothing Camera Phone Max,Mobiles,Nothing,53352,4.5,1057,Blue,Nothing Camera Phone Max in Blue. Designed for everyday use with 5g and fast charging. Reliable mobiles choice with a practical design.,nothing camera phone blue 5g fast charging mobiles,31,product_0082.svg
83,Logitech Gaming Laptop Elite,Computers & Accessories,Logitech,22272,4.4,1188,Silver,Logitech Gaming Laptop Elite in Silver. Designed for everyday use with wireless and backlit. Reliable computers & accessories choice with a practical design.,logitech gaming laptop silver wireless backlit computers & accessories,12,product_0083.svg
84,Jack & Jones Chinos Classic,Men's Fashion,Jack & Jones,2593,4.3,1319,Black,Jack & Jones Chinos Classic in Black. Designed for everyday use with slim fit and regular fit. Reliable men's fashion choice with a practical design.,jack & jones chinos black slim fit regular fit men's fashion,29,product_0084.svg
85,ONLY Co-ord Set Prime,Women's Fashion,ONLY,2636,4.2,1450,Pink,ONLY Co-ord Set Prime in Pink. Designed for everyday use with cotton and regular fit. Reliable women's fashion choice with a practical design.,only co-ord set pink cotton regular fit women's fashion,10,product_0085.svg
86,Puma Walking Shoes X,Footwear,Puma,9586,4.1,1581,Blue,Puma Walking Shoes X in Blue. Designed for everyday use with memory foam and cushioned sole. Reliable footwear choice with a practical design.,puma walking shoes blue memory foam cushioned sole footwear,27,product_0086.svg
87,Maybelline Hair Dryer Ultra,Beauty & Personal Care,Maybelline,4634,4.0,1712,Rose,Maybelline Hair Dryer Ultra in Rose. Designed for everyday use with long lasting and long lasting. Reliable beauty & personal care choice with a practical design.,maybelline hair dryer rose long lasting long lasting beauty & personal care,8,product_0087.svg
88,Prestige Cookware Set Pro,Home & Kitchen,Prestige,11317,3.9,1843,Blue,Prestige Cookware Set Pro in Blue. Designed for everyday use with food grade and dishwasher safe. Reliable home & kitchen choice with a practical design.,prestige cookware set blue food grade dishwasher safe home & kitchen,25,product_0088.svg
89,Panasonic Air Purifier Plus,Home Appliances,Panasonic,7282,3.8,1974,Silver,Panasonic Air Purifier Plus in Silver. Designed for everyday use with inverter and smart control. Reliable home appliances choice with a practical design.,panasonic air purifier silver inverter smart control home appliances,6,product_0089.svg
90,IKEA TV Unit Max,Furniture,IKEA,42695,3.7,2105,Walnut,IKEA TV Unit Max in Walnut. Designed for everyday use with engineered wood and ergonomic. Reliable furniture choice with a practical design.,ikea tv unit walnut engineered wood ergonomic furniture,23,product_0090.svg
91,Cosco Cricket Bat Elite,Sports & Fitness,Cosco,14383,3.6,2236,Green,Cosco Cricket Bat Elite in Green. Designed for everyday use with water resistant and anti-slip. Reliable sports & fitness choice with a practical design.,cosco cricket bat green water resistant anti-slip sports & fitness,40,product_0091.svg
92,Penguin Business Book Classic,Books,Penguin,487,3.5,2367,Red,Penguin Business Book Classic in Red. Designed for everyday use with latest edition and latest edition. Reliable books choice with a practical design.,penguin business book red latest edition latest edition books,21,product_0092.svg
93,LEGO Toy Gun Prime,Toys & Games,LEGO,5391,3.4,2498,Multi,LEGO Toy Gun Prime in Multi. Designed for everyday use with family game and educational. Reliable toys & games choice with a practical design.,lego toy gun multi family game educational toys & games,38,product_0093.svg
94,Castrol LED Headlight X,Automotive,Castrol,4845,3.3,2629,Blue,Castrol LED Headlight X in Blue. Designed for everyday use with premium quality and water resistant. Reliable automotive choice with a practical design.,castrol led headlight blue premium quality water resistant automotive,19,product_0094.svg
95,Aashirvaad Biscuits Ultra,Grocery,Aashirvaad,1509,3.2,2760,Natural,Aashirvaad Biscuits Ultra in Natural. Designed for everyday use with premium quality and no preservatives. Reliable grocery choice with a practical design.,aashirvaad biscuits natural premium quality no preservatives grocery,36,product_0095.svg
96,Himalaya Foam Roller Pro,Health & Wellness,Himalaya,3310,5.0,2891,White,Himalaya Foam Roller Pro in White. Designed for everyday use with premium quality and lab tested. Reliable health & wellness choice with a practical design.,himalaya foam roller white premium quality lab tested health & wellness,17,product_0096.svg
97,Pedigree Leash Plus,Pet Supplies,Pedigree,3844,4.9,3022,Red,Pedigree Leash Plus in Red. Designed for everyday use with comfortable and comfortable. Reliable pet supplies choice with a practical design.,pedigree leash red comfortable comfortable pet supplies,34,product_0097.svg
98,Kraft Seeds Planter Max,Garden & Outdoors,Kraft Seeds,6813,4.8,3153,White,Kraft Seeds Planter Max in White. Designed for everyday use with lightweight and eco friendly. Reliable garden & outdoors choice with a practical design.,kraft seeds planter white lightweight eco friendly garden & outdoors,15,product_0098.svg
99,Mia Smart Watch Elite,Jewellery & Accessories,Mia,24949,4.7,3284,Black,Mia Smart Watch Elite in Black. Designed for everyday use with adjustable and scratch resistant. Reliable jewellery & accessories choice with a practical design.,mia smart watch black adjustable scratch resistant jewellery & accessories,32,product_0099.svg
100,Classmate Calculator Classic,Office & Stationery,Classmate,18468,4.6,3415,Black,Classmate Calculator Classic in Black. Designed for everyday use with smooth writing and durable. Reliable office & stationery choice with a practical design.,classmate calculator black smooth writing durable office & stationery,13,product_0100.svg
101,Anker Portable Projector Prime,Electronics,Anker,12191,4.5,3546,Silver,Anker Portable Projector Prime in Silver. Designed for everyday use with noise cancellation and fast charging. Reliable electronics choice with a practical design.,anker portable projector silver noise cancellation fast charging electronics,30,product_0101.svg
102,Apple 5G Smartphone X,Mobiles,Apple,90731,4.4,3677,Blue,Apple 5G Smartphone X in Blue. Designed for everyday use with 5g and amoled display. Reliable mobiles choice with a practical design.,apple 5g smartphone blue 5g amoled display mobiles,11,product_0102.svg
103,HP Monitor Ultra,Computers & Accessories,HP,21651,4.3,3808,Silver,HP Monitor Ultra in Silver. Designed for everyday use with wireless and full hd. Reliable computers & accessories choice with a practical design.,hp monitor silver wireless full hd computers & accessories,28,product_0103.svg
104,Levis Slim Fit Jeans Pro,Men's Fashion,Levis,4949,4.2,3939,White,Levis Slim Fit Jeans Pro in White. Designed for everyday use with slim fit and regular fit. Reliable men's fashion choice with a practical design.,levis slim fit jeans white slim fit regular fit men's fashion,9,product_0104.svg
105,Mango Jeans Plus,Women's Fashion,Mango,6198,4.1,4070,White,Mango Jeans Plus in White. Designed for everyday use with cotton and regular fit. Reliable women's fashion choice with a practical design.,mango jeans white cotton regular fit women's fashion,26,product_0105.svg
106,Crocs Slides Max,Footwear,Crocs,10655,4.0,4201,Blue,Crocs Slides Max in Blue. Designed for everyday use with memory foam and cushioned sole. Reliable footwear choice with a practical design.,crocs slides blue memory foam cushioned sole footwear,7,product_0106.svg
107,The Body Shop Moisturizer Elite,Beauty & Personal Care,The Body Shop,586,3.9,4332,Rose,The Body Shop Moisturizer Elite in Rose. Designed for everyday use with long lasting and long lasting. Reliable beauty & personal care choice with a practical design.,the body shop moisturizer rose long lasting long lasting beauty & personal care,24,product_0107.svg
108,Borosil Storage Container Classic,Home & Kitchen,Borosil,4584,3.8,4463,Blue,Borosil Storage Container Classic in Blue. Designed for everyday use with food grade and dishwasher safe. Reliable home & kitchen choice with a practical design.,borosil storage container blue food grade dishwasher safe home & kitchen,5,product_0108.svg
109,IFB Water Heater Prime,Home Appliances,IFB,78161,3.7,4594,Silver,IFB Water Heater Prime in Silver. Designed for everyday use with inverter and smart control. Reliable home appliances choice with a practical design.,ifb water heater silver inverter smart control home appliances,22,product_0109.svg
110,Pepperfry Bookshelf X,Furniture,Pepperfry,9071,3.6,4725,Black,Pepperfry Bookshelf X in Black. Designed for everyday use with engineered wood and ergonomic. Reliable furniture choice with a practical design.,pepperfry bookshelf black engineered wood ergonomic furniture,39,product_0110.svg
111,Nike Fitness Band Ultra,Sports & Fitness,Nike,15753,3.5,4856,Green,Nike Fitness Band Ultra in Green. Designed for everyday use with water resistant and anti-slip. Reliable sports & fitness choice with a practical design.,nike fitness band green water resistant anti-slip sports & fitness,20,product_0111.svg
112,Penguin Programming Book Pro,Books,Penguin,2011,3.4,137,Red,Penguin Programming Book Pro in Red. Designed for everyday use with latest edition and latest edition. Reliable books choice with a practical design.,penguin programming book red latest edition latest edition books,37,product_0112.svg
113,LEGO Action Figure Plus,Toys & Games,LEGO,7755,3.3,268,Multi,LEGO Action Figure Plus in Multi. Designed for everyday use with family game and educational. Reliable toys & games choice with a practical design.,lego action figure multi family game educational toys & games,18,product_0113.svg
114,Goodyear Bike Helmet Max,Automotive,Goodyear,15217,3.2,399,Blue,Goodyear Bike Helmet Max in Blue. Designed for everyday use with premium quality and water resistant. Reliable automotive choice with a practical design.,goodyear bike helmet blue premium quality water resistant automotive,35,product_0114.svg
115,Amul Wheat Flour Elite,Grocery,Amul,205,5.0,530,Natural,Amul Wheat Flour Elite in Natural. Designed for everyday use with premium quality and no preservatives. Reliable grocery choice with a practical design.,amul wheat flour natural premium quality no preservatives grocery,16,product_0115.svg
116,HealthKart Vitamin Pack Classic,Health & Wellness,HealthKart,866,4.9,661,White,HealthKart Vitamin Pack Classic in White. Designed for everyday use with premium quality and lab tested. Reliable health & wellness choice with a practical design.,healthkart vitamin pack white premium quality lab tested health & wellness,33,product_0116.svg
117,Pedigree Pet Carrier Prime,Pet Supplies,Pedigree,6204,4.8,792,Red,Pedigree Pet Carrier Prime in Red. Designed for everyday use with comfortable and comfortable. Reliable pet supplies choice with a practical design.,pedigree pet carrier red comfortable comfortable pet supplies,14,product_0117.svg
118,IKEA Watering Can X,Garden & Outdoors,IKEA,322,4.7,923,White,IKEA Watering Can X in White. Designed for everyday use with lightweight and eco friendly. Reliable garden & outdoors choice with a practical design.,ikea watering can white lightweight eco friendly garden & outdoors,31,product_0118.svg
119,Mia Wallet Ultra,Jewellery & Accessories,Mia,11822,4.6,1054,Black,Mia Wallet Ultra in Black. Designed for everyday use with adjustable and scratch resistant. Reliable jewellery & accessories choice with a practical design.,mia wallet black adjustable scratch resistant jewellery & accessories,12,product_0119.svg
120,Classmate Notebook Pro,Office & Stationery,Classmate,2191,4.5,1185,Black,Classmate Notebook Pro in Black. Designed for everyday use with smooth writing and durable. Reliable office & stationery choice with a practical design.,classmate notebook black smooth writing durable office & stationery,29,product_0120.svg
121,Marshall Earbuds Plus,Electronics,Marshall,24566,4.4,1316,Silver,Marshall Earbuds Plus in Silver. Designed for everyday use with noise cancellation and bluetooth 5.3. Reliable electronics choice with a practical design.,marshall earbuds silver noise cancellation bluetooth 5.3 electronics,10,product_0121.svg
122,Nothing Budget Smartphone Max,Mobiles,Nothing,128110,4.3,1447,Blue,Nothing Budget Smartphone Max in Blue. Designed for everyday use with 5g and dual sim. Reliable mobiles choice with a practical design.,nothing budget smartphone blue 5g dual sim mobiles,27,product_0122.svg
123,Logitech Gaming Laptop Elite,Computers & Accessories,Logitech,21030,4.2,1578,Silver,Logitech Gaming Laptop Elite in Silver. Designed for everyday use with wireless and 16gb ram. Reliable computers & accessories choice with a practical design.,logitech gaming laptop silver wireless 16gb ram computers & accessories,8,product_0123.svg
124,Jack & Jones Chinos Classic,Men's Fashion,Jack & Jones,804,4.1,1709,Grey,Jack & Jones Chinos Classic in Grey. Designed for everyday use with slim fit and regular fit. Reliable men's fashion choice with a practical design.,jack & jones chinos grey slim fit regular fit men's fashion,25,product_0124.svg
125,ONLY Co-ord Set Prime,Women's Fashion,ONLY,1159,4.0,1840,Beige,ONLY Co-ord Set Prime in Beige. Designed for everyday use with cotton and regular fit. Reliable women's fashion choice with a practical design.,only co-ord set beige cotton regular fit women's fashion,6,product_0125.svg
126,Puma Walking Shoes X,Footwear,Puma,11724,3.9,1971,Blue,Puma Walking Shoes X in Blue. Designed for everyday use with memory foam and cushioned sole. Reliable footwear choice with a practical design.,puma walking shoes blue memory foam cushioned sole footwear,23,product_0126.svg
127,Maybelline Hair Dryer Ultra,Beauty & Personal Care,Maybelline,2339,3.8,2102,Rose,Maybelline Hair Dryer Ultra in Rose. Designed for everyday use with long lasting and long lasting. Reliable beauty & personal care choice with a practical design.,maybelline hair dryer rose long lasting long lasting beauty & personal care,40,product_0127.svg
128,Prestige Cookware Set Pro,Home & Kitchen,Prestige,10552,3.7,2233,Blue,Prestige Cookware Set Pro in Blue. Designed for everyday use with food grade and dishwasher safe. Reliable home & kitchen choice with a practical design.,prestige cookware set blue food grade dishwasher safe home & kitchen,21,product_0128.svg
129,Panasonic Air Purifier Plus,Home Appliances,Panasonic,61539,3.6,2364,Silver,Panasonic Air Purifier Plus in Silver. Designed for everyday use with inverter and smart control. Reliable home appliances choice with a practical design.,panasonic air purifier silver inverter smart control home appliances,38,product_0129.svg
130,HomeTown TV Unit Max,Furniture,HomeTown,23448,3.5,2495,Grey,HomeTown TV Unit Max in Grey. Designed for everyday use with engineered wood and ergonomic. Reliable furniture choice with a practical design.,hometown tv unit grey engineered wood ergonomic furniture,19,product_0130.svg
131,Cosco Cricket Bat Elite,Sports & Fitness,Cosco,1422,3.4,2626,Green,Cosco Cricket Bat Elite in Green. Designed for everyday use with water resistant and anti-slip. Reliable sports & fitness choice with a practical design.,cosco cricket bat green water resistant anti-slip sports & fitness,36,product_0131.svg
132,Penguin Business Book Classic,Books,Penguin,734,3.3,2757,Red,Penguin Business Book Classic in Red. Designed for everyday use with latest edition and latest edition. Reliable books choice with a practical design.,penguin business book red latest edition latest edition books,17,product_0132.svg
133,LEGO Toy Gun Prime,Toys & Games,LEGO,368,3.2,2888,Multi,LEGO Toy Gun Prime in Multi. Designed for everyday use with family game and educational. Reliable toys & games choice with a practical design.,lego toy gun multi family game educational toys & games,34,product_0133.svg
134,Castrol LED Headlight X,Automotive,Castrol,7088,5.0,3019,Blue,Castrol LED Headlight X in Blue. Designed for everyday use with premium quality and water resistant. Reliable automotive choice with a practical design.,castrol led headlight blue premium quality water resistant automotive,15,product_0134.svg
135,Aashirvaad Biscuits Ultra,Grocery,Aashirvaad,802,4.9,3150,Natural,Aashirvaad Biscuits Ultra in Natural. Designed for everyday use with premium quality and no preservatives. Reliable grocery choice with a practical design.,aashirvaad biscuits natural premium quality no preservatives grocery,32,product_0135.svg
136,Patanjali First Aid Kit Pro,Health & Wellness,Patanjali,5123,4.8,3281,White,Patanjali First Aid Kit Pro in White. Designed for everyday use with premium quality and lab tested. Reliable health & wellness choice with a practical design.,patanjali first aid kit white premium quality lab tested health & wellness,13,product_0136.svg
137,Pedigree Leash Plus,Pet Supplies,Pedigree,763,4.7,3412,Red,Pedigree Leash Plus in Red. Designed for everyday use with comfortable and comfortable. Reliable pet supplies choice with a practical design.,pedigree leash red comfortable comfortable pet supplies,30,product_0137.svg
138,Ugaoo Pruning Shears Max,Garden & Outdoors,Ugaoo,1682,4.6,3543,White,Ugaoo Pruning Shears Max in White. Designed for everyday use with lightweight and eco friendly. Reliable garden & outdoors choice with a practical design.,ugaoo pruning shears white lightweight eco friendly garden & outdoors,11,product_0138.svg
139,Mia Smart Watch Elite,Jewellery & Accessories,Mia,23196,4.5,3674,Black,Mia Smart Watch Elite in Black. Designed for everyday use with adjustable and scratch resistant. Reliable jewellery & accessories choice with a practical design.,mia smart watch black adjustable scratch resistant jewellery & accessories,28,product_0139.svg
140,Classmate Calculator Classic,Office & Stationery,Classmate,10865,4.4,3805,Black,Classmate Calculator Classic in Black. Designed for everyday use with smooth writing and durable. Reliable office & stationery choice with a practical design.,classmate calculator black smooth writing durable office & stationery,9,product_0140.svg
141,Anker Portable Projector Prime,Electronics,Anker,7740,4.3,3936,Silver,Anker Portable Projector Prime in Silver. Designed for everyday use with noise cancellation and hi-fi audio. Reliable electronics choice with a practical design.,anker portable projector silver noise cancellation hi-fi audio electronics,26,product_0141.svg
142,Apple Camera Phone X,Mobiles,Apple,44488,4.2,4067,Blue,Apple Camera Phone X in Blue. Designed for everyday use with 5g and fast charging. Reliable mobiles choice with a practical design.,apple camera phone blue 5g fast charging mobiles,7,product_0142.svg
143,HP Monitor Ultra,Computers & Accessories,HP,20409,4.1,4198,Silver,HP Monitor Ultra in Silver. Designed for everyday use with wireless and backlit. Reliable computers & accessories choice with a practical design.,hp monitor silver wireless backlit computers & accessories,24,product_0143.svg
144,Levis Slim Fit Jeans Pro,Men's Fashion,Levis,3160,4.0,4329,Black,Levis Slim Fit Jeans Pro in Black. Designed for everyday use with slim fit and regular fit. Reliable men's fashion choice with a practical design.,levis slim fit jeans black slim fit regular fit men's fashion,5,product_0144.svg
145,Mango Jeans Plus,Women's Fashion,Mango,4721,3.9,4460,Pink,Mango Jeans Plus in Pink. Designed for everyday use with cotton and regular fit. Reliable women's fashion choice with a practical design.,mango jeans pink cotton regular fit women's fashion,22,product_0145.svg
146,Crocs Slides Max,Footwear,Crocs,12793,3.8,4591,Blue,Crocs Slides Max in Blue. Designed for everyday use with memory foam and cushioned sole. Reliable footwear choice with a practical design.,crocs slides blue memory foam cushioned sole footwear,39,product_0146.svg
147,The Body Shop Moisturizer Elite,Beauty & Personal Care,The Body Shop,4092,3.7,4722,Rose,The Body Shop Moisturizer Elite in Rose. Designed for everyday use with long lasting and long lasting. Reliable beauty & personal care choice with a practical design.,the body shop moisturizer rose long lasting long lasting beauty & personal care,20,product_0147.svg
148,Borosil Storage Container Classic,Home & Kitchen,Borosil,3819,3.6,4853,Blue,Borosil Storage Container Classic in Blue. Designed for everyday use with food grade and dishwasher safe. Reliable home & kitchen choice with a practical design.,borosil storage container blue food grade dishwasher safe home & kitchen,37,product_0148.svg
149,IFB Water Heater Prime,Home Appliances,IFB,44917,3.5,134,Silver,IFB Water Heater Prime in Silver. Designed for everyday use with inverter and smart control. Reliable home appliances choice with a practical design.,ifb water heater silver inverter smart control home appliances,18,product_0149.svg
150,IKEA Bookshelf X,Furniture,IKEA,37825,3.4,265,Walnut,IKEA Bookshelf X in Walnut. Designed for everyday use with engineered wood and ergonomic. Reliable furniture choice with a practical design.,ikea bookshelf walnut engineered wood ergonomic furniture,35,product_0150.svg
151,Nike Fitness Band Ultra,Sports & Fitness,Nike,2792,3.3,396,Green,Nike Fitness Band Ultra in Green. Designed for everyday use with water resistant and anti-slip. Reliable sports & fitness choice with a practical design.,nike fitness band green water resistant anti-slip sports & fitness,16,product_0151.svg
152,Penguin Programming Book Pro,Books,Penguin,2258,3.2,527,Red,Penguin Programming Book Pro in Red. Designed for everyday use with latest edition and latest edition. Reliable books choice with a practical design.,penguin programming book red latest edition latest edition books,33,product_0152.svg
153,LEGO Action Figure Plus,Toys & Games,LEGO,2732,5.0,658,Multi,LEGO Action Figure Plus in Multi. Designed for everyday use with family game and educational. Reliable toys & games choice with a practical design.,lego action figure multi family game educational toys & games,14,product_0153.svg
154,Goodyear Bike Helmet Max,Automotive,Goodyear,17460,4.9,789,Blue,Goodyear Bike Helmet Max in Blue. Designed for everyday use with premium quality and water resistant. Reliable automotive choice with a practical design.,goodyear bike helmet blue premium quality water resistant automotive,31,product_0154.svg
155,Amul Wheat Flour Elite,Grocery,Amul,1399,4.8,920,Natural,Amul Wheat Flour Elite in Natural. Designed for everyday use with premium quality and no preservatives. Reliable grocery choice with a practical design.,amul wheat flour natural premium quality no preservatives grocery,12,product_0155.svg
156,Himalaya Protein Powder Classic,Health & Wellness,Himalaya,2679,4.7,1051,White,Himalaya Protein Powder Classic in White. Designed for everyday use with premium quality and lab tested. Reliable health & wellness choice with a practical design.,himalaya protein powder white premium quality lab tested health & wellness,29,product_0156.svg
157,Pedigree Pet Carrier Prime,Pet Supplies,Pedigree,3123,4.6,1182,Red,Pedigree Pet Carrier Prime in Red. Designed for everyday use with comfortable and comfortable. Reliable pet supplies choice with a practical design.,pedigree pet carrier red comfortable comfortable pet supplies,10,product_0157.svg
158,Kraft Seeds Plant Seeds X,Garden & Outdoors,Kraft Seeds,3042,4.5,1313,White,Kraft Seeds Plant Seeds X in White. Designed for everyday use with lightweight and eco friendly. Reliable garden & outdoors choice with a practical design.,kraft seeds plant seeds white lightweight eco friendly garden & outdoors,27,product_0158.svg
159,Mia Wallet Ultra,Jewellery & Accessories,Mia,10069,4.4,1444,Black,Mia Wallet Ultra in Black. Designed for everyday use with adjustable and scratch resistant. Reliable jewellery & accessories choice with a practical design.,mia wallet black adjustable scratch resistant jewellery & accessories,8,product_0159.svg
160,Classmate Notebook Pro,Office & Stationery,Classmate,19539,4.3,1575,Black,Classmate Notebook Pro in Black. Designed for everyday use with smooth writing and durable. Reliable office & stationery choice with a practical design.,classmate notebook black smooth writing durable office & stationery,25,product_0160.svg
161,Marshall Earbuds Plus,Electronics,Marshall,20115,4.2,1706,Silver,Marshall Earbuds Plus in Silver. Designed for everyday use with noise cancellation and fast charging. Reliable electronics choice with a practical design.,marshall earbuds silver noise cancellation fast charging electronics,6,product_0161.svg
162,Nothing 5G Smartphone Max,Mobiles,Nothing,81867,4.1,1837,Blue,Nothing 5G Smartphone Max in Blue. Designed for everyday use with 5g and amoled display. Reliable mobiles choice with a practical design.,nothing 5g smartphone blue 5g amoled display mobiles,23,product_0162.svg
163,Logitech Gaming Laptop Elite,Computers & Accessories,Logitech,19788,4.0,1968,Silver,Logitech Gaming Laptop Elite in Silver. Designed for everyday use with wireless and full hd. Reliable computers & accessories choice with a practical design.,logitech gaming laptop silver wireless full hd computers & accessories,40,product_0163.svg
164,Jack & Jones Chinos Classic,Men's Fashion,Jack & Jones,5516,3.9,2099,White,Jack & Jones Chinos Classic in White. Designed for everyday use with slim fit and regular fit. Reliable men's fashion choice with a practical design.,jack & jones chinos white slim fit regular fit men's fashion,21,product_0164.svg
165,ONLY Co-ord Set Prime,Women's Fashion,ONLY,8283,3.8,2230,White,ONLY Co-ord Set Prime in White. Designed for everyday use with cotton and regular fit. Reliable women's fashion choice with a practical design.,only co-ord set white cotton regular fit women's fashion,38,product_0165.svg
166,Puma Walking Shoes X,Footwear,Puma,13862,3.7,2361,Blue,Puma Walking Shoes X in Blue. Designed for everyday use with memory foam and cushioned sole. Reliable footwear choice with a practical design.,puma walking shoes blue memory foam cushioned sole footwear,19,product_0166.svg
167,Maybelline Hair Dryer Ultra,Beauty & Personal Care,Maybelline,5845,3.6,2492,Rose,Maybelline Hair Dryer Ultra in Rose. Designed for everyday use with long lasting and long lasting. Reliable beauty & personal care choice with a practical design.,maybelline hair dryer rose long lasting long lasting beauty & personal care,36,product_0167.svg
168,Prestige Cookware Set Pro,Home & Kitchen,Prestige,9787,3.5,2623,Blue,Prestige Cookware Set Pro in Blue. Designed for everyday use with food grade and dishwasher safe. Reliable home & kitchen choice with a practical design.,prestige cookware set blue food grade dishwasher safe home & kitchen,17,product_0168.svg
169,Panasonic Air Purifier Plus,Home Appliances,Panasonic,28295,3.4,2754,Silver,Panasonic Air Purifier Plus in Silver. Designed for everyday use with inverter and smart control. Reliable home appliances choice with a practical design.,panasonic air purifier silver inverter smart control home appliances,34,product_0169.svg
170,Pepperfry TV Unit Max,Furniture,Pepperfry,4201,3.3,2885,Black,Pepperfry TV Unit Max in Black. Designed for everyday use with engineered wood and ergonomic. Reliable furniture choice with a practical design.,pepperfry tv unit black engineered wood ergonomic furniture,15,product_0170.svg
171,Cosco Cricket Bat Elite,Sports & Fitness,Cosco,4162,3.2,3016,Green,Cosco Cricket Bat Elite in Green. Designed for everyday use with water resistant and anti-slip. Reliable sports & fitness choice with a practical design.,cosco cricket bat green water resistant anti-slip sports & fitness,32,product_0171.svg
172,Penguin Business Book Classic,Books,Penguin,981,5.0,3147,Red,Penguin Business Book Classic in Red. Designed for everyday use with latest edition and latest edition. Reliable books choice with a practical design.,penguin business book red latest edition latest edition books,13,product_0172.svg
173,LEGO Toy Gun Prime,Toys & Games,LEGO,5096,4.9,3278,Multi,LEGO Toy Gun Prime in Multi. Designed for everyday use with family game and educational. Reliable toys & games choice with a practical design.,lego toy gun multi family game educational toys & games,30,product_0173.svg
174,Castrol LED Headlight X,Automotive,Castrol,9331,4.8,3409,Blue,Castrol LED Headlight X in Blue. Designed for everyday use with premium quality and water resistant. Reliable automotive choice with a practical design.,castrol led headlight blue premium quality water resistant automotive,11,product_0174.svg
175,Aashirvaad Biscuits Ultra,Grocery,Aashirvaad,1996,4.7,3540,Natural,Aashirvaad Biscuits Ultra in Natural. Designed for everyday use with premium quality and no preservatives. Reliable grocery choice with a practical design.,aashirvaad biscuits natural premium quality no preservatives grocery,28,product_0175.svg
176,HealthKart Digital Weighing Scale Pro,Health & Wellness,HealthKart,6936,4.6,3671,White,HealthKart Digital Weighing Scale Pro in White. Designed for everyday use with premium quality and lab tested. Reliable health & wellness choice with a practical design.,healthkart digital weighing scale white premium quality lab tested health & wellness,9,product_0176.svg
177,Pedigree Leash Plus,Pet Supplies,Pedigree,5483,4.5,3802,Red,Pedigree Leash Plus in Red. Designed for everyday use with comfortable and comfortable. Reliable pet supplies choice with a practical design.,pedigree leash red comfortable comfortable pet supplies,26,product_0177.svg
178,IKEA LED Garden Light Max,Garden & Outdoors,IKEA,4402,4.4,3933,White,IKEA LED Garden Light Max in White. Designed for everyday use with lightweight and eco friendly. Reliable garden & outdoors choice with a practical design.,ikea led garden light white lightweight eco friendly garden & outdoors,7,product_0178.svg
179,Mia Smart Watch Elite,Jewellery & Accessories,Mia,21443,4.3,4064,Black,Mia Smart Watch Elite in Black. Designed for everyday use with adjustable and scratch resistant. Reliable jewellery & accessories choice with a practical design.,mia smart watch black adjustable scratch resistant jewellery & accessories,24,product_0179.svg
180,Classmate Calculator Classic,Office & Stationery,Classmate,3262,4.2,4195,Black,Classmate Calculator Classic in Black. Designed for everyday use with smooth writing and durable. Reliable office & stationery choice with a practical design.,classmate calculator black smooth writing durable office & stationery,5,product_0180.svg
181,Anker Portable Projector Prime,Electronics,Anker,3289,4.1,4326,Silver,Anker Portable Projector Prime in Silver. Designed for everyday use with noise cancellation and bluetooth 5.3. Reliable electronics choice with a practical design.,anker portable projector silver noise cancellation bluetooth 5.3 electronics,22,product_0181.svg
182,Apple Budget Smartphone X,Mobiles,Apple,119246,4.0,4457,Blue,Apple Budget Smartphone X in Blue. Designed for everyday use with 5g and dual sim. Reliable mobiles choice with a practical design.,apple budget smartphone blue 5g dual sim mobiles,39,product_0182.svg
183,HP Monitor Ultra,Computers & Accessories,HP,19167,3.9,4588,Silver,HP Monitor Ultra in Silver. Designed for everyday use with wireless and 16gb ram. Reliable computers & accessories choice with a practical design.,hp monitor silver wireless 16gb ram computers & accessories,20,product_0183.svg
184,Levis Slim Fit Jeans Pro,Men's Fashion,Levis,1371,3.8,4719,Grey,Levis Slim Fit Jeans Pro in Grey. Designed for everyday use with slim fit and regular fit. Reliable men's fashion choice with a practical design.,levis slim fit jeans grey slim fit regular fit men's fashion,37,product_0184.svg
185,Mango Jeans Plus,Women's Fashion,Mango,3244,3.7,4850,Beige,Mango Jeans Plus in Beige. Designed for everyday use with cotton and regular fit. Reliable women's fashion choice with a practical design.,mango jeans beige cotton regular fit women's fashion,18,product_0185.svg
186,Crocs Slides Max,Footwear,Crocs,14931,3.6,131,Blue,Crocs Slides Max in Blue. Designed for everyday use with memory foam and cushioned sole. Reliable footwear choice with a practical design.,crocs slides blue memory foam cushioned sole footwear,35,product_0186.svg
187,The Body Shop Moisturizer Elite,Beauty & Personal Care,The Body Shop,1797,3.5,262,Rose,The Body Shop Moisturizer Elite in Rose. Designed for everyday use with long lasting and long lasting. Reliable beauty & personal care choice with a practical design.,the body shop moisturizer rose long lasting long lasting beauty & personal care,16,product_0187.svg
188,Borosil Storage Container Classic,Home & Kitchen,Borosil,3054,3.4,393,Blue,Borosil Storage Container Classic in Blue. Designed for everyday use with food grade and dishwasher safe. Reliable home & kitchen choice with a practical design.,borosil storage container blue food grade dishwasher safe home & kitchen,33,product_0188.svg
189,IFB Water Heater Prime,Home Appliances,IFB,11673,3.3,524,Silver,IFB Water Heater Prime in Silver. Designed for everyday use with inverter and smart control. Reliable home appliances choice with a practical design.,ifb water heater silver inverter smart control home appliances,14,product_0189.svg
190,HomeTown Bookshelf X,Furniture,HomeTown,18578,3.2,655,Grey,HomeTown Bookshelf X in Grey. Designed for everyday use with engineered wood and ergonomic. Reliable furniture choice with a practical design.,hometown bookshelf grey engineered wood ergonomic furniture,31,product_0190.svg
191,Nike Fitness Band Ultra,Sports & Fitness,Nike,5532,5.0,786,Green,Nike Fitness Band Ultra in Green. Designed for everyday use with water resistant and anti-slip. Reliable sports & fitness choice with a practical design.,nike fitness band green water resistant anti-slip sports & fitness,12,product_0191.svg
192,Penguin Programming Book Pro,Books,Penguin,2505,4.9,917,Red,Penguin Programming Book Pro in Red. Designed for everyday use with latest edition and latest edition. Reliable books choice with a practical design.,penguin programming book red latest edition latest edition books,29,product_0192.svg
193,LEGO Action Figure Plus,Toys & Games,LEGO,7460,4.8,1048,Multi,LEGO Action Figure Plus in Multi. Designed for everyday use with family game and educational. Reliable toys & games choice with a practical design.,lego action figure multi family game educational toys & games,10,product_0193.svg
194,Goodyear Bike Helmet Max,Automotive,Goodyear,1202,4.7,1179,Blue,Goodyear Bike Helmet Max in Blue. Designed for everyday use with premium quality and water resistant. Reliable automotive choice with a practical design.,goodyear bike helmet blue premium quality water resistant automotive,27,product_0194.svg
195,Amul Wheat Flour Elite,Grocery,Amul,692,4.6,1310,Natural,Amul Wheat Flour Elite in Natural. Designed for everyday use with premium quality and no preservatives. Reliable grocery choice with a practical design.,amul wheat flour natural premium quality no preservatives grocery,8,product_0195.svg
196,Patanjali Herbal Tea Classic,Health & Wellness,Patanjali,4492,4.5,1441,White,Patanjali Herbal Tea Classic in White. Designed for everyday use with premium quality and lab tested. Reliable health & wellness choice with a practical design.,patanjali herbal tea white premium quality lab tested health & wellness,25,product_0196.svg
197,Pedigree Pet Carrier Prime,Pet Supplies,Pedigree,7843,4.4,1572,Red,Pedigree Pet Carrier Prime in Red. Designed for everyday use with comfortable and comfortable. Reliable pet supplies choice with a practical design.,pedigree pet carrier red comfortable comfortable pet supplies,6,product_0197.svg
198,Ugaoo Garden Tool Set X,Garden & Outdoors,Ugaoo,5762,4.3,1703,White,Ugaoo Garden Tool Set X in White. Designed for everyday use with lightweight and eco friendly. Reliable garden & outdoors choice with a practical design.,ugaoo garden tool set white lightweight eco friendly garden & outdoors,23,product_0198.svg
199,Mia Wallet Ultra,Jewellery & Accessories,Mia,8316,4.2,1834,Black,Mia Wallet Ultra in Black. Designed for everyday use with adjustable and scratch resistant. Reliable jewellery & accessories choice with a practical design.,mia wallet black adjustable scratch resistant jewellery & accessories,40,product_0199.svg
200,Classmate Notebook Pro,Office & Stationery,Classmate,11936,4.1,1965,Black,Classmate Notebook Pro in Black. Designed for everyday use with smooth writing and durable. Reliable office & stationery choice with a practical design.,classmate notebook black smooth writing durable office & stationery,21,product_0200.svg
201,Marshall Earbuds Plus,Electronics,Marshall,15664,4.0,2096,Silver,Marshall Earbuds Plus in Silver. Designed for everyday use with noise cancellation and hi-fi audio. Reliable electronics choice with a practical design.,marshall earbuds silver noise cancellation hi-fi audio electronics,38,product_0201.svg
202,Nothing Camera Phone Max,Mobiles,Nothing,35624,3.9,2227,Blue,Nothing Camera Phone Max in Blue. Designed for everyday use with 5g and fast charging. Reliable mobiles choice with a practical design.,nothing camera phone blue 5g fast charging mobiles,19,product_0202.svg
203,Logitech Gaming Laptop Elite,Computers & Accessories,Logitech,18546,3.8,2358,Silver,Logitech Gaming Laptop Elite in Silver. Designed for everyday use with wireless and backlit. Reliable computers & accessories choice with a practical design.,logitech gaming laptop silver wireless backlit computers & accessories,36,product_0203.svg
204,Jack & Jones Chinos Classic,Men's Fashion,Jack & Jones,3727,3.7,2489,Black,Jack & Jones Chinos Classic in Black. Designed for everyday use with slim fit and regular fit. Reliable men's fashion choice with a practical design.,jack & jones chinos black slim fit regular fit men's fashion,17,product_0204.svg
205,ONLY Co-ord Set Prime,Women's Fashion,ONLY,6806,3.6,2620,Pink,ONLY Co-ord Set Prime in Pink. Designed for everyday use with cotton and regular fit. Reliable women's fashion choice with a practical design.,only co-ord set pink cotton regular fit women's fashion,34,product_0205.svg
206,Puma Walking Shoes X,Footwear,Puma,1699,3.5,2751,Blue,Puma Walking Shoes X in Blue. Designed for everyday use with memory foam and cushioned sole. Reliable footwear choice with a practical design.,puma walking shoes blue memory foam cushioned sole footwear,15,product_0206.svg
207,Maybelline Hair Dryer Ultra,Beauty & Personal Care,Maybelline,3550,3.4,2882,Rose,Maybelline Hair Dryer Ultra in Rose. Designed for everyday use with long lasting and long lasting. Reliable beauty & personal care choice with a practical design.,maybelline hair dryer rose long lasting long lasting beauty & personal care,32,product_0207.svg
208,Prestige Cookware Set Pro,Home & Kitchen,Prestige,9022,3.3,3013,Blue,Prestige Cookware Set Pro in Blue. Designed for everyday use with food grade and dishwasher safe. Reliable home & kitchen choice with a practical design.,prestige cookware set blue food grade dishwasher safe home & kitchen,13,product_0208.svg
209,Panasonic Air Purifier Plus,Home Appliances,Panasonic,82552,3.2,3144,Silver,Panasonic Air Purifier Plus in Silver. Designed for everyday use with inverter and smart control. Reliable home appliances choice with a practical design.,panasonic air purifier silver inverter smart control home appliances,30,product_0209.svg
210,IKEA TV Unit Max,Furniture,IKEA,32955,5.0,3275,Walnut,IKEA TV Unit Max in Walnut. Designed for everyday use with engineered wood and ergonomic. Reliable furniture choice with a practical design.,ikea tv unit walnut engineered wood ergonomic furniture,11,product_0210.svg
211,Cosco Cricket Bat Elite,Sports & Fitness,Cosco,6902,4.9,3406,Green,Cosco Cricket Bat Elite in Green. Designed for everyday use with water resistant and anti-slip. Reliable sports & fitness choice with a practical design.,cosco cricket bat green water resistant anti-slip sports & fitness,28,product_0211.svg
212,Penguin Business Book Classic,Books,Penguin,1228,4.8,3537,Red,Penguin Business Book Classic in Red. Designed for everyday use with latest edition and latest edition. Reliable books choice with a practical design.,penguin business book red latest edition latest edition books,9,product_0212.svg
213,LEGO Toy Gun Prime,Toys & Games,LEGO,9824,4.7,3668,Multi,LEGO Toy Gun Prime in Multi. Designed for everyday use with family game and educational. Reliable toys & games choice with a practical design.,lego toy gun multi family game educational toys & games,26,product_0213.svg
214,Castrol LED Headlight X,Automotive,Castrol,11574,4.6,3799,Blue,Castrol LED Headlight X in Blue. Designed for everyday use with premium quality and water resistant. Reliable automotive choice with a practical design.,castrol led headlight blue premium quality water resistant automotive,7,product_0214.svg
215,Aashirvaad Biscuits Ultra,Grocery,Aashirvaad,1289,4.5,3930,Natural,Aashirvaad Biscuits Ultra in Natural. Designed for everyday use with premium quality and no preservatives. Reliable grocery choice with a practical design.,aashirvaad biscuits natural premium quality no preservatives grocery,24,product_0215.svg
216,Himalaya Massage Gun Pro,Health & Wellness,Himalaya,2048,4.4,4061,White,Himalaya Massage Gun Pro in White. Designed for everyday use with premium quality and lab tested. Reliable health & wellness choice with a practical design.,himalaya massage gun white premium quality lab tested health & wellness,5,product_0216.svg
217,Pedigree Leash Plus,Pet Supplies,Pedigree,2402,4.3,4192,Red,Pedigree Leash Plus in Red. Designed for everyday use with comfortable and comfortable. Reliable pet supplies choice with a practical design.,pedigree leash red comfortable comfortable pet supplies,22,product_0217.svg
218,Kraft Seeds Outdoor Chair Max,Garden & Outdoors,Kraft Seeds,7122,4.2,4323,White,Kraft Seeds Outdoor Chair Max in White. Designed for everyday use with lightweight and eco friendly. Reliable garden & outdoors choice with a practical design.,kraft seeds outdoor chair white lightweight eco friendly garden & outdoors,39,product_0218.svg
219,Mia Smart Watch Elite,Jewellery & Accessories,Mia,19690,4.1,4454,Black,Mia Smart Watch Elite in Black. Designed for everyday use with adjustable and scratch resistant. Reliable jewellery & accessories choice with a practical design.,mia smart watch black adjustable scratch resistant jewellery & accessories,20,product_0219.svg
220,Classmate Calculator Classic,Office & Stationery,Classmate,20610,4.0,4585,Black,Classmate Calculator Classic in Black. Designed for everyday use with smooth writing and durable. Reliable office & stationery choice with a practical design.,classmate calculator black smooth writing durable office & stationery,37,product_0220.svg
221,Anker Portable Projector Prime,Electronics,Anker,28039,3.9,4716,Silver,Anker Portable Projector Prime in Silver. Designed for everyday use with noise cancellation and fast charging. Reliable electronics choice with a practical design.,anker portable projector silver noise cancellation fast charging electronics,18,product_0221.svg
222,Apple 5G Smartphone X,Mobiles,Apple,73003,3.8,4847,Blue,Apple 5G Smartphone X in Blue. Designed for everyday use with 5g and amoled display. Reliable mobiles choice with a practical design.,apple 5g smartphone blue 5g amoled display mobiles,35,product_0222.svg
223,HP Monitor Ultra,Computers & Accessories,HP,17925,3.7,128,Silver,HP Monitor Ultra in Silver. Designed for everyday use with wireless and full hd. Reliable computers & accessories choice with a practical design.,hp monitor silver wireless full hd computers & accessories,16,product_0223.svg
224,Levis Slim Fit Jeans Pro,Men's Fashion,Levis,6083,3.6,259,White,Levis Slim Fit Jeans Pro in White. Designed for everyday use with slim fit and regular fit. Reliable men's fashion choice with a practical design.,levis slim fit jeans white slim fit regular fit men's fashion,33,product_0224.svg
225,Mango Jeans Plus,Women's Fashion,Mango,1767,3.5,390,White,Mango Jeans Plus in White. Designed for everyday use with cotton and regular fit. Reliable women's fashion choice with a practical design.,mango jeans white cotton regular fit women's fashion,14,product_0225.svg
226,Crocs Slides Max,Footwear,Crocs,2768,3.4,521,Blue,Crocs Slides Max in Blue. Designed for everyday use with memory foam and cushioned sole. Reliable footwear choice with a practical design.,crocs slides blue memory foam cushioned sole footwear,31,product_0226.svg
227,The Body Shop Moisturizer Elite,Beauty & Personal Care,The Body Shop,5303,3.3,652,Rose,The Body Shop Moisturizer Elite in Rose. Designed for everyday use with long lasting and long lasting. Reliable beauty & personal care choice with a practical design.,the body shop moisturizer rose long lasting long lasting beauty & personal care,12,product_0227.svg
228,Borosil Storage Container Classic,Home & Kitchen,Borosil,2289,3.2,783,Blue,Borosil Storage Container Classic in Blue. Designed for everyday use with food grade and dishwasher safe. Reliable home & kitchen choice with a practical design.,borosil storage container blue food grade dishwasher safe home & kitchen,29,product_0228.svg
229,IFB Water Heater Prime,Home Appliances,IFB,65930,5.0,914,Silver,IFB Water Heater Prime in Silver. Designed for everyday use with inverter and smart control. Reliable home appliances choice with a practical design.,ifb water heater silver inverter smart control home appliances,10,product_0229.svg
230,Pepperfry Bookshelf X,Furniture,Pepperfry,47332,4.9,1045,Black,Pepperfry Bookshelf X in Black. Designed for everyday use with engineered wood and ergonomic. Reliable furniture choice with a practical design.,pepperfry bookshelf black engineered wood ergonomic furniture,27,product_0230.svg
231,Nike Fitness Band Ultra,Sports & Fitness,Nike,8272,4.8,1176,Green,Nike Fitness Band Ultra in Green. Designed for everyday use with water resistant and anti-slip. Reliable sports & fitness choice with a practical design.,nike fitness band green water resistant anti-slip sports & fitness,8,product_0231.svg
232,Penguin Programming Book Pro,Books,Penguin,2752,4.7,1307,Red,Penguin Programming Book Pro in Red. Designed for everyday use with latest edition and latest edition. Reliable books choice with a practical design.,penguin programming book red latest edition latest edition books,25,product_0232.svg
233,LEGO Action Figure Plus,Toys & Games,LEGO,2437,4.6,1438,Multi,LEGO Action Figure Plus in Multi. Designed for everyday use with family game and educational. Reliable toys & games choice with a practical design.,lego action figure multi family game educational toys & games,6,product_0233.svg
234,Goodyear Bike Helmet Max,Automotive,Goodyear,3445,4.5,1569,Blue,Goodyear Bike Helmet Max in Blue. Designed for everyday use with premium quality and water resistant. Reliable automotive choice with a practical design.,goodyear bike helmet blue premium quality water resistant automotive,23,product_0234.svg
235,Amul Wheat Flour Elite,Grocery,Amul,1886,4.4,1700,Natural,Amul Wheat Flour Elite in Natural. Designed for everyday use with premium quality and no preservatives. Reliable grocery choice with a practical design.,amul wheat flour natural premium quality no preservatives grocery,40,product_0235.svg
236,HealthKart Foam Roller Classic,Health & Wellness,HealthKart,6305,4.3,1831,White,HealthKart Foam Roller Classic in White. Designed for everyday use with premium quality and lab tested. Reliable health & wellness choice with a practical design.,healthkart foam roller white premium quality lab tested health & wellness,21,product_0236.svg
237,Pedigree Pet Carrier Prime,Pet Supplies,Pedigree,4762,4.2,1962,Red,Pedigree Pet Carrier Prime in Red. Designed for everyday use with comfortable and comfortable. Reliable pet supplies choice with a practical design.,pedigree pet carrier red comfortable comfortable pet supplies,38,product_0237.svg
238,IKEA Planter X,Garden & Outdoors,IKEA,631,4.1,2093,White,IKEA Planter X in White. Designed for everyday use with lightweight and eco friendly. Reliable garden & outdoors choice with a practical design.,ikea planter white lightweight eco friendly garden & outdoors,19,product_0238.svg
239,Mia Wallet Ultra,Jewellery & Accessories,Mia,6563,4.0,2224,Black,Mia Wallet Ultra in Black. Designed for everyday use with adjustable and scratch resistant. Reliable jewellery & accessories choice with a practical design.,mia wallet black adjustable scratch resistant jewellery & accessories,36,product_0239.svg
240,Classmate Notebook Pro,Office & Stationery,Classmate,4333,3.9,2355,Black,Classmate Notebook Pro in Black. Designed for everyday use with smooth writing and durable. Reliable office & stationery choice with a practical design.,classmate notebook black smooth writing durable office & stationery,17,product_0240.svg
241,Marshall Earbuds Plus,Electronics,Marshall,11213,3.8,2486,Silver,Marshall Earbuds Plus in Silver. Designed for everyday use with noise cancellation and bluetooth 5.3. Reliable electronics choice with a practical design.,marshall earbuds silver noise cancellation bluetooth 5.3 electronics,34,product_0241.svg
242,Nothing Budget Smartphone Max,Mobiles,Nothing,110382,3.7,2617,Blue,Nothing Budget Smartphone Max in Blue. Designed for everyday use with 5g and dual sim. Reliable mobiles choice with a practical design.,nothing budget smartphone blue 5g dual sim mobiles,15,product_0242.svg
243,Logitech Gaming Laptop Elite,Computers & Accessories,Logitech,17304,3.6,2748,Silver,Logitech Gaming Laptop Elite in Silver. Designed for everyday use with wireless and 16gb ram. Reliable computers & accessories choice with a practical design.,logitech gaming laptop silver wireless 16gb ram computers & accessories,32,product_0243.svg
244,Jack & Jones Chinos Classic,Men's Fashion,Jack & Jones,1938,3.5,2879,Grey,Jack & Jones Chinos Classic in Grey. Designed for everyday use with slim fit and regular fit. Reliable men's fashion choice with a practical design.,jack & jones chinos grey slim fit regular fit men's fashion,13,product_0244.svg
245,ONLY Co-ord Set Prime,Women's Fashion,ONLY,5329,3.4,3010,Beige,ONLY Co-ord Set Prime in Beige. Designed for everyday use with cotton and regular fit. Reliable women's fashion choice with a practical design.,only co-ord set beige cotton regular fit women's fashion,30,product_0245.svg
246,Puma Walking Shoes X,Footwear,Puma,3837,3.3,3141,Blue,Puma Walking Shoes X in Blue. Designed for everyday use with memory foam and cushioned sole. Reliable footwear choice with a practical design.,puma walking shoes blue memory foam cushioned sole footwear,11,product_0246.svg
247,Maybelline Hair Dryer Ultra,Beauty & Personal Care,Maybelline,1255,3.2,3272,Rose,Maybelline Hair Dryer Ultra in Rose. Designed for everyday use with long lasting and long lasting. Reliable beauty & personal care choice with a practical design.,maybelline hair dryer rose long lasting long lasting beauty & personal care,28,product_0247.svg
248,Prestige Cookware Set Pro,Home & Kitchen,Prestige,8257,5.0,3403,Blue,Prestige Cookware Set Pro in Blue. Designed for everyday use with food grade and dishwasher safe. Reliable home & kitchen choice with a practical design.,prestige cookware set blue food grade dishwasher safe home & kitchen,9,product_0248.svg
249,Panasonic Air Purifier Plus,Home Appliances,Panasonic,49308,4.9,3534,Silver,Panasonic Air Purifier Plus in Silver. Designed for everyday use with inverter and smart control. Reliable home appliances choice with a practical design.,panasonic air purifier silver inverter smart control home appliances,26,product_0249.svg
250,HomeTown TV Unit Max,Furniture,HomeTown,13708,4.8,3665,Grey,HomeTown TV Unit Max in Grey. Designed for everyday use with engineered wood and ergonomic. Reliable furniture choice with a practical design.,hometown tv unit grey engineered wood ergonomic furniture,7,product_0250.svg
251,Cosco Cricket Bat Elite,Sports & Fitness,Cosco,9642,4.7,3796,Green,Cosco Cricket Bat Elite in Green. Designed for everyday use with water resistant and anti-slip. Reliable sports & fitness choice with a practical design.,cosco cricket bat green water resistant anti-slip sports & fitness,24,product_0251.svg
252,Penguin Business Book Classic,Books,Penguin,1475,4.6,3927,Red,Penguin Business Book Classic in Red. Designed for everyday use with latest edition and latest edition. Reliable books choice with a practical design.,penguin business book red latest edition latest edition books,5,product_0252.svg
253,LEGO Toy Gun Prime,Toys & Games,LEGO,4801,4.5,4058,Multi,LEGO Toy Gun Prime in Multi. Designed for everyday use with family game and educational. Reliable toys & games choice with a practical design.,lego toy gun multi family game educational toys & games,22,product_0253.svg
254,Castrol LED Headlight X,Automotive,Castrol,13817,4.4,4189,Blue,Castrol LED Headlight X in Blue. Designed for everyday use with premium quality and water resistant. Reliable automotive choice with a practical design.,castrol led headlight blue premium quality water resistant automotive,39,product_0254.svg
255,Aashirvaad Biscuits Ultra,Grocery,Aashirvaad,582,4.3,4320,Natural,Aashirvaad Biscuits Ultra in Natural. Designed for everyday use with premium quality and no preservatives. Reliable grocery choice with a practical design.,aashirvaad biscuits natural premium quality no preservatives grocery,20,product_0255.svg
256,Patanjali Vitamin Pack Pro,Health & Wellness,Patanjali,3861,4.2,4451,White,Patanjali Vitamin Pack Pro in White. Designed for everyday use with premium quality and lab tested. Reliable health & wellness choice with a practical design.,patanjali vitamin pack white premium quality lab tested health & wellness,37,product_0256.svg
257,Pedigree Leash Plus,Pet Supplies,Pedigree,7122,4.1,4582,Red,Pedigree Leash Plus in Red. Designed for everyday use with comfortable and comfortable. Reliable pet supplies choice with a practical design.,pedigree leash red comfortable comfortable pet supplies,18,product_0257.svg
258,Ugaoo Watering Can Max,Garden & Outdoors,Ugaoo,1991,4.0,4713,White,Ugaoo Watering Can Max in White. Designed for everyday use with lightweight and eco friendly. Reliable garden & outdoors choice with a practical design.,ugaoo watering can white lightweight eco friendly garden & outdoors,35,product_0258.svg
259,Mia Smart Watch Elite,Jewellery & Accessories,Mia,17937,3.9,4844,Black,Mia Smart Watch Elite in Black. Designed for everyday use with adjustable and scratch resistant. Reliable jewellery & accessories choice with a practical design.,mia smart watch black adjustable scratch resistant jewellery & accessories,16,product_0259.svg
260,Classmate Calculator Classic,Office & Stationery,Classmate,13007,3.8,125,Black,Classmate Calculator Classic in Black. Designed for everyday use with smooth writing and durable. Reliable office & stationery choice with a practical design.,classmate calculator black smooth writing durable office & stationery,33,product_0260.svg
261,Anker Portable Projector Prime,Electronics,Anker,23588,3.7,256,Silver,Anker Portable Projector Prime in Silver. Designed for everyday use with noise cancellation and hi-fi audio. Reliable electronics choice with a practical design.,anker portable projector silver noise cancellation hi-fi audio electronics,14,product_0261.svg
262,Apple Camera Phone X,Mobiles,Apple,26760,3.6,387,Blue,Apple Camera Phone X in Blue. Designed for everyday use with 5g and fast charging. Reliable mobiles choice with a practical design.,apple camera phone blue 5g fast charging mobiles,31,product_0262.svg
263,HP Monitor Ultra,Computers & Accessories,HP,16683,3.5,518,Silver,HP Monitor Ultra in Silver. Designed for everyday use with wireless and backlit. Reliable computers & accessories choice with a practical design.,hp monitor silver wireless backlit computers & accessories,12,product_0263.svg
264,Levis Slim Fit Jeans Pro,Men's Fashion,Levis,4294,3.4,649,Black,Levis Slim Fit Jeans Pro in Black. Designed for everyday use with slim fit and regular fit. Reliable men's fashion choice with a practical design.,levis slim fit jeans black slim fit regular fit men's fashion,29,product_0264.svg
265,Mango Jeans Plus,Women's Fashion,Mango,8891,3.3,780,Pink,Mango Jeans Plus in Pink. Designed for everyday use with cotton and regular fit. Reliable women's fashion choice with a practical design.,mango jeans pink cotton regular fit women's fashion,10,product_0265.svg
266,Crocs Slides Max,Footwear,Crocs,4906,3.2,911,Blue,Crocs Slides Max in Blue. Designed for everyday use with memory foam and cushioned sole. Reliable footwear choice with a practical design.,crocs slides blue memory foam cushioned sole footwear,27,product_0266.svg
267,The Body Shop Moisturizer Elite,Beauty & Personal Care,The Body Shop,3008,5.0,1042,Rose,The Body Shop Moisturizer Elite in Rose. Designed for everyday use with long lasting and long lasting. Reliable beauty & personal care choice with a practical design.,the body shop moisturizer rose long lasting long lasting beauty & personal care,8,product_0267.svg
268,Borosil Storage Container Classic,Home & Kitchen,Borosil,1524,4.9,1173,Blue,Borosil Storage Container Classic in Blue. Designed for everyday use with food grade and dishwasher safe. Reliable home & kitchen choice with a practical design.,borosil storage container blue food grade dishwasher safe home & kitchen,25,product_0268.svg
269,IFB Water Heater Prime,Home Appliances,IFB,32686,4.8,1304,Silver,IFB Water Heater Prime in Silver. Designed for everyday use with inverter and smart control. Reliable home appliances choice with a practical design.,ifb water heater silver inverter smart control home appliances,6,product_0269.svg
270,IKEA Bookshelf X,Furniture,IKEA,28085,4.7,1435,Walnut,IKEA Bookshelf X in Walnut. Designed for everyday use with engineered wood and ergonomic. Reliable furniture choice with a practical design.,ikea bookshelf walnut engineered wood ergonomic furniture,23,product_0270.svg
271,Nike Fitness Band Ultra,Sports & Fitness,Nike,11012,4.6,1566,Green,Nike Fitness Band Ultra in Green. Designed for everyday use with water resistant and anti-slip. Reliable sports & fitness choice with a practical design.,nike fitness band green water resistant anti-slip sports & fitness,40,product_0271.svg
272,Penguin Programming Book Pro,Books,Penguin,2999,4.5,1697,Red,Penguin Programming Book Pro in Red. Designed for everyday use with latest edition and latest edition. Reliable books choice with a practical design.,penguin programming book red latest edition latest edition books,21,product_0272.svg
273,LEGO Action Figure Plus,Toys & Games,LEGO,7165,4.4,1828,Multi,LEGO Action Figure Plus in Multi. Designed for everyday use with family game and educational. Reliable toys & games choice with a practical design.,lego action figure multi family game educational toys & games,38,product_0273.svg
274,Goodyear Bike Helmet Max,Automotive,Goodyear,5688,4.3,1959,Blue,Goodyear Bike Helmet Max in Blue. Designed for everyday use with premium quality and water resistant. Reliable automotive choice with a practical design.,goodyear bike helmet blue premium quality water resistant automotive,19,product_0274.svg
275,Amul Wheat Flour Elite,Grocery,Amul,1179,4.2,2090,Natural,Amul Wheat Flour Elite in Natural. Designed for everyday use with premium quality and no preservatives. Reliable grocery choice with a practical design.,amul wheat flour natural premium quality no preservatives grocery,36,product_0275.svg
276,Himalaya First Aid Kit Classic,Health & Wellness,Himalaya,1417,4.1,2221,White,Himalaya First Aid Kit Classic in White. Designed for everyday use with premium quality and lab tested. Reliable health & wellness choice with a practical design.,himalaya first aid kit white premium quality lab tested health & wellness,17,product_0276.svg
277,Pedigree Pet Carrier Prime,Pet Supplies,Pedigree,1681,4.0,2352,Red,Pedigree Pet Carrier Prime in Red. Designed for everyday use with comfortable and comfortable. Reliable pet supplies choice with a practical design.,pedigree pet carrier red comfortable comfortable pet supplies,34,product_0277.svg
278,Kraft Seeds Pruning Shears X,Garden & Outdoors,Kraft Seeds,3351,3.9,2483,White,Kraft Seeds Pruning Shears X in White. Designed for everyday use with lightweight and eco friendly. Reliable garden & outdoors choice with a practical design.,kraft seeds pruning shears white lightweight eco friendly garden & outdoors,15,product_0278.svg
279,Mia Wallet Ultra,Jewellery & Accessories,Mia,4810,3.8,2614,Black,Mia Wallet Ultra in Black. Designed for everyday use with adjustable and scratch resistant. Reliable jewellery & accessories choice with a practical design.,mia wallet black adjustable scratch resistant jewellery & accessories,32,product_0279.svg
280,Classmate Notebook Pro,Office & Stationery,Classmate,21681,3.7,2745,Black,Classmate Notebook Pro in Black. Designed for everyday use with smooth writing and durable. Reliable office & stationery choice with a practical design.,classmate notebook black smooth writing durable office & stationery,13,product_0280.svg
281,Marshall Earbuds Plus,Electronics,Marshall,6762,3.6,2876,Silver,Marshall Earbuds Plus in Silver. Designed for everyday use with noise cancellation and fast charging. Reliable electronics choice with a practical design.,marshall earbuds silver noise cancellation fast charging electronics,30,product_0281.svg
282,Nothing 5G Smartphone Max,Mobiles,Nothing,64139,3.5,3007,Blue,Nothing 5G Smartphone Max in Blue. Designed for everyday use with 5g and amoled display. Reliable mobiles choice with a practical design.,nothing 5g smartphone blue 5g amoled display mobiles,11,product_0282.svg
283,Logitech Gaming Laptop Elite,Computers & Accessories,Logitech,16062,3.4,3138,Silver,Logitech Gaming Laptop Elite in Silver. Designed for everyday use with wireless and full hd. Reliable computers & accessories choice with a practical design.,logitech gaming laptop silver wireless full hd computers & accessories,28,product_0283.svg
284,Jack & Jones Chinos Classic,Men's Fashion,Jack & Jones,6650,3.3,3269,White,Jack & Jones Chinos Classic in White. Designed for everyday use with slim fit and regular fit. Reliable men's fashion choice with a practical design.,jack & jones chinos white slim fit regular fit men's fashion,9,product_0284.svg
285,ONLY Co-ord Set Prime,Women's Fashion,ONLY,3852,3.2,3400,White,ONLY Co-ord Set Prime in White. Designed for everyday use with cotton and regular fit. Reliable women's fashion choice with a practical design.,only co-ord set white cotton regular fit women's fashion,26,product_0285.svg
286,Puma Walking Shoes X,Footwear,Puma,5975,5.0,3531,Blue,Puma Walking Shoes X in Blue. Designed for everyday use with memory foam and cushioned sole. Reliable footwear choice with a practical design.,puma walking shoes blue memory foam cushioned sole footwear,7,product_0286.svg
287,Maybelline Hair Dryer Ultra,Beauty & Personal Care,Maybelline,4761,4.9,3662,Rose,Maybelline Hair Dryer Ultra in Rose. Designed for everyday use with long lasting and long lasting. Reliable beauty & personal care choice with a practical design.,maybelline hair dryer rose long lasting long lasting beauty & personal care,24,product_0287.svg
288,Prestige Cookware Set Pro,Home & Kitchen,Prestige,7492,4.8,3793,Blue,Prestige Cookware Set Pro in Blue. Designed for everyday use with food grade and dishwasher safe. Reliable home & kitchen choice with a practical design.,prestige cookware set blue food grade dishwasher safe home & kitchen,5,product_0288.svg
289,Panasonic Air Purifier Plus,Home Appliances,Panasonic,16064,4.7,3924,Silver,Panasonic Air Purifier Plus in Silver. Designed for everyday use with inverter and smart control. Reliable home appliances choice with a practical design.,panasonic air purifier silver inverter smart control home appliances,22,product_0289.svg
290,Pepperfry TV Unit Max,Furniture,Pepperfry,42462,4.6,4055,Black,Pepperfry TV Unit Max in Black. Designed for everyday use with engineered wood and ergonomic. Reliable furniture choice with a practical design.,pepperfry tv unit black engineered wood ergonomic furniture,39,product_0290.svg
291,Cosco Cricket Bat Elite,Sports & Fitness,Cosco,12382,4.5,4186,Green,Cosco Cricket Bat Elite in Green. Designed for everyday use with water resistant and anti-slip. Reliable sports & fitness choice with a practical design.,cosco cricket bat green water resistant anti-slip sports & fitness,20,product_0291.svg
292,Penguin Business Book Classic,Books,Penguin,1722,4.4,4317,Red,Penguin Business Book Classic in Red. Designed for everyday use with latest edition and latest edition. Reliable books choice with a practical design.,penguin business book red latest edition latest edition books,37,product_0292.svg
293,LEGO Toy Gun Prime,Toys & Games,LEGO,9529,4.3,4448,Multi,LEGO Toy Gun Prime in Multi. Designed for everyday use with family game and educational. Reliable toys & games choice with a practical design.,lego toy gun multi family game educational toys & games,18,product_0293.svg
294,Castrol LED Headlight X,Automotive,Castrol,16060,4.2,4579,Blue,Castrol LED Headlight X in Blue. Designed for everyday use with premium quality and water resistant. Reliable automotive choice with a practical design.,castrol led headlight blue premium quality water resistant automotive,35,product_0294.svg
295,Aashirvaad Biscuits Ultra,Grocery,Aashirvaad,1776,4.1,4710,Natural,Aashirvaad Biscuits Ultra in Natural. Designed for everyday use with premium quality and no preservatives. Reliable grocery choice with a practical design.,aashirvaad biscuits natural premium quality no preservatives grocery,16,product_0295.svg
296,HealthKart Protein Powder Pro,Health & Wellness,HealthKart,5674,4.0,4841,White,HealthKart Protein Powder Pro in White. Designed for everyday use with premium quality and lab tested. Reliable health & wellness choice with a practical design.,healthkart protein powder white premium quality lab tested health & wellness,33,product_0296.svg
297,Pedigree Leash Plus,Pet Supplies,Pedigree,4041,3.9,122,Red,Pedigree Leash Plus in Red. Designed for everyday use with comfortable and comfortable. Reliable pet supplies choice with a practical design.,pedigree leash red comfortable comfortable pet supplies,14,product_0297.svg
298,IKEA Plant Seeds Max,Garden & Outdoors,IKEA,4711,3.8,253,White,IKEA Plant Seeds Max in White. Designed for everyday use with lightweight and eco friendly. Reliable garden & outdoors choice with a practical design.,ikea plant seeds white lightweight eco friendly garden & outdoors,31,product_0298.svg
299,Mia Smart Watch Elite,Jewellery & Accessories,Mia,16184,3.7,384,Black,Mia Smart Watch Elite in Black. Designed for everyday use with adjustable and scratch resistant. Reliable jewellery & accessories choice with a practical design.,mia smart watch black adjustable scratch resistant jewellery & accessories,12,product_0299.svg
300,Classmate Calculator Classic,Office & Stationery,Classmate,5404,3.6,515,Black,Classmate Calculator Classic in Black. Designed for everyday use with smooth writing and durable. Reliable office & stationery choice with a practical design.,classmate calculator black smooth writing durable office & stationery,29,product_0300.svg
301,Anker Portable Projector Prime,Electronics,Anker,19137,3.5,646,Silver,Anker Portable Projector Prime in Silver. Designed for everyday use with noise cancellation and bluetooth 5.3. Reliable electronics choice with a practical design.,anker portable projector silver noise cancellation bluetooth 5.3 electronics,10,product_0301.svg
302,Apple Budget Smartphone X,Mobiles,Apple,101518,3.4,777,Blue,Apple Budget Smartphone X in Blue. Designed for everyday use with 5g and dual sim. Reliable mobiles choice with a practical design.,apple budget smartphone blue 5g dual sim mobiles,27,product_0302.svg
303,HP Monitor Ultra,Computers & Accessories,HP,15441,3.3,908,Silver,HP Monitor Ultra in Silver. Designed for everyday use with wireless and 16gb ram. Reliable computers & accessories choice with a practical design.,hp monitor silver wireless 16gb ram computers & accessories,8,product_0303.svg
304,Levis Slim Fit Jeans Pro,Men's Fashion,Levis,2505,3.2,1039,Grey,Levis Slim Fit Jeans Pro in Grey. Designed for everyday use with slim fit and regular fit. Reliable men's fashion choice with a practical design.,levis slim fit jeans grey slim fit regular fit men's fashion,25,product_0304.svg
305,Mango Jeans Plus,Women's Fashion,Mango,7414,5.0,1170,Beige,Mango Jeans Plus in Beige. Designed for everyday use with cotton and regular fit. Reliable women's fashion choice with a practical design.,mango jeans beige cotton regular fit women's fashion,6,product_0305.svg
306,Crocs Slides Max,Footwear,Crocs,7044,4.9,1301,Blue,Crocs Slides Max in Blue. Designed for everyday use with memory foam and cushioned sole. Reliable footwear choice with a practical design.,crocs slides blue memory foam cushioned sole footwear,23,product_0306.svg
307,The Body Shop Moisturizer Elite,Beauty & Personal Care,The Body Shop,713,4.8,1432,Rose,The Body Shop Moisturizer Elite in Rose. Designed for everyday use with long lasting and long lasting. Reliable beauty & personal care choice with a practical design.,the body shop moisturizer rose long lasting long lasting beauty & personal care,40,product_0307.svg
308,Borosil Storage Container Classic,Home & Kitchen,Borosil,759,4.7,1563,Blue,Borosil Storage Container Classic in Blue. Designed for everyday use with food grade and dishwasher safe. Reliable home & kitchen choice with a practical design.,borosil storage container blue food grade dishwasher safe home & kitchen,21,product_0308.svg
309,IFB Water Heater Prime,Home Appliances,IFB,86943,4.6,1694,Silver,IFB Water Heater Prime in Silver. Designed for everyday use with inverter and smart control. Reliable home appliances choice with a practical design.,ifb water heater silver inverter smart control home appliances,38,product_0309.svg
310,HomeTown Bookshelf X,Furniture,HomeTown,8838,4.5,1825,Grey,HomeTown Bookshelf X in Grey. Designed for everyday use with engineered wood and ergonomic. Reliable furniture choice with a practical design.,hometown bookshelf grey engineered wood ergonomic furniture,19,product_0310.svg
311,Nike Fitness Band Ultra,Sports & Fitness,Nike,13752,4.4,1956,Green,Nike Fitness Band Ultra in Green. Designed for everyday use with water resistant and anti-slip. Reliable sports & fitness choice with a practical design.,nike fitness band green water resistant anti-slip sports & fitness,36,product_0311.svg
312,Penguin Programming Book Pro,Books,Penguin,445,4.3,2087,Red,Penguin Programming Book Pro in Red. Designed for everyday use with latest edition and latest edition. Reliable books choice with a practical design.,penguin programming book red latest edition latest edition books,17,product_0312.svg
313,LEGO Action Figure Plus,Toys & Games,LEGO,2142,4.2,2218,Multi,LEGO Action Figure Plus in Multi. Designed for everyday use with family game and educational. Reliable toys & games choice with a practical design.,lego action figure multi family game educational toys & games,34,product_0313.svg
314,Goodyear Bike Helmet Max,Automotive,Goodyear,7931,4.1,2349,Blue,Goodyear Bike Helmet Max in Blue. Designed for everyday use with premium quality and water resistant. Reliable automotive choice with a practical design.,goodyear bike helmet blue premium quality water resistant automotive,15,product_0314.svg
315,Amul Wheat Flour Elite,Grocery,Amul,472,4.0,2480,Natural,Amul Wheat Flour Elite in Natural. Designed for everyday use with premium quality and no preservatives. Reliable grocery choice with a practical design.,amul wheat flour natural premium quality no preservatives grocery,32,product_0315.svg
316,Patanjali Digital Weighing Scale Classic,Health & Wellness,Patanjali,3230,3.9,2611,White,Patanjali Digital Weighing Scale Classic in White. Designed for everyday use with premium quality and lab tested. Reliable health & wellness choice with a practical design.,patanjali digital weighing scale white premium quality lab tested health & wellness,13,product_0316.svg
317,Pedigree Pet Carrier Prime,Pet Supplies,Pedigree,6401,3.8,2742,Red,Pedigree Pet Carrier Prime in Red. Designed for everyday use with comfortable and comfortable. Reliable pet supplies choice with a practical design.,pedigree pet carrier red comfortable comfortable pet supplies,30,product_0317.svg
318,Ugaoo LED Garden Light X,Garden & Outdoors,Ugaoo,6071,3.7,2873,White,Ugaoo LED Garden Light X in White. Designed for everyday use with lightweight and eco friendly. Reliable garden & outdoors choice with a practical design.,ugaoo led garden light white lightweight eco friendly garden & outdoors,11,product_0318.svg
319,Mia Wallet Ultra,Jewellery & Accessories,Mia,3057,3.6,3004,Black,Mia Wallet Ultra in Black. Designed for everyday use with adjustable and scratch resistant. Reliable jewellery & accessories choice with a practical design.,mia wallet black adjustable scratch resistant jewellery & accessories,28,product_0319.svg
320,Classmate Notebook Pro,Office & Stationery,Classmate,14078,3.5,3135,Black,Classmate Notebook Pro in Black. Designed for everyday use with smooth writing and durable. Reliable office & stationery choice with a practical design.,classmate notebook black smooth writing durable office & stationery,9,product_0320.svg
321,Marshall Earbuds Plus,Electronics,Marshall,2311,3.4,3266,Silver,Marshall Earbuds Plus in Silver. Designed for everyday use with noise cancellation and hi-fi audio. Reliable electronics choice with a practical design.,marshall earbuds silver noise cancellation hi-fi audio electronics,26,product_0321.svg
322,Nothing Camera Phone Max,Mobiles,Nothing,17896,3.3,3397,Blue,Nothing Camera Phone Max in Blue. Designed for everyday use with 5g and fast charging. Reliable mobiles choice with a practical design.,nothing camera phone blue 5g fast charging mobiles,7,product_0322.svg
323,Logitech Gaming Laptop Elite,Computers & Accessories,Logitech,14820,3.2,3528,Silver,Logitech Gaming Laptop Elite in Silver. Designed for everyday use with wireless and backlit. Reliable computers & accessories choice with a practical design.,logitech gaming laptop silver wireless backlit computers & accessories,24,product_0323.svg
324,Jack & Jones Chinos Classic,Men's Fashion,Jack & Jones,4861,5.0,3659,Black,Jack & Jones Chinos Classic in Black. Designed for everyday use with slim fit and regular fit. Reliable men's fashion choice with a practical design.,jack & jones chinos black slim fit regular fit men's fashion,5,product_0324.svg
325,ONLY Co-ord Set Prime,Women's Fashion,ONLY,2375,4.9,3790,Pink,ONLY Co-ord Set Prime in Pink. Designed for everyday use with cotton and regular fit. Reliable women's fashion choice with a practical design.,only co-ord set pink cotton regular fit women's fashion,22,product_0325.svg
326,Puma Walking Shoes X,Footwear,Puma,8113,4.8,3921,Blue,Puma Walking Shoes X in Blue. Designed for everyday use with memory foam and cushioned sole. Reliable footwear choice with a practical design.,puma walking shoes blue memory foam cushioned sole footwear,39,product_0326.svg
327,Maybelline Hair Dryer Ultra,Beauty & Personal Care,Maybelline,2466,4.7,4052,Rose,Maybelline Hair Dryer Ultra in Rose. Designed for everyday use with long lasting and long lasting. Reliable beauty & personal care choice with a practical design.,maybelline hair dryer rose long lasting long lasting beauty & personal care,20,product_0327.svg
328,Prestige Cookware Set Pro,Home & Kitchen,Prestige,6727,4.6,4183,Blue,Prestige Cookware Set Pro in Blue. Designed for everyday use with food grade and dishwasher safe. Reliable home & kitchen choice with a practical design.,prestige cookware set blue food grade dishwasher safe home & kitchen,37,product_0328.svg
329,Panasonic Air Purifier Plus,Home Appliances,Panasonic,70321,4.5,4314,Silver,Panasonic Air Purifier Plus in Silver. Designed for everyday use with inverter and smart control. Reliable home appliances choice with a practical design.,panasonic air purifier silver inverter smart control home appliances,18,product_0329.svg
330,IKEA TV Unit Max,Furniture,IKEA,23215,4.4,4445,Walnut,IKEA TV Unit Max in Walnut. Designed for everyday use with engineered wood and ergonomic. Reliable furniture choice with a practical design.,ikea tv unit walnut engineered wood ergonomic furniture,35,product_0330.svg
331,Cosco Cricket Bat Elite,Sports & Fitness,Cosco,15122,4.3,4576,Green,Cosco Cricket Bat Elite in Green. Designed for everyday use with water resistant and anti-slip. Reliable sports & fitness choice with a practical design.,cosco cricket bat green water resistant anti-slip sports & fitness,16,product_0331.svg
332,Penguin Business Book Classic,Books,Penguin,1969,4.2,4707,Red,Penguin Business Book Classic in Red. Designed for everyday use with latest edition and latest edition. Reliable books choice with a practical design.,penguin business book red latest edition latest edition books,33,product_0332.svg
333,LEGO Toy Gun Prime,Toys & Games,LEGO,4506,4.1,4838,Multi,LEGO Toy Gun Prime in Multi. Designed for everyday use with family game and educational. Reliable toys & games choice with a practical design.,lego toy gun multi family game educational toys & games,14,product_0333.svg
334,Castrol LED Headlight X,Automotive,Castrol,18303,4.0,119,Blue,Castrol LED Headlight X in Blue. Designed for everyday use with premium quality and water resistant. Reliable automotive choice with a practical design.,castrol led headlight blue premium quality water resistant automotive,31,product_0334.svg
335,Aashirvaad Biscuits Ultra,Grocery,Aashirvaad,1069,3.9,250,Natural,Aashirvaad Biscuits Ultra in Natural. Designed for everyday use with premium quality and no preservatives. Reliable grocery choice with a practical design.,aashirvaad biscuits natural premium quality no preservatives grocery,12,product_0335.svg
336,Himalaya Herbal Tea Pro,Health & Wellness,Himalaya,786,3.8,381,White,Himalaya Herbal Tea Pro in White. Designed for everyday use with premium quality and lab tested. Reliable health & wellness choice with a practical design.,himalaya herbal tea white premium quality lab tested health & wellness,29,product_0336.svg
337,Pedigree Leash Plus,Pet Supplies,Pedigree,960,3.7,512,Red,Pedigree Leash Plus in Red. Designed for everyday use with comfortable and comfortable. Reliable pet supplies choice with a practical design.,pedigree leash red comfortable comfortable pet supplies,10,product_0337.svg
338,Kraft Seeds Garden Tool Set Max,Garden & Outdoors,Kraft Seeds,7431,3.6,643,White,Kraft Seeds Garden Tool Set Max in White. Designed for everyday use with lightweight and eco friendly. Reliable garden & outdoors choice with a practical design.,kraft seeds garden tool set white lightweight eco friendly garden & outdoors,27,product_0338.svg
339,Mia Smart Watch Elite,Jewellery & Accessories,Mia,14431,3.5,774,Black,Mia Smart Watch Elite in Black. Designed for everyday use with adjustable and scratch resistant. Reliable jewellery & accessories choice with a practical design.,mia smart watch black adjustable scratch resistant jewellery & accessories,8,product_0339.svg
340,Classmate Calculator Classic,Office & Stationery,Classmate,22752,3.4,905,Black,Classmate Calculator Classic in Black. Designed for everyday use with smooth writing and durable. Reliable office & stationery choice with a practical design.,classmate calculator black smooth writing durable office & stationery,25,product_0340.svg
341,Anker Portable Projector Prime,Electronics,Anker,14686,3.3,1036,Silver,Anker Portable Projector Prime in Silver. Designed for everyday use with noise cancellation and fast charging. Reliable electronics choice with a practical design.,anker portable projector silver noise cancellation fast charging electronics,6,product_0341.svg
342,Apple 5G Smartphone X,Mobiles,Apple,55275,3.2,1167,Blue,Apple 5G Smartphone X in Blue. Designed for everyday use with 5g and amoled display. Reliable mobiles choice with a practical design.,apple 5g smartphone blue 5g amoled display mobiles,23,product_0342.svg
343,HP Monitor Ultra,Computers & Accessories,HP,14199,5.0,1298,Silver,HP Monitor Ultra in Silver. Designed for everyday use with wireless and full hd. Reliable computers & accessories choice with a practical design.,hp monitor silver wireless full hd computers & accessories,40,product_0343.svg
344,Levis Slim Fit Jeans Pro,Men's Fashion,Levis,716,4.9,1429,White,Levis Slim Fit Jeans Pro in White. Designed for everyday use with slim fit and regular fit. Reliable men's fashion choice with a practical design.,levis slim fit jeans white slim fit regular fit men's fashion,21,product_0344.svg
345,Mango Jeans Plus,Women's Fashion,Mango,5937,4.8,1560,White,Mango Jeans Plus in White. Designed for everyday use with cotton and regular fit. Reliable women's fashion choice with a practical design.,mango jeans white cotton regular fit women's fashion,38,product_0345.svg
346,Crocs Slides Max,Footwear,Crocs,9182,4.7,1691,Blue,Crocs Slides Max in Blue. Designed for everyday use with memory foam and cushioned sole. Reliable footwear choice with a practical design.,crocs slides blue memory foam cushioned sole footwear,19,product_0346.svg
347,The Body Shop Moisturizer Elite,Beauty & Personal Care,The Body Shop,4219,4.6,1822,Rose,The Body Shop Moisturizer Elite in Rose. Designed for everyday use with long lasting and long lasting. Reliable beauty & personal care choice with a practical design.,the body shop moisturizer rose long lasting long lasting beauty & personal care,36,product_0347.svg
348,Borosil Storage Container Classic,Home & Kitchen,Borosil,12695,4.5,1953,Blue,Borosil Storage Container Classic in Blue. Designed for everyday use with food grade and dishwasher safe. Reliable home & kitchen choice with a practical design.,borosil storage container blue food grade dishwasher safe home & kitchen,17,product_0348.svg
349,IFB Water Heater Prime,Home Appliances,IFB,53699,4.4,2084,Silver,IFB Water Heater Prime in Silver. Designed for everyday use with inverter and smart control. Reliable home appliances choice with a practical design.,ifb water heater silver inverter smart control home appliances,34,product_0349.svg
350,Pepperfry Bookshelf X,Furniture,Pepperfry,37592,4.3,2215,Black,Pepperfry Bookshelf X in Black. Designed for everyday use with engineered wood and ergonomic. Reliable furniture choice with a practical design.,pepperfry bookshelf black engineered wood ergonomic furniture,15,product_0350.svg
351,Nike Fitness Band Ultra,Sports & Fitness,Nike,791,4.2,2346,Green,Nike Fitness Band Ultra in Green. Designed for everyday use with water resistant and anti-slip. Reliable sports & fitness choice with a practical design.,nike fitness band green water resistant anti-slip sports & fitness,32,product_0351.svg
352,Penguin Programming Book Pro,Books,Penguin,692,4.1,2477,Red,Penguin Programming Book Pro in Red. Designed for everyday use with latest edition and latest edition. Reliable books choice with a practical design.,penguin programming book red latest edition latest edition books,13,product_0352.svg
353,LEGO Action Figure Plus,Toys & Games,LEGO,6870,4.0,2608,Multi,LEGO Action Figure Plus in Multi. Designed for everyday use with family game and educational. Reliable toys & games choice with a practical design.,lego action figure multi family game educational toys & games,30,product_0353.svg
354,Goodyear Bike Helmet Max,Automotive,Goodyear,10174,3.9,2739,Blue,Goodyear Bike Helmet Max in Blue. Designed for everyday use with premium quality and water resistant. Reliable automotive choice with a practical design.,goodyear bike helmet blue premium quality water resistant automotive,11,product_0354.svg
355,Amul Wheat Flour Elite,Grocery,Amul,1666,3.8,2870,Natural,Amul Wheat Flour Elite in Natural. Designed for everyday use with premium quality and no preservatives. Reliable grocery choice with a practical design.,amul wheat flour natural premium quality no preservatives grocery,28,product_0355.svg
356,HealthKart Massage Gun Classic,Health & Wellness,HealthKart,5043,3.7,3001,White,HealthKart Massage Gun Classic in White. Designed for everyday use with premium quality and lab tested. Reliable health & wellness choice with a practical design.,healthkart massage gun white premium quality lab tested health & wellness,9,product_0356.svg
357,Pedigree Pet Carrier Prime,Pet Supplies,Pedigree,3320,3.6,3132,Red,Pedigree Pet Carrier Prime in Red. Designed for everyday use with comfortable and comfortable. Reliable pet supplies choice with a practical design.,pedigree pet carrier red comfortable comfortable pet supplies,26,product_0357.svg
358,IKEA Outdoor Chair X,Garden & Outdoors,IKEA,940,3.5,3263,White,IKEA Outdoor Chair X in White. Designed for everyday use with lightweight and eco friendly. Reliable garden & outdoors choice with a practical design.,ikea outdoor chair white lightweight eco friendly garden & outdoors,7,product_0358.svg
359,Mia Wallet Ultra,Jewellery & Accessories,Mia,1304,3.4,3394,Black,Mia Wallet Ultra in Black. Designed for everyday use with adjustable and scratch resistant. Reliable jewellery & accessories choice with a practical design.,mia wallet black adjustable scratch resistant jewellery & accessories,24,product_0359.svg
360,Classmate Notebook Pro,Office & Stationery,Classmate,6475,3.3,3525,Black,Classmate Notebook Pro in Black. Designed for everyday use with smooth writing and durable. Reliable office & stationery choice with a practical design.,classmate notebook black smooth writing durable office & stationery,5,product_0360.svg
361,Marshall Earbuds Plus,Electronics,Marshall,27061,3.2,3656,Silver,Marshall Earbuds Plus in Silver. Designed for everyday use with noise cancellation and bluetooth 5.3. Reliable electronics choice with a practical design.,marshall earbuds silver noise cancellation bluetooth 5.3 electronics,22,product_0361.svg
362,Nothing Budget Smartphone Max,Mobiles,Nothing,92654,5.0,3787,Blue,Nothing Budget Smartphone Max in Blue. Designed for everyday use with 5g and dual sim. Reliable mobiles choice with a practical design.,nothing budget smartphone blue 5g dual sim mobiles,39,product_0362.svg
363,Logitech Gaming Laptop Elite,Computers & Accessories,Logitech,13578,4.9,3918,Silver,Logitech Gaming Laptop Elite in Silver. Designed for everyday use with wireless and 16gb ram. Reliable computers & accessories choice with a practical design.,logitech gaming laptop silver wireless 16gb ram computers & accessories,20,product_0363.svg
364,Jack & Jones Chinos Classic,Men's Fashion,Jack & Jones,3072,4.8,4049,Grey,Jack & Jones Chinos Classic in Grey. Designed for everyday use with slim fit and regular fit. Reliable men's fashion choice with a practical design.,jack & jones chinos grey slim fit regular fit men's fashion,37,product_0364.svg
365,ONLY Co-ord Set Prime,Women's Fashion,ONLY,898,4.7,4180,Beige,ONLY Co-ord Set Prime in Beige. Designed for everyday use with cotton and regular fit. Reliable women's fashion choice with a practical design.,only co-ord set beige cotton regular fit women's fashion,18,product_0365.svg
366,Puma Walking Shoes X,Footwear,Puma,10251,4.6,4311,Blue,Puma Walking Shoes X in Blue. Designed for everyday use with memory foam and cushioned sole. Reliable footwear choice with a practical design.,puma walking shoes blue memory foam cushioned sole footwear,35,product_0366.svg
367,Maybelline Hair Dryer Ultra,Beauty & Personal Care,Maybelline,5972,4.5,4442,Rose,Maybelline Hair Dryer Ultra in Rose. Designed for everyday use with long lasting and long lasting. Reliable beauty & personal care choice with a practical design.,maybelline hair dryer rose long lasting long lasting beauty & personal care,16,product_0367.svg
368,Prestige Cookware Set Pro,Home & Kitchen,Prestige,5962,4.4,4573,Blue,Prestige Cookware Set Pro in Blue. Designed for everyday use with food grade and dishwasher safe. Reliable home & kitchen choice with a practical design.,prestige cookware set blue food grade dishwasher safe home & kitchen,33,product_0368.svg
369,Panasonic Air Purifier Plus,Home Appliances,Panasonic,37077,4.3,4704,Silver,Panasonic Air Purifier Plus in Silver. Designed for everyday use with inverter and smart control. Reliable home appliances choice with a practical design.,panasonic air purifier silver inverter smart control home appliances,14,product_0369.svg
370,HomeTown TV Unit Max,Furniture,HomeTown,3968,4.2,4835,Grey,HomeTown TV Unit Max in Grey. Designed for everyday use with engineered wood and ergonomic. Reliable furniture choice with a practical design.,hometown tv unit grey engineered wood ergonomic furniture,31,product_0370.svg
371,Cosco Cricket Bat Elite,Sports & Fitness,Cosco,2161,4.1,116,Green,Cosco Cricket Bat Elite in Green. Designed for everyday use with water resistant and anti-slip. Reliable sports & fitness choice with a practical design.,cosco cricket bat green water resistant anti-slip sports & fitness,12,product_0371.svg
372,Penguin Business Book Classic,Books,Penguin,2216,4.0,247,Red,Penguin Business Book Classic in Red. Designed for everyday use with latest edition and latest edition. Reliable books choice with a practical design.,penguin business book red latest edition latest edition books,29,product_0372.svg
373,LEGO Toy Gun Prime,Toys & Games,LEGO,9234,3.9,378,Multi,LEGO Toy Gun Prime in Multi. Designed for everyday use with family game and educational. Reliable toys & games choice with a practical design.,lego toy gun multi family game educational toys & games,10,product_0373.svg
374,Castrol LED Headlight X,Automotive,Castrol,2045,3.8,509,Blue,Castrol LED Headlight X in Blue. Designed for everyday use with premium quality and water resistant. Reliable automotive choice with a practical design.,castrol led headlight blue premium quality water resistant automotive,27,product_0374.svg
375,Aashirvaad Biscuits Ultra,Grocery,Aashirvaad,362,3.7,640,Natural,Aashirvaad Biscuits Ultra in Natural. Designed for everyday use with premium quality and no preservatives. Reliable grocery choice with a practical design.,aashirvaad biscuits natural premium quality no preservatives grocery,8,product_0375.svg
376,Patanjali Foam Roller Pro,Health & Wellness,Patanjali,2599,3.6,771,White,Patanjali Foam Roller Pro in White. Designed for everyday use with premium quality and lab tested. Reliable health & wellness choice with a practical design.,patanjali foam roller white premium quality lab tested health & wellness,25,product_0376.svg
377,Pedigree Leash Plus,Pet Supplies,Pedigree,5680,3.5,902,Red,Pedigree Leash Plus in Red. Designed for everyday use with comfortable and comfortable. Reliable pet supplies choice with a practical design.,pedigree leash red comfortable comfortable pet supplies,6,product_0377.svg
378,Ugaoo Planter Max,Garden & Outdoors,Ugaoo,2300,3.4,1033,White,Ugaoo Planter Max in White. Designed for everyday use with lightweight and eco friendly. Reliable garden & outdoors choice with a practical design.,ugaoo planter white lightweight eco friendly garden & outdoors,23,product_0378.svg
379,Mia Smart Watch Elite,Jewellery & Accessories,Mia,12678,3.3,1164,Black,Mia Smart Watch Elite in Black. Designed for everyday use with adjustable and scratch resistant. Reliable jewellery & accessories choice with a practical design.,mia smart watch black adjustable scratch resistant jewellery & accessories,40,product_0379.svg
380,Classmate Calculator Classic,Office & Stationery,Classmate,15149,3.2,1295,Black,Classmate Calculator Classic in Black. Designed for everyday use with smooth writing and durable. Reliable office & stationery choice with a practical design.,classmate calculator black smooth writing durable office & stationery,21,product_0380.svg
381,Anker Portable Projector Prime,Electronics,Anker,10235,5.0,1426,Silver,Anker Portable Projector Prime in Silver. Designed for everyday use with noise cancellation and hi-fi audio. Reliable electronics choice with a practical design.,anker portable projector silver noise cancellation hi-fi audio electronics,38,product_0381.svg
382,Apple Camera Phone X,Mobiles,Apple,9032,4.9,1557,Blue,Apple Camera Phone X in Blue. Designed for everyday use with 5g and fast charging. Reliable mobiles choice with a practical design.,apple camera phone blue 5g fast charging mobiles,19,product_0382.svg
383,HP Monitor Ultra,Computers & Accessories,HP,12957,4.8,1688,Silver,HP Monitor Ultra in Silver. Designed for everyday use with wireless and backlit. Reliable computers & accessories choice with a practical design.,hp monitor silver wireless backlit computers & accessories,36,product_0383.svg
384,Levis Slim Fit Jeans Pro,Men's Fashion,Levis,5428,4.7,1819,Black,Levis Slim Fit Jeans Pro in Black. Designed for everyday use with slim fit and regular fit. Reliable men's fashion choice with a practical design.,levis slim fit jeans black slim fit regular fit men's fashion,17,product_0384.svg
385,Mango Jeans Plus,Women's Fashion,Mango,4460,4.6,1950,Pink,Mango Jeans Plus in Pink. Designed for everyday use with cotton and regular fit. Reliable women's fashion choice with a practical design.,mango jeans pink cotton regular fit women's fashion,34,product_0385.svg
386,Crocs Slides Max,Footwear,Crocs,11320,4.5,2081,Blue,Crocs Slides Max in Blue. Designed for everyday use with memory foam and cushioned sole. Reliable footwear choice with a practical design.,crocs slides blue memory foam cushioned sole footwear,15,product_0386.svg
387,The Body Shop Moisturizer Elite,Beauty & Personal Care,The Body Shop,1924,4.4,2212,Rose,The Body Shop Moisturizer Elite in Rose. Designed for everyday use with long lasting and long lasting. Reliable beauty & personal care choice with a practical design.,the body shop moisturizer rose long lasting long lasting beauty & personal care,32,product_0387.svg
388,Borosil Storage Container Classic,Home & Kitchen,Borosil,11930,4.3,2343,Blue,Borosil Storage Container Classic in Blue. Designed for everyday use with food grade and dishwasher safe. Reliable home & kitchen choice with a practical design.,borosil storage container blue food grade dishwasher safe home & kitchen,13,product_0388.svg
389,IFB Water Heater Prime,Home Appliances,IFB,20455,4.2,2474,Silver,IFB Water Heater Prime in Silver. Designed for everyday use with inverter and smart control. Reliable home appliances choice with a practical design.,ifb water heater silver inverter smart control home appliances,30,product_0389.svg
390,IKEA Bookshelf X,Furniture,IKEA,18345,4.1,2605,Walnut,IKEA Bookshelf X in Walnut. Designed for everyday use with engineered wood and ergonomic. Reliable furniture choice with a practical design.,ikea bookshelf walnut engineered wood ergonomic furniture,11,product_0390.svg
391,Nike Fitness Band Ultra,Sports & Fitness,Nike,3531,4.0,2736,Green,Nike Fitness Band Ultra in Green. Designed for everyday use with water resistant and anti-slip. Reliable sports & fitness choice with a practical design.,nike fitness band green water resistant anti-slip sports & fitness,28,product_0391.svg
392,Penguin Programming Book Pro,Books,Penguin,939,3.9,2867,Red,Penguin Programming Book Pro in Red. Designed for everyday use with latest edition and latest edition. Reliable books choice with a practical design.,penguin programming book red latest edition latest edition books,9,product_0392.svg
393,LEGO Action Figure Plus,Toys & Games,LEGO,1847,3.8,2998,Multi,LEGO Action Figure Plus in Multi. Designed for everyday use with family game and educational. Reliable toys & games choice with a practical design.,lego action figure multi family game educational toys & games,26,product_0393.svg
394,Goodyear Bike Helmet Max,Automotive,Goodyear,12417,3.7,3129,Blue,Goodyear Bike Helmet Max in Blue. Designed for everyday use with premium quality and water resistant. Reliable automotive choice with a practical design.,goodyear bike helmet blue premium quality water resistant automotive,7,product_0394.svg
395,Amul Wheat Flour Elite,Grocery,Amul,959,3.6,3260,Natural,Amul Wheat Flour Elite in Natural. Designed for everyday use with premium quality and no preservatives. Reliable grocery choice with a practical design.,amul wheat flour natural premium quality no preservatives grocery,24,product_0395.svg
396,Himalaya Vitamin Pack Classic,Health & Wellness,Himalaya,6856,3.5,3391,White,Himalaya Vitamin Pack Classic in White. Designed for everyday use with premium quality and lab tested. Reliable health & wellness choice with a practical design.,himalaya vitamin pack white premium quality lab tested health & wellness,5,product_0396.svg
397,Pedigree Pet Carrier Prime,Pet Supplies,Pedigree,239,3.4,3522,Red,Pedigree Pet Carrier Prime in Red. Designed for everyday use with comfortable and comfortable. Reliable pet supplies choice with a practical design.,pedigree pet carrier red comfortable comfortable pet supplies,22,product_0397.svg
398,Kraft Seeds Watering Can X,Garden & Outdoors,Kraft Seeds,3660,3.3,3653,White,Kraft Seeds Watering Can X in White. Designed for everyday use with lightweight and eco friendly. Reliable garden & outdoors choice with a practical design.,kraft seeds watering can white lightweight eco friendly garden & outdoors,39,product_0398.svg
399,Mia Wallet Ultra,Jewellery & Accessories,Mia,24052,3.2,3784,Black,Mia Wallet Ultra in Black. Designed for everyday use with adjustable and scratch resistant. Reliable jewellery & accessories choice with a practical design.,mia wallet black adjustable scratch resistant jewellery & accessories,20,product_0399.svg
400,Classmate Notebook Pro,Office & Stationery,Classmate,23823,5.0,3915,Black,Classmate Notebook Pro in Black. Designed for everyday use with smooth writing and durable. Reliable office & stationery choice with a practical design.,classmate notebook black smooth writing durable office & stationery,37,product_0400.svg
401,Marshall Earbuds Plus,Electronics,Marshall,22610,4.9,4046,Silver,Marshall Earbuds Plus in Silver. Designed for everyday use with noise cancellation and fast charging. Reliable electronics choice with a practical design.,marshall earbuds silver noise cancellation fast charging electronics,18,product_0401.svg
402,Nothing 5G Smartphone Max,Mobiles,Nothing,46411,4.8,4177,Blue,Nothing 5G Smartphone Max in Blue. Designed for everyday use with 5g and amoled display. Reliable mobiles choice with a practical design.,nothing 5g smartphone blue 5g amoled display mobiles,35,product_0402.svg
403,Logitech Gaming Laptop Elite,Computers & Accessories,Logitech,12336,4.7,4308,Silver,Logitech Gaming Laptop Elite in Silver. Designed for everyday use with wireless and full hd. Reliable computers & accessories choice with a practical design.,logitech gaming laptop silver wireless full hd computers & accessories,16,product_0403.svg
404,Jack & Jones Chinos Classic,Men's Fashion,Jack & Jones,1283,4.6,4439,White,Jack & Jones Chinos Classic in White. Designed for everyday use with slim fit and regular fit. Reliable men's fashion choice with a practical design.,jack & jones chinos white slim fit regular fit men's fashion,33,product_0404.svg
405,ONLY Co-ord Set Prime,Women's Fashion,ONLY,8022,4.5,4570,White,ONLY Co-ord Set Prime in White. Designed for everyday use with cotton and regular fit. Reliable women's fashion choice with a practical design.,only co-ord set white cotton regular fit women's fashion,14,product_0405.svg
406,Puma Walking Shoes X,Footwear,Puma,12389,4.4,4701,Blue,Puma Walking Shoes X in Blue. Designed for everyday use with memory foam and cushioned sole. Reliable footwear choice with a practical design.,puma walking shoes blue memory foam cushioned sole footwear,31,product_0406.svg
407,Maybelline Hair Dryer Ultra,Beauty & Personal Care,Maybelline,3677,4.3,4832,Rose,Maybelline Hair Dryer Ultra in Rose. Designed for everyday use with long lasting and long lasting. Reliable beauty & personal care choice with a practical design.,maybelline hair dryer rose long lasting long lasting beauty & personal care,12,product_0407.svg
408,Prestige Cookware Set Pro,Home & Kitchen,Prestige,5197,4.2,113,Blue,Prestige Cookware Set Pro in Blue. Designed for everyday use with food grade and dishwasher safe. Reliable home & kitchen choice with a practical design.,prestige cookware set blue food grade dishwasher safe home & kitchen,29,product_0408.svg
409,Panasonic Air Purifier Plus,Home Appliances,Panasonic,3833,4.1,244,Silver,Panasonic Air Purifier Plus in Silver. Designed for everyday use with inverter and smart control. Reliable home appliances choice with a practical design.,panasonic air purifier silver inverter smart control home appliances,10,product_0409.svg
410,Pepperfry TV Unit Max,Furniture,Pepperfry,32722,4.0,375,Black,Pepperfry TV Unit Max in Black. Designed for everyday use with engineered wood and ergonomic. Reliable furniture choice with a practical design.,pepperfry tv unit black engineered wood ergonomic furniture,27,product_0410.svg
411,Cosco Cricket Bat Elite,Sports & Fitness,Cosco,4901,3.9,506,Green,Cosco Cricket Bat Elite in Green. Designed for everyday use with water resistant and anti-slip. Reliable sports & fitness choice with a practical design.,cosco cricket bat green water resistant anti-slip sports & fitness,8,product_0411.svg
412,Penguin Business Book Classic,Books,Penguin,2463,3.8,637,Red,Penguin Business Book Classic in Red. Designed for everyday use with latest edition and latest edition. Reliable books choice with a practical design.,penguin business book red latest edition latest edition books,25,product_0412.svg
413,LEGO Toy Gun Prime,Toys & Games,LEGO,4211,3.7,768,Multi,LEGO Toy Gun Prime in Multi. Designed for everyday use with family game and educational. Reliable toys & games choice with a practical design.,lego toy gun multi family game educational toys & games,6,product_0413.svg
414,Castrol LED Headlight X,Automotive,Castrol,4288,3.6,899,Blue,Castrol LED Headlight X in Blue. Designed for everyday use with premium quality and water resistant. Reliable automotive choice with a practical design.,castrol led headlight blue premium quality water resistant automotive,23,product_0414.svg
415,Aashirvaad Biscuits Ultra,Grocery,Aashirvaad,1556,3.5,1030,Natural,Aashirvaad Biscuits Ultra in Natural. Designed for everyday use with premium quality and no preservatives. Reliable grocery choice with a practical design.,aashirvaad biscuits natural premium quality no preservatives grocery,40,product_0415.svg
416,HealthKart First Aid Kit Pro,Health & Wellness,HealthKart,4412,3.4,1161,White,HealthKart First Aid Kit Pro in White. Designed for everyday use with premium quality and lab tested. Reliable health & wellness choice with a practical design.,healthkart first aid kit white premium quality lab tested health & wellness,21,product_0416.svg
417,Pedigree Leash Plus,Pet Supplies,Pedigree,2599,3.3,1292,Red,Pedigree Leash Plus in Red. Designed for everyday use with comfortable and comfortable. Reliable pet supplies choice with a practical design.,pedigree leash red comfortable comfortable pet supplies,38,product_0417.svg
418,IKEA Pruning Shears Max,Garden & Outdoors,IKEA,5020,3.2,1423,White,IKEA Pruning Shears Max in White. Designed for everyday use with lightweight and eco friendly. Reliable garden & outdoors choice with a practical design.,ikea pruning shears white lightweight eco friendly garden & outdoors,19,product_0418.svg
419,Mia Smart Watch Elite,Jewellery & Accessories,Mia,10925,5.0,1554,Black,Mia Smart Watch Elite in Black. Designed for everyday use with adjustable and scratch resistant. Reliable jewellery & accessories choice with a practical design.,mia smart watch black adjustable scratch resistant jewellery & accessories,36,product_0419.svg
420,Classmate Calculator Classic,Office & Stationery,Classmate,7546,4.9,1685,Black,Classmate Calculator Classic in Black. Designed for everyday use with smooth writing and durable. Reliable office & stationery choice with a practical design.,classmate calculator black smooth writing durable office & stationery,17,product_0420.svg
421,Anker Portable Projector Prime,Electronics,Anker,5784,4.8,1816,Silver,Anker Portable Projector Prime in Silver. Designed for everyday use with noise cancellation and bluetooth 5.3. Reliable electronics choice with a practical design.,anker portable projector silver noise cancellation bluetooth 5.3 electronics,34,product_0421.svg
422,Apple Budget Smartphone X,Mobiles,Apple,83790,4.7,1947,Blue,Apple Budget Smartphone X in Blue. Designed for everyday use with 5g and dual sim. Reliable mobiles choice with a practical design.,apple budget smartphone blue 5g dual sim mobiles,15,product_0422.svg
423,HP Monitor Ultra,Computers & Accessories,HP,11715,4.6,2078,Silver,HP Monitor Ultra in Silver. Designed for everyday use with wireless and 16gb ram. Reliable computers & accessories choice with a practical design.,hp monitor silver wireless 16gb ram computers & accessories,32,product_0423.svg
424,Levis Slim Fit Jeans Pro,Men's Fashion,Levis,3639,4.5,2209,Grey,Levis Slim Fit Jeans Pro in Grey. Designed for everyday use with slim fit and regular fit. Reliable men's fashion choice with a practical design.,levis slim fit jeans grey slim fit regular fit men's fashion,13,product_0424.svg
425,Mango Jeans Plus,Women's Fashion,Mango,2983,4.4,2340,Beige,Mango Jeans Plus in Beige. Designed for everyday use with cotton and regular fit. Reliable women's fashion choice with a practical design.,mango jeans beige cotton regular fit women's fashion,30,product_0425.svg
426,Crocs Slides Max,Footwear,Crocs,13458,4.3,2471,Blue,Crocs Slides Max in Blue. Designed for everyday use with memory foam and cushioned sole. Reliable footwear choice with a practical design.,crocs slides blue memory foam cushioned sole footwear,11,product_0426.svg
427,The Body Shop Moisturizer Elite,Beauty & Personal Care,The Body Shop,5430,4.2,2602,Rose,The Body Shop Moisturizer Elite in Rose. Designed for everyday use with long lasting and long lasting. Reliable beauty & personal care choice with a practical design.,the body shop moisturizer rose long lasting long lasting beauty & personal care,28,product_0427.svg
428,Borosil Storage Container Classic,Home & Kitchen,Borosil,11165,4.1,2733,Blue,Borosil Storage Container Classic in Blue. Designed for everyday use with food grade and dishwasher safe. Reliable home & kitchen choice with a practical design.,borosil storage container blue food grade dishwasher safe home & kitchen,9,product_0428.svg
429,IFB Water Heater Prime,Home Appliances,IFB,74712,4.0,2864,Silver,IFB Water Heater Prime in Silver. Designed for everyday use with inverter and smart control. Reliable home appliances choice with a practical design.,ifb water heater silver inverter smart control home appliances,26,product_0429.svg
430,HomeTown Bookshelf X,Furniture,HomeTown,47099,3.9,2995,Grey,HomeTown Bookshelf X in Grey. Designed for everyday use with engineered wood and ergonomic. Reliable furniture choice with a practical design.,hometown bookshelf grey engineered wood ergonomic furniture,7,product_0430.svg
431,Nike Fitness Band Ultra,Sports & Fitness,Nike,6271,3.8,3126,Green,Nike Fitness Band Ultra in Green. Designed for everyday use with water resistant and anti-slip. Reliable sports & fitness choice with a practical design.,nike fitness band green water resistant anti-slip sports & fitness,24,product_0431.svg
432,Penguin Programming Book Pro,Books,Penguin,1186,3.7,3257,Red,Penguin Programming Book Pro in Red. Designed for everyday use with latest edition and latest edition. Reliable books choice with a practical design.,penguin programming book red latest edition latest edition books,5,product_0432.svg
433,LEGO Action Figure Plus,Toys & Games,LEGO,6575,3.6,3388,Multi,LEGO Action Figure Plus in Multi. Designed for everyday use with family game and educational. Reliable toys & games choice with a practical design.,lego action figure multi family game educational toys & games,22,product_0433.svg
434,Goodyear Bike Helmet Max,Automotive,Goodyear,14660,3.5,3519,Blue,Goodyear Bike Helmet Max in Blue. Designed for everyday use with premium quality and water resistant. Reliable automotive choice with a practical design.,goodyear bike helmet blue premium quality water resistant automotive,39,product_0434.svg
435,Amul Wheat Flour Elite,Grocery,Amul,252,3.4,3650,Natural,Amul Wheat Flour Elite in Natural. Designed for everyday use with premium quality and no preservatives. Reliable grocery choice with a practical design.,amul wheat flour natural premium quality no preservatives grocery,20,product_0435.svg
436,Patanjali Protein Powder Classic,Health & Wellness,Patanjali,1968,3.3,3781,White,Patanjali Protein Powder Classic in White. Designed for everyday use with premium quality and lab tested. Reliable health & wellness choice with a practical design.,patanjali protein powder white premium quality lab tested health & wellness,37,product_0436.svg
437,Pedigree Pet Carrier Prime,Pet Supplies,Pedigree,4959,3.2,3912,Red,Pedigree Pet Carrier Prime in Red. Designed for everyday use with comfortable and comfortable. Reliable pet supplies choice with a practical design.,pedigree pet carrier red comfortable comfortable pet supplies,18,product_0437.svg
438,Ugaoo Plant Seeds X,Garden & Outdoors,Ugaoo,6380,5.0,4043,White,Ugaoo Plant Seeds X in White. Designed for everyday use with lightweight and eco friendly. Reliable garden & outdoors choice with a practical design.,ugaoo plant seeds white lightweight eco friendly garden & outdoors,35,product_0438.svg
439,Mia Wallet Ultra,Jewellery & Accessories,Mia,22299,4.9,4174,Black,Mia Wallet Ultra in Black. Designed for everyday use with adjustable and scratch resistant. Reliable jewellery & accessories choice with a practical design.,mia wallet black adjustable scratch resistant jewellery & accessories,16,product_0439.svg
440,Classmate Notebook Pro,Office & Stationery,Classmate,16220,4.8,4305,Black,Classmate Notebook Pro in Black. Designed for everyday use with smooth writing and durable. Reliable office & stationery choice with a practical design.,classmate notebook black smooth writing durable office & stationery,33,product_0440.svg
441,Marshall Earbuds Plus,Electronics,Marshall,18159,4.7,4436,Silver,Marshall Earbuds Plus in Silver. Designed for everyday use with noise cancellation and hi-fi audio. Reliable electronics choice with a practical design.,marshall earbuds silver noise cancellation hi-fi audio electronics,14,product_0441.svg
442,Nothing Camera Phone Max,Mobiles,Nothing,121169,4.6,4567,Blue,Nothing Camera Phone Max in Blue. Designed for everyday use with 5g and fast charging. Reliable mobiles choice with a practical design.,nothing camera phone blue 5g fast charging mobiles,31,product_0442.svg
443,Logitech Gaming Laptop Elite,Computers & Accessories,Logitech,11094,4.5,4698,Silver,Logitech Gaming Laptop Elite in Silver. Designed for everyday use with wireless and backlit. Reliable computers & accessories choice with a practical design.,logitech gaming laptop silver wireless backlit computers & accessories,12,product_0443.svg
444,Jack & Jones Chinos Classic,Men's Fashion,Jack & Jones,5995,4.4,4829,Black,Jack & Jones Chinos Classic in Black. Designed for everyday use with slim fit and regular fit. Reliable men's fashion choice with a practical design.,jack & jones chinos black slim fit regular fit men's fashion,29,product_0444.svg
445,ONLY Co-ord Set Prime,Women's Fashion,ONLY,6545,4.3,110,Pink,ONLY Co-ord Set Prime in Pink. Designed for everyday use with cotton and regular fit. Reliable women's fashion choice with a practical design.,only co-ord set pink cotton regular fit women's fashion,10,product_0445.svg
446,Puma Walking Shoes X,Footwear,Puma,14527,4.2,241,Blue,Puma Walking Shoes X in Blue. Designed for everyday use with memory foam and cushioned sole. Reliable footwear choice with a practical design.,puma walking shoes blue memory foam cushioned sole footwear,27,product_0446.svg
447,Maybelline Hair Dryer Ultra,Beauty & Personal Care,Maybelline,1382,4.1,372,Rose,Maybelline Hair Dryer Ultra in Rose. Designed for everyday use with long lasting and long lasting. Reliable beauty & personal care choice with a practical design.,maybelline hair dryer rose long lasting long lasting beauty & personal care,8,product_0447.svg
448,Prestige Cookware Set Pro,Home & Kitchen,Prestige,4432,4.0,503,Blue,Prestige Cookware Set Pro in Blue. Designed for everyday use with food grade and dishwasher safe. Reliable home & kitchen choice with a practical design.,prestige cookware set blue food grade dishwasher safe home & kitchen,25,product_0448.svg
449,Panasonic Air Purifier Plus,Home Appliances,Panasonic,58090,3.9,634,Silver,Panasonic Air Purifier Plus in Silver. Designed for everyday use with inverter and smart control. Reliable home appliances choice with a practical design.,panasonic air purifier silver inverter smart control home appliances,6,product_0449.svg
450,IKEA TV Unit Max,Furniture,IKEA,13475,3.8,765,Walnut,IKEA TV Unit Max in Walnut. Designed for everyday use with engineered wood and ergonomic. Reliable furniture choice with a practical design.,ikea tv unit walnut engineered wood ergonomic furniture,23,product_0450.svg
451,Cosco Cricket Bat Elite,Sports & Fitness,Cosco,7641,3.7,896,Green,Cosco Cricket Bat Elite in Green. Designed for everyday use with water resistant and anti-slip. Reliable sports & fitness choice with a practical design.,cosco cricket bat green water resistant anti-slip sports & fitness,40,product_0451.svg
452,Penguin Business Book Classic,Books,Penguin,2710,3.6,1027,Red,Penguin Business Book Classic in Red. Designed for everyday use with latest edition and latest edition. Reliable books choice with a practical design.,penguin business book red latest edition latest edition books,21,product_0452.svg
453,LEGO Toy Gun Prime,Toys & Games,LEGO,8939,3.5,1158,Multi,LEGO Toy Gun Prime in Multi. Designed for everyday use with family game and educational. Reliable toys & games choice with a practical design.,lego toy gun multi family game educational toys & games,38,product_0453.svg
454,Castrol LED Headlight X,Automotive,Castrol,6531,3.4,1289,Blue,Castrol LED Headlight X in Blue. Designed for everyday use with premium quality and water resistant. Reliable automotive choice with a practical design.,castrol led headlight blue premium quality water resistant automotive,19,product_0454.svg
455,Aashirvaad Biscuits Ultra,Grocery,Aashirvaad,849,3.3,1420,Natural,Aashirvaad Biscuits Ultra in Natural. Designed for everyday use with premium quality and no preservatives. Reliable grocery choice with a practical design.,aashirvaad biscuits natural premium quality no preservatives grocery,36,product_0455.svg
456,Himalaya Digital Weighing Scale Pro,Health & Wellness,Himalaya,6225,3.2,1551,White,Himalaya Digital Weighing Scale Pro in White. Designed for everyday use with premium quality and lab tested. Reliable health & wellness choice with a practical design.,himalaya digital weighing scale white premium quality lab tested health & wellness,17,product_0456.svg
457,Pedigree Leash Plus,Pet Supplies,Pedigree,7319,5.0,1682,Red,Pedigree Leash Plus in Red. Designed for everyday use with comfortable and comfortable. Reliable pet supplies choice with a practical design.,pedigree leash red comfortable comfortable pet supplies,34,product_0457.svg
458,Kraft Seeds LED Garden Light Max,Garden & Outdoors,Kraft Seeds,7740,4.9,1813,White,Kraft Seeds LED Garden Light Max in White. Designed for everyday use with lightweight and eco friendly. Reliable garden & outdoors choice with a practical design.,kraft seeds led garden light white lightweight eco friendly garden & outdoors,15,product_0458.svg
459,Mia Smart Watch Elite,Jewellery & Accessories,Mia,9172,4.8,1944,Black,Mia Smart Watch Elite in Black. Designed for everyday use with adjustable and scratch resistant. Reliable jewellery & accessories choice with a practical design.,mia smart watch black adjustable scratch resistant jewellery & accessories,32,product_0459.svg
460,Classmate Calculator Classic,Office & Stationery,Classmate,24894,4.7,2075,Black,Classmate Calculator Classic in Black. Designed for everyday use with smooth writing and durable. Reliable office & stationery choice with a practical design.,classmate calculator black smooth writing durable office & stationery,13,product_0460.svg
461,Anker Portable Projector Prime,Electronics,Anker,1333,4.6,2206,Silver,Anker Portable Projector Prime in Silver. Designed for everyday use with noise cancellation and fast charging. Reliable electronics choice with a practical design.,anker portable projector silver noise cancellation fast charging electronics,30,product_0461.svg
462,Apple 5G Smartphone X,Mobiles,Apple,37547,4.5,2337,Blue,Apple 5G Smartphone X in Blue. Designed for everyday use with 5g and amoled display. Reliable mobiles choice with a practical design.,apple 5g smartphone blue 5g amoled display mobiles,11,product_0462.svg
463,HP Monitor Ultra,Computers & Accessories,HP,10473,4.4,2468,Silver,HP Monitor Ultra in Silver. Designed for everyday use with wireless and full hd. Reliable computers & accessories choice with a practical design.,hp monitor silver wireless full hd computers & accessories,28,product_0463.svg
464,Levis Slim Fit Jeans Pro,Men's Fashion,Levis,1850,4.3,2599,White,Levis Slim Fit Jeans Pro in White. Designed for everyday use with slim fit and regular fit. Reliable men's fashion choice with a practical design.,levis slim fit jeans white slim fit regular fit men's fashion,9,product_0464.svg
465,Mango Jeans Plus,Women's Fashion,Mango,1506,4.2,2730,White,Mango Jeans Plus in White. Designed for everyday use with cotton and regular fit. Reliable women's fashion choice with a practical design.,mango jeans white cotton regular fit women's fashion,26,product_0465.svg
466,Crocs Slides Max,Footwear,Crocs,1295,4.1,2861,Blue,Crocs Slides Max in Blue. Designed for everyday use with memory foam and cushioned sole. Reliable footwear choice with a practical design.,crocs slides blue memory foam cushioned sole footwear,7,product_0466.svg
467,The Body Shop Moisturizer Elite,Beauty & Personal Care,The Body Shop,3135,4.0,2992,Rose,The Body Shop Moisturizer Elite in Rose. Designed for everyday use with long lasting and long lasting. Reliable beauty & personal care choice with a practical design.,the body shop moisturizer rose long lasting long lasting beauty & personal care,24,product_0467.svg
468,Borosil Storage Container Classic,Home & Kitchen,Borosil,10400,3.9,3123,Blue,Borosil Storage Container Classic in Blue. Designed for everyday use with food grade and dishwasher safe. Reliable home & kitchen choice with a practical design.,borosil storage container blue food grade dishwasher safe home & kitchen,5,product_0468.svg
469,IFB Water Heater Prime,Home Appliances,IFB,41468,3.8,3254,Silver,IFB Water Heater Prime in Silver. Designed for everyday use with inverter and smart control. Reliable home appliances choice with a practical design.,ifb water heater silver inverter smart control home appliances,22,product_0469.svg
470,Pepperfry Bookshelf X,Furniture,Pepperfry,27852,3.7,3385,Black,Pepperfry Bookshelf X in Black. Designed for everyday use with engineered wood and ergonomic. Reliable furniture choice with a practical design.,pepperfry bookshelf black engineered wood ergonomic furniture,39,product_0470.svg
471,Nike Fitness Band Ultra,Sports & Fitness,Nike,9011,3.6,3516,Green,Nike Fitness Band Ultra in Green. Designed for everyday use with water resistant and anti-slip. Reliable sports & fitness choice with a practical design.,nike fitness band green water resistant anti-slip sports & fitness,20,product_0471.svg
472,Penguin Programming Book Pro,Books,Penguin,1433,3.5,3647,Red,Penguin Programming Book Pro in Red. Designed for everyday use with latest edition and latest edition. Reliable books choice with a practical design.,penguin programming book red latest edition latest edition books,37,product_0472.svg
473,LEGO Action Figure Plus,Toys & Games,LEGO,1552,3.4,3778,Multi,LEGO Action Figure Plus in Multi. Designed for everyday use with family game and educational. Reliable toys & games choice with a practical design.,lego action figure multi family game educational toys & games,18,product_0473.svg
474,Goodyear Bike Helmet Max,Automotive,Goodyear,16903,3.3,3909,Blue,Goodyear Bike Helmet Max in Blue. Designed for everyday use with premium quality and water resistant. Reliable automotive choice with a practical design.,goodyear bike helmet blue premium quality water resistant automotive,35,product_0474.svg
475,Amul Wheat Flour Elite,Grocery,Amul,1446,3.2,4040,Natural,Amul Wheat Flour Elite in Natural. Designed for everyday use with premium quality and no preservatives. Reliable grocery choice with a practical design.,amul wheat flour natural premium quality no preservatives grocery,16,product_0475.svg
476,HealthKart Herbal Tea Classic,Health & Wellness,HealthKart,3781,5.0,4171,White,HealthKart Herbal Tea Classic in White. Designed for everyday use with premium quality and lab tested. Reliable health & wellness choice with a practical design.,healthkart herbal tea white premium quality lab tested health & wellness,33,product_0476.svg
477,Pedigree Pet Carrier Prime,Pet Supplies,Pedigree,1878,4.9,4302,Red,Pedigree Pet Carrier Prime in Red. Designed for everyday use with comfortable and comfortable. Reliable pet supplies choice with a practical design.,pedigree pet carrier red comfortable comfortable pet supplies,14,product_0477.svg
478,IKEA Garden Tool Set X,Garden & Outdoors,IKEA,1249,4.8,4433,White,IKEA Garden Tool Set X in White. Designed for everyday use with lightweight and eco friendly. Reliable garden & outdoors choice with a practical design.,ikea garden tool set white lightweight eco friendly garden & outdoors,31,product_0478.svg
479,Mia Wallet Ultra,Jewellery & Accessories,Mia,20546,4.7,4564,Black,Mia Wallet Ultra in Black. Designed for everyday use with adjustable and scratch resistant. Reliable jewellery & accessories choice with a practical design.,mia wallet black adjustable scratch resistant jewellery & accessories,12,product_0479.svg
480,Classmate Notebook Pro,Office & Stationery,Classmate,8617,4.6,4695,Black,Classmate Notebook Pro in Black. Designed for everyday use with smooth writing and durable. Reliable office & stationery choice with a practical design.,classmate notebook black smooth writing durable office & stationery,29,product_0480.svg
481,Marshall Earbuds Plus,Electronics,Marshall,13708,4.5,4826,Silver,Marshall Earbuds Plus in Silver. Designed for everyday use with noise cancellation and bluetooth 5.3. Reliable electronics choice with a practical design.,marshall earbuds silver noise cancellation bluetooth 5.3 electronics,10,product_0481.svg
482,Nothing Budget Smartphone Max,Mobiles,Nothing,74926,4.4,107,Blue,Nothing Budget Smartphone Max in Blue. Designed for everyday use with 5g and dual sim. Reliable mobiles choice with a practical design.,nothing budget smartphone blue 5g dual sim mobiles,27,product_0482.svg
483,Logitech Gaming Laptop Elite,Computers & Accessories,Logitech,9852,4.3,238,Silver,Logitech Gaming Laptop Elite in Silver. Designed for everyday use with wireless and 16gb ram. Reliable computers & accessories choice with a practical design.,logitech gaming laptop silver wireless 16gb ram computers & accessories,8,product_0483.svg
484,Jack & Jones Chinos Classic,Men's Fashion,Jack & Jones,4206,4.2,369,Grey,Jack & Jones Chinos Classic in Grey. Designed for everyday use with slim fit and regular fit. Reliable men's fashion choice with a practical design.,jack & jones chinos grey slim fit regular fit men's fashion,25,product_0484.svg
485,ONLY Co-ord Set Prime,Women's Fashion,ONLY,5068,4.1,500,Beige,ONLY Co-ord Set Prime in Beige. Designed for everyday use with cotton and regular fit. Reliable women's fashion choice with a practical design.,only co-ord set beige cotton regular fit women's fashion,6,product_0485.svg
486,Puma Walking Shoes X,Footwear,Puma,2364,4.0,631,Blue,Puma Walking Shoes X in Blue. Designed for everyday use with memory foam and cushioned sole. Reliable footwear choice with a practical design.,puma walking shoes blue memory foam cushioned sole footwear,23,product_0486.svg
487,Maybelline Hair Dryer Ultra,Beauty & Personal Care,Maybelline,4888,3.9,762,Rose,Maybelline Hair Dryer Ultra in Rose. Designed for everyday use with long lasting and long lasting. Reliable beauty & personal care choice with a practical design.,maybelline hair dryer rose long lasting long lasting beauty & personal care,40,product_0487.svg
488,Prestige Cookware Set Pro,Home & Kitchen,Prestige,3667,3.8,893,Blue,Prestige Cookware Set Pro in Blue. Designed for everyday use with food grade and dishwasher safe. Reliable home & kitchen choice with a practical design.,prestige cookware set blue food grade dishwasher safe home & kitchen,21,product_0488.svg
489,Panasonic Air Purifier Plus,Home Appliances,Panasonic,24846,3.7,1024,Silver,Panasonic Air Purifier Plus in Silver. Designed for everyday use with inverter and smart control. Reliable home appliances choice with a practical design.,panasonic air purifier silver inverter smart control home appliances,38,product_0489.svg
490,HomeTown TV Unit Max,Furniture,HomeTown,42229,3.6,1155,Grey,HomeTown TV Unit Max in Grey. Designed for everyday use with engineered wood and ergonomic. Reliable furniture choice with a practical design.,hometown tv unit grey engineered wood ergonomic furniture,19,product_0490.svg
491,Cosco Cricket Bat Elite,Sports & Fitness,Cosco,10381,3.5,1286,Green,Cosco Cricket Bat Elite in Green. Designed for everyday use with water resistant and anti-slip. Reliable sports & fitness choice with a practical design.,cosco cricket bat green water resistant anti-slip sports & fitness,36,product_0491.svg
492,Penguin Business Book Classic,Books,Penguin,2957,3.4,1417,Red,Penguin Business Book Classic in Red. Designed for everyday use with latest edition and latest edition. Reliable books choice with a practical design.,penguin business book red latest edition latest edition books,17,product_0492.svg
493,LEGO Toy Gun Prime,Toys & Games,LEGO,3916,3.3,1548,Multi,LEGO Toy Gun Prime in Multi. Designed for everyday use with family game and educational. Reliable toys & games choice with a practical design.,lego toy gun multi family game educational toys & games,34,product_0493.svg
494,Castrol LED Headlight X,Automotive,Castrol,8774,3.2,1679,Blue,Castrol LED Headlight X in Blue. Designed for everyday use with premium quality and water resistant. Reliable automotive choice with a practical design.,castrol led headlight blue premium quality water resistant automotive,15,product_0494.svg
495,Aashirvaad Biscuits Ultra,Grocery,Aashirvaad,142,5.0,1810,Natural,Aashirvaad Biscuits Ultra in Natural. Designed for everyday use with premium quality and no preservatives. Reliable grocery choice with a practical design.,aashirvaad biscuits natural premium quality no preservatives grocery,32,product_0495.svg
496,Patanjali Massage Gun Pro,Health & Wellness,Patanjali,1337,4.9,1941,White,Patanjali Massage Gun Pro in White. Designed for everyday use with premium quality and lab tested. Reliable health & wellness choice with a practical design.,patanjali massage gun white premium quality lab tested health & wellness,13,product_0496.svg
497,Pedigree Leash Plus,Pet Supplies,Pedigree,4238,4.8,2072,Red,Pedigree Leash Plus in Red. Designed for everyday use with comfortable and comfortable. Reliable pet supplies choice with a practical design.,pedigree leash red comfortable comfortable pet supplies,30,product_0497.svg
498,Ugaoo Outdoor Chair Max,Garden & Outdoors,Ugaoo,2609,4.7,2203,White,Ugaoo Outdoor Chair Max in White. Designed for everyday use with lightweight and eco friendly. Reliable garden & outdoors choice with a practical design.,ugaoo outdoor chair white lightweight eco friendly garden & outdoors,11,product_0498.svg
499,Mia Smart Watch Elite,Jewellery & Accessories,Mia,7419,4.6,2334,Black,Mia Smart Watch Elite in Black. Designed for everyday use with adjustable and scratch resistant. Reliable jewellery & accessories choice with a practical design.,mia smart watch black adjustable scratch resistant jewellery & accessories,28,product_0499.svg
500,Classmate Calculator Classic,Office & Stationery,Classmate,17291,4.5,2465,Black,Classmate Calculator Classic in Black. Designed for everyday use with smooth writing and durable. Reliable office & stationery choice with a practical design.,classmate calculator black smooth writing durable office & stationery,9,product_0500.svg
501,Anker Portable Projector Prime,Electronics,Anker,26083,4.4,2596,Silver,Anker Portable Projector Prime in Silver. Designed for everyday use with noise cancellation and hi-fi audio. Reliable electronics choice with a practical design.,anker portable projector silver noise cancellation hi-fi audio electronics,26,product_0501.svg
502,Apple Camera Phone X,Mobiles,Apple,112305,4.3,2727,Blue,Apple Camera Phone X in Blue. Designed for everyday use with 5g and fast charging. Reliable mobiles choice with a practical design.,apple camera phone blue 5g fast charging mobiles,7,product_0502.svg
503,HP Monitor Ultra,Computers & Accessories,HP,9231,4.2,2858,Silver,HP Monitor Ultra in Silver. Designed for everyday use with wireless and backlit. Reliable computers & accessories choice with a practical design.,hp monitor silver wireless backlit computers & accessories,24,product_0503.svg
504,Levis Slim Fit Jeans Pro,Men's Fashion,Levis,6562,4.1,2989,Black,Levis Slim Fit Jeans Pro in Black. Designed for everyday use with slim fit and regular fit. Reliable men's fashion choice with a practical design.,levis slim fit jeans black slim fit regular fit men's fashion,5,product_0504.svg
505,Mango Jeans Plus,Women's Fashion,Mango,8630,4.0,3120,Pink,Mango Jeans Plus in Pink. Designed for everyday use with cotton and regular fit. Reliable women's fashion choice with a practical design.,mango jeans pink cotton regular fit women's fashion,22,product_0505.svg
506,Crocs Slides Max,Footwear,Crocs,3433,3.9,3251,Blue,Crocs Slides Max in Blue. Designed for everyday use with memory foam and cushioned sole. Reliable footwear choice with a practical design.,crocs slides blue memory foam cushioned sole footwear,39,product_0506.svg
507,The Body Shop Moisturizer Elite,Beauty & Personal Care,The Body Shop,840,3.8,3382,Rose,The Body Shop Moisturizer Elite in Rose. Designed for everyday use with long lasting and long lasting. Reliable beauty & personal care choice with a practical design.,the body shop moisturizer rose long lasting long lasting beauty & personal care,20,product_0507.svg
508,Borosil Storage Container Classic,Home & Kitchen,Borosil,9635,3.7,3513,Blue,Borosil Storage Container Classic in Blue. Designed for everyday use with food grade and dishwasher safe. Reliable home & kitchen choice with a practical design.,borosil storage container blue food grade dishwasher safe home & kitchen,37,product_0508.svg
509,IFB Water Heater Prime,Home Appliances,IFB,8224,3.6,3644,Silver,IFB Water Heater Prime in Silver. Designed for everyday use with inverter and smart control. Reliable home appliances choice with a practical design.,ifb water heater silver inverter smart control home appliances,18,product_0509.svg
510,IKEA Bookshelf X,Furniture,IKEA,8605,3.5,3775,Walnut,IKEA Bookshelf X in Walnut. Designed for everyday use with engineered wood and ergonomic. Reliable furniture choice with a practical design.,ikea bookshelf walnut engineered wood ergonomic furniture,35,product_0510.svg
511,Nike Fitness Band Ultra,Sports & Fitness,Nike,11751,3.4,3906,Green,Nike Fitness Band Ultra in Green. Designed for everyday use with water resistant and anti-slip. Reliable sports & fitness choice with a practical design.,nike fitness band green water resistant anti-slip sports & fitness,16,product_0511.svg
512,Penguin Programming Book Pro,Books,Penguin,1680,3.3,4037,Red,Penguin Programming Book Pro in Red. Designed for everyday use with latest edition and latest edition. Reliable books choice with a practical design.,penguin programming book red latest edition latest edition books,33,product_0512.svg
513,LEGO Action Figure Plus,Toys & Games,LEGO,6280,3.2,4168,Multi,LEGO Action Figure Plus in Multi. Designed for everyday use with family game and educational. Reliable toys & games choice with a practical design.,lego action figure multi family game educational toys & games,14,product_0513.svg
514,Goodyear Bike Helmet Max,Automotive,Goodyear,645,5.0,4299,Blue,Goodyear Bike Helmet Max in Blue. Designed for everyday use with premium quality and water resistant. Reliable automotive choice with a practical design.,goodyear bike helmet blue premium quality water resistant automotive,31,product_0514.svg
515,Amul Wheat Flour Elite,Grocery,Amul,739,4.9,4430,Natural,Amul Wheat Flour Elite in Natural. Designed for everyday use with premium quality and no preservatives. Reliable grocery choice with a practical design.,amul wheat flour natural premium quality no preservatives grocery,12,product_0515.svg
516,Himalaya Foam Roller Classic,Health & Wellness,Himalaya,5594,4.8,4561,White,Himalaya Foam Roller Classic in White. Designed for everyday use with premium quality and lab tested. Reliable health & wellness choice with a practical design.,himalaya foam roller white premium quality lab tested health & wellness,29,product_0516.svg
517,Pedigree Pet Carrier Prime,Pet Supplies,Pedigree,6598,4.7,4692,Red,Pedigree Pet Carrier Prime in Red. Designed for everyday use with comfortable and comfortable. Reliable pet supplies choice with a practical design.,pedigree pet carrier red comfortable comfortable pet supplies,10,product_0517.svg
518,Kraft Seeds Planter X,Garden & Outdoors,Kraft Seeds,3969,4.6,4823,White,Kraft Seeds Planter X in White. Designed for everyday use with lightweight and eco friendly. Reliable garden & outdoors choice with a practical design.,kraft seeds planter white lightweight eco friendly garden & outdoors,27,product_0518.svg
519,Mia Wallet Ultra,Jewellery & Accessories,Mia,18793,4.5,104,Black,Mia Wallet Ultra in Black. Designed for everyday use with adjustable and scratch resistant. Reliable jewellery & accessories choice with a practical design.,mia wallet black adjustable scratch resistant jewellery & accessories,8,product_0519.svg
520,Classmate Notebook Pro,Office & Stationery,Classmate,1014,4.4,235,Black,Classmate Notebook Pro in Black. Designed for everyday use with smooth writing and durable. Reliable office & stationery choice with a practical design.,classmate notebook black smooth writing durable office & stationery,25,product_0520.svg
521,Marshall Earbuds Plus,Electronics,Marshall,9257,4.3,366,Silver,Marshall Earbuds Plus in Silver. Designed for everyday use with noise cancellation and fast charging. Reliable electronics choice with a practical design.,marshall earbuds silver noise cancellation fast charging electronics,6,product_0521.svg
522,Nothing 5G Smartphone Max,Mobiles,Nothing,28683,4.2,497,Blue,Nothing 5G Smartphone Max in Blue. Designed for everyday use with 5g and amoled display. Reliable mobiles choice with a practical design.,nothing 5g smartphone blue 5g amoled display mobiles,23,product_0522.svg
523,Logitech Gaming Laptop Elite,Computers & Accessories,Logitech,8610,4.1,628,Silver,Logitech Gaming Laptop Elite in Silver. Designed for everyday use with wireless and full hd. Reliable computers & accessories choice with a practical design.,logitech gaming laptop silver wireless full hd computers & accessories,40,product_0523.svg
524,Jack & Jones Chinos Classic,Men's Fashion,Jack & Jones,2417,4.0,759,White,Jack & Jones Chinos Classic in White. Designed for everyday use with slim fit and regular fit. Reliable men's fashion choice with a practical design.,jack & jones chinos white slim fit regular fit men's fashion,21,product_0524.svg
525,ONLY Co-ord Set Prime,Women's Fashion,ONLY,3591,3.9,890,White,ONLY Co-ord Set Prime in White. Designed for everyday use with cotton and regular fit. Reliable women's fashion choice with a practical design.,only co-ord set white cotton regular fit women's fashion,38,product_0525.svg
526,Puma Walking Shoes X,Footwear,Puma,4502,3.8,1021,Blue,Puma Walking Shoes X in Blue. Designed for everyday use with memory foam and cushioned sole. Reliable footwear choice with a practical design.,puma walking shoes blue memory foam cushioned sole footwear,19,product_0526.svg
527,Maybelline Hair Dryer Ultra,Beauty & Personal Care,Maybelline,2593,3.7,1152,Rose,Maybelline Hair Dryer Ultra in Rose. Designed for everyday use with long lasting and long lasting. Reliable beauty & personal care choice with a practical design.,maybelline hair dryer rose long lasting long lasting beauty & personal care,36,product_0527.svg
528,Prestige Cookware Set Pro,Home & Kitchen,Prestige,2902,3.6,1283,Blue,Prestige Cookware Set Pro in Blue. Designed for everyday use with food grade and dishwasher safe. Reliable home & kitchen choice with a practical design.,prestige cookware set blue food grade dishwasher safe home & kitchen,17,product_0528.svg
529,Panasonic Air Purifier Plus,Home Appliances,Panasonic,79103,3.5,1414,Silver,Panasonic Air Purifier Plus in Silver. Designed for everyday use with inverter and smart control. Reliable home appliances choice with a practical design.,panasonic air purifier silver inverter smart control home appliances,34,product_0529.svg
530,Pepperfry TV Unit Max,Furniture,Pepperfry,22982,3.4,1545,Black,Pepperfry TV Unit Max in Black. Designed for everyday use with engineered wood and ergonomic. Reliable furniture choice with a practical design.,pepperfry tv unit black engineered wood ergonomic furniture,15,product_0530.svg
531,Cosco Cricket Bat Elite,Sports & Fitness,Cosco,13121,3.3,1676,Green,Cosco Cricket Bat Elite in Green. Designed for everyday use with water resistant and anti-slip. Reliable sports & fitness choice with a practical design.,cosco cricket bat green water resistant anti-slip sports & fitness,32,product_0531.svg
532,Penguin Business Book Classic,Books,Penguin,403,3.2,1807,Red,Penguin Business Book Classic in Red. Designed for everyday use with latest edition and latest edition. Reliable books choice with a practical design.,penguin business book red latest edition latest edition books,13,product_0532.svg
533,LEGO Toy Gun Prime,Toys & Games,LEGO,8644,5.0,1938,Multi,LEGO Toy Gun Prime in Multi. Designed for everyday use with family game and educational. Reliable toys & games choice with a practical design.,lego toy gun multi family game educational toys & games,30,product_0533.svg
534,Castrol LED Headlight X,Automotive,Castrol,11017,4.9,2069,Blue,Castrol LED Headlight X in Blue. Designed for everyday use with premium quality and water resistant. Reliable automotive choice with a practical design.,castrol led headlight blue premium quality water resistant automotive,11,product_0534.svg
535,Aashirvaad Biscuits Ultra,Grocery,Aashirvaad,1336,4.8,2200,Natural,Aashirvaad Biscuits Ultra in Natural. Designed for everyday use with premium quality and no preservatives. Reliable grocery choice with a practical design.,aashirvaad biscuits natural premium quality no preservatives grocery,28,product_0535.svg
536,HealthKart Vitamin Pack Pro,Health & Wellness,HealthKart,3150,4.7,2331,White,HealthKart Vitamin Pack Pro in White. Designed for everyday use with premium quality and lab tested. Reliable health & wellness choice with a practical design.,healthkart vitamin pack white premium quality lab tested health & wellness,9,product_0536.svg
537,Pedigree Leash Plus,Pet Supplies,Pedigree,1157,4.6,2462,Red,Pedigree Leash Plus in Red. Designed for everyday use with comfortable and comfortable. Reliable pet supplies choice with a practical design.,pedigree leash red comfortable comfortable pet supplies,26,product_0537.svg
538,IKEA Watering Can Max,Garden & Outdoors,IKEA,5329,4.5,2593,White,IKEA Watering Can Max in White. Designed for everyday use with lightweight and eco friendly. Reliable garden & outdoors choice with a practical design.,ikea watering can white lightweight eco friendly garden & outdoors,7,product_0538.svg
539,Mia Smart Watch Elite,Jewellery & Accessories,Mia,5666,4.4,2724,Black,Mia Smart Watch Elite in Black. Designed for everyday use with adjustable and scratch resistant. Reliable jewellery & accessories choice with a practical design.,mia smart watch black adjustable scratch resistant jewellery & accessories,24,product_0539.svg
540,Classmate Calculator Classic,Office & Stationery,Classmate,9688,4.3,2855,Black,Classmate Calculator Classic in Black. Designed for everyday use with smooth writing and durable. Reliable office & stationery choice with a practical design.,classmate calculator black smooth writing durable office & stationery,5,product_0540.svg
541,Anker Portable Projector Prime,Electronics,Anker,21632,4.2,2986,Silver,Anker Portable Projector Prime in Silver. Designed for everyday use with noise cancellation and bluetooth 5.3. Reliable electronics choice with a practical design.,anker portable projector silver noise cancellation bluetooth 5.3 electronics,22,product_0541.svg
542,Apple Budget Smartphone X,Mobiles,Apple,66062,4.1,3117,Blue,Apple Budget Smartphone X in Blue. Designed for everyday use with 5g and dual sim. Reliable mobiles choice with a practical design.,apple budget smartphone blue 5g dual sim mobiles,39,product_0542.svg
543,HP Monitor Ultra,Computers & Accessories,HP,7989,4.0,3248,Silver,HP Monitor Ultra in Silver. Designed for everyday use with wireless and 16gb ram. Reliable computers & accessories choice with a practical design.,hp monitor silver wireless 16gb ram computers & accessories,20,product_0543.svg
544,Levis Slim Fit Jeans Pro,Men's Fashion,Levis,4773,3.9,3379,Grey,Levis Slim Fit Jeans Pro in Grey. Designed for everyday use with slim fit and regular fit. Reliable men's fashion choice with a practical design.,levis slim fit jeans grey slim fit regular fit men's fashion,37,product_0544.svg
545,Mango Jeans Plus,Women's Fashion,Mango,7153,3.8,3510,Beige,Mango Jeans Plus in Beige. Designed for everyday use with cotton and regular fit. Reliable women's fashion choice with a practical design.,mango jeans beige cotton regular fit women's fashion,18,product_0545.svg
546,Crocs Slides Max,Footwear,Crocs,5571,3.7,3641,Blue,Crocs Slides Max in Blue. Designed for everyday use with memory foam and cushioned sole. Reliable footwear choice with a practical design.,crocs slides blue memory foam cushioned sole footwear,35,product_0546.svg
547,The Body Shop Moisturizer Elite,Beauty & Personal Care,The Body Shop,4346,3.6,3772,Rose,The Body Shop Moisturizer Elite in Rose. Designed for everyday use with long lasting and long lasting. Reliable beauty & personal care choice with a practical design.,the body shop moisturizer rose long lasting long lasting beauty & personal care,16,product_0547.svg
548,Borosil Storage Container Classic,Home & Kitchen,Borosil,8870,3.5,3903,Blue,Borosil Storage Container Classic in Blue. Designed for everyday use with food grade and dishwasher safe. Reliable home & kitchen choice with a practical design.,borosil storage container blue food grade dishwasher safe home & kitchen,33,product_0548.svg
549,IFB Water Heater Prime,Home Appliances,IFB,62481,3.4,4034,Silver,IFB Water Heater Prime in Silver. Designed for everyday use with inverter and smart control. Reliable home appliances choice with a practical design.,ifb water heater silver inverter smart control home appliances,14,product_0549.svg
550,HomeTown Bookshelf X,Furniture,HomeTown,37359,3.3,4165,Grey,HomeTown Bookshelf X in Grey. Designed for everyday use with engineered wood and ergonomic. Reliable furniture choice with a practical design.,hometown bookshelf grey engineered wood ergonomic furniture,31,product_0550.svg
551,Nike Fitness Band Ultra,Sports & Fitness,Nike,14491,3.2,4296,Green,Nike Fitness Band Ultra in Green. Designed for everyday use with water resistant and anti-slip. Reliable sports & fitness choice with a practical design.,nike fitness band green water resistant anti-slip sports & fitness,12,product_0551.svg
552,Penguin Programming Book Pro,Books,Penguin,1927,5.0,4427,Red,Penguin Programming Book Pro in Red. Designed for everyday use with latest edition and latest edition. Reliable books choice with a practical design.,penguin programming book red latest edition latest edition books,29,product_0552.svg
553,LEGO Action Figure Plus,Toys & Games,LEGO,1257,4.9,4558,Multi,LEGO Action Figure Plus in Multi. Designed for everyday use with family game and educational. Reliable toys & games choice with a practical design.,lego action figure multi family game educational toys & games,10,product_0553.svg
554,Goodyear Bike Helmet Max,Automotive,Goodyear,2888,4.8,4689,Blue,Goodyear Bike Helmet Max in Blue. Designed for everyday use with premium quality and water resistant. Reliable automotive choice with a practical design.,goodyear bike helmet blue premium quality water resistant automotive,27,product_0554.svg
555,Amul Wheat Flour Elite,Grocery,Amul,1933,4.7,4820,Natural,Amul Wheat Flour Elite in Natural. Designed for everyday use with premium quality and no preservatives. Reliable grocery choice with a practical design.,amul wheat flour natural premium quality no preservatives grocery,8,product_0555.svg
556,Patanjali First Aid Kit Classic,Health & Wellness,Patanjali,706,4.6,101,White,Patanjali First Aid Kit Classic in White. Designed for everyday use with premium quality and lab tested. Reliable health & wellness choice with a practical design.,patanjali first aid kit white premium quality lab tested health & wellness,25,product_0556.svg
557,Pedigree Pet Carrier Prime,Pet Supplies,Pedigree,3517,4.5,232,Red,Pedigree Pet Carrier Prime in Red. Designed for everyday use with comfortable and comfortable. Reliable pet supplies choice with a practical design.,pedigree pet carrier red comfortable comfortable pet supplies,6,product_0557.svg
558,Ugaoo Pruning Shears X,Garden & Outdoors,Ugaoo,6689,4.4,363,White,Ugaoo Pruning Shears X in White. Designed for everyday use with lightweight and eco friendly. Reliable garden & outdoors choice with a practical design.,ugaoo pruning shears white lightweight eco friendly garden & outdoors,23,product_0558.svg
559,Mia Wallet Ultra,Jewellery & Accessories,Mia,17040,4.3,494,Black,Mia Wallet Ultra in Black. Designed for everyday use with adjustable and scratch resistant. Reliable jewellery & accessories choice with a practical design.,mia wallet black adjustable scratch resistant jewellery & accessories,40,product_0559.svg
560,Classmate Notebook Pro,Office & Stationery,Classmate,18362,4.2,625,Black,Classmate Notebook Pro in Black. Designed for everyday use with smooth writing and durable. Reliable office & stationery choice with a practical design.,classmate notebook black smooth writing durable office & stationery,21,product_0560.svg
561,Marshall Earbuds Plus,Electronics,Marshall,4806,4.1,756,Silver,Marshall Earbuds Plus in Silver. Designed for everyday use with noise cancellation and hi-fi audio. Reliable electronics choice with a practical design.,marshall earbuds silver noise cancellation hi-fi audio electronics,38,product_0561.svg
562,Nothing Camera Phone Max,Mobiles,Nothing,103441,4.0,887,Blue,Nothing Camera Phone Max in Blue. Designed for everyday use with 5g and fast charging. Reliable mobiles choice with a practical design.,nothing camera phone blue 5g fast charging mobiles,19,product_0562.svg
563,Logitech Gaming Laptop Elite,Computers & Accessories,Logitech,7368,3.9,1018,Silver,Logitech Gaming Laptop Elite in Silver. Designed for everyday use with wireless and backlit. Reliable computers & accessories choice with a practical design.,logitech gaming laptop silver wireless backlit computers & accessories,36,product_0563.svg
564,Jack & Jones Chinos Classic,Men's Fashion,Jack & Jones,628,3.8,1149,Black,Jack & Jones Chinos Classic in Black. Designed for everyday use with slim fit and regular fit. Reliable men's fashion choice with a practical design.,jack & jones chinos black slim fit regular fit men's fashion,17,product_0564.svg
565,ONLY Co-ord Set Prime,Women's Fashion,ONLY,2114,3.7,1280,Pink,ONLY Co-ord Set Prime in Pink. Designed for everyday use with cotton and regular fit. Reliable women's fashion choice with a practical design.,only co-ord set pink cotton regular fit women's fashion,34,product_0565.svg
566,Puma Walking Shoes X,Footwear,Puma,6640,3.6,1411,Blue,Puma Walking Shoes X in Blue. Designed for everyday use with memory foam and cushioned sole. Reliable footwear choice with a practical design.,puma walking shoes blue memory foam cushioned sole footwear,15,product_0566.svg
567,Maybelline Hair Dryer Ultra,Beauty & Personal Care,Maybelline,298,3.5,1542,Rose,Maybelline Hair Dryer Ultra in Rose. Designed for everyday use with long lasting and long lasting. Reliable beauty & personal care choice with a practical design.,maybelline hair dryer rose long lasting long lasting beauty & personal care,32,product_0567.svg
568,Prestige Cookware Set Pro,Home & Kitchen,Prestige,2137,3.4,1673,Blue,Prestige Cookware Set Pro in Blue. Designed for everyday use with food grade and dishwasher safe. Reliable home & kitchen choice with a practical design.,prestige cookware set blue food grade dishwasher safe home & kitchen,13,product_0568.svg
569,Panasonic Air Purifier Plus,Home Appliances,Panasonic,45859,3.3,1804,Silver,Panasonic Air Purifier Plus in Silver. Designed for everyday use with inverter and smart control. Reliable home appliances choice with a practical design.,panasonic air purifier silver inverter smart control home appliances,30,product_0569.svg
570,IKEA TV Unit Max,Furniture,IKEA,3735,3.2,1935,Walnut,IKEA TV Unit Max in Walnut. Designed for everyday use with engineered wood and ergonomic. Reliable furniture choice with a practical design.,ikea tv unit walnut engineered wood ergonomic furniture,11,product_0570.svg
571,Cosco Cricket Bat Elite,Sports & Fitness,Cosco,15861,5.0,2066,Green,Cosco Cricket Bat Elite in Green. Designed for everyday use with water resistant and anti-slip. Reliable sports & fitness choice with a practical design.,cosco cricket bat green water resistant anti-slip sports & fitness,28,product_0571.svg
572,Penguin Business Book Classic,Books,Penguin,650,4.9,2197,Red,Penguin Business Book Classic in Red. Designed for everyday use with latest edition and latest edition. Reliable books choice with a practical design.,penguin business book red latest edition latest edition books,9,product_0572.svg
573,LEGO Toy Gun Prime,Toys & Games,LEGO,3621,4.8,2328,Multi,LEGO Toy Gun Prime in Multi. Designed for everyday use with family game and educational. Reliable toys & games choice with a practical design.,lego toy gun multi family game educational toys & games,26,product_0573.svg
574,Castrol LED Headlight X,Automotive,Castrol,13260,4.7,2459,Blue,Castrol LED Headlight X in Blue. Designed for everyday use with premium quality and water resistant. Reliable automotive choice with a practical design.,castrol led headlight blue premium quality water resistant automotive,7,product_0574.svg
575,Aashirvaad Biscuits Ultra,Grocery,Aashirvaad,629,4.6,2590,Natural,Aashirvaad Biscuits Ultra in Natural. Designed for everyday use with premium quality and no preservatives. Reliable grocery choice with a practical design.,aashirvaad biscuits natural premium quality no preservatives grocery,24,product_0575.svg
576,Himalaya Protein Powder Pro,Health & Wellness,Himalaya,4963,4.5,2721,White,Himalaya Protein Powder Pro in White. Designed for everyday use with premium quality and lab tested. Reliable health & wellness choice with a practical design.,himalaya protein powder white premium quality lab tested health & wellness,5,product_0576.svg
577,Pedigree Leash Plus,Pet Supplies,Pedigree,5877,4.4,2852,Red,Pedigree Leash Plus in Red. Designed for everyday use with comfortable and comfortable. Reliable pet supplies choice with a practical design.,pedigree leash red comfortable comfortable pet supplies,22,product_0577.svg
578,Kraft Seeds Plant Seeds Max,Garden & Outdoors,Kraft Seeds,198,4.3,2983,White,Kraft Seeds Plant Seeds Max in White. Designed for everyday use with lightweight and eco friendly. Reliable garden & outdoors choice with a practical design.,kraft seeds plant seeds white lightweight eco friendly garden & outdoors,39,product_0578.svg
579,Mia Smart Watch Elite,Jewellery & Accessories,Mia,3913,4.2,3114,Black,Mia Smart Watch Elite in Black. Designed for everyday use with adjustable and scratch resistant. Reliable jewellery & accessories choice with a practical design.,mia smart watch black adjustable scratch resistant jewellery & accessories,20,product_0579.svg
580,Classmate Calculator Classic,Office & Stationery,Classmate,2085,4.1,3245,Black,Classmate Calculator Classic in Black. Designed for everyday use with smooth writing and durable. Reliable office & stationery choice with a practical design.,classmate calculator black smooth writing durable office & stationery,37,product_0580.svg
581,Anker Portable Projector Prime,Electronics,Anker,17181,4.0,3376,Silver,Anker Portable Projector Prime in Silver. Designed for everyday use with noise cancellation and fast charging. Reliable electronics choice with a practical design.,anker portable projector silver noise cancellation fast charging electronics,18,product_0581.svg
582,Apple 5G Smartphone X,Mobiles,Apple,19819,3.9,3507,Blue,Apple 5G Smartphone X in Blue. Designed for everyday use with 5g and amoled display. Reliable mobiles choice with a practical design.,apple 5g smartphone blue 5g amoled display mobiles,35,product_0582.svg
583,HP Monitor Ultra,Computers & Accessories,HP,6747,3.8,3638,Silver,HP Monitor Ultra in Silver. Designed for everyday use with wireless and full hd. Reliable computers & accessories choice with a practical design.,hp monitor silver wireless full hd computers & accessories,16,product_0583.svg
584,Levis Slim Fit Jeans Pro,Men's Fashion,Levis,2984,3.7,3769,White,Levis Slim Fit Jeans Pro in White. Designed for everyday use with slim fit and regular fit. Reliable men's fashion choice with a practical design.,levis slim fit jeans white slim fit regular fit men's fashion,33,product_0584.svg
585,Mango Jeans Plus,Women's Fashion,Mango,5676,3.6,3900,White,Mango Jeans Plus in White. Designed for everyday use with cotton and regular fit. Reliable women's fashion choice with a practical design.,mango jeans white cotton regular fit women's fashion,14,product_0585.svg
586,Crocs Slides Max,Footwear,Crocs,7709,3.5,4031,Blue,Crocs Slides Max in Blue. Designed for everyday use with memory foam and cushioned sole. Reliable footwear choice with a practical design.,crocs slides blue memory foam cushioned sole footwear,31,product_0586.svg
587,The Body Shop Moisturizer Elite,Beauty & Personal Care,The Body Shop,2051,3.4,4162,Rose,The Body Shop Moisturizer Elite in Rose. Designed for everyday use with long lasting and long lasting. Reliable beauty & personal care choice with a practical design.,the body shop moisturizer rose long lasting long lasting beauty & personal care,12,product_0587.svg
588,Borosil Storage Container Classic,Home & Kitchen,Borosil,8105,3.3,4293,Blue,Borosil Storage Container Classic in Blue. Designed for everyday use with food grade and dishwasher safe. Reliable home & kitchen choice with a practical design.,borosil storage container blue food grade dishwasher safe home & kitchen,29,product_0588.svg
589,IFB Water Heater Prime,Home Appliances,IFB,29237,3.2,4424,Silver,IFB Water Heater Prime in Silver. Designed for everyday use with inverter and smart control. Reliable home appliances choice with a practical design.,ifb water heater silver inverter smart control home appliances,10,product_0589.svg
590,Pepperfry Bookshelf X,Furniture,Pepperfry,18112,5.0,4555,Black,Pepperfry Bookshelf X in Black. Designed for everyday use with engineered wood and ergonomic. Reliable furniture choice with a practical design.,pepperfry bookshelf black engineered wood ergonomic furniture,27,product_0590.svg
591,Nike Fitness Band Ultra,Sports & Fitness,Nike,1530,4.9,4686,Green,Nike Fitness Band Ultra in Green. Designed for everyday use with water resistant and anti-slip. Reliable sports & fitness choice with a practical design.,nike fitness band green water resistant anti-slip sports & fitness,8,product_0591.svg
592,Penguin Programming Book Pro,Books,Penguin,2174,4.8,4817,Red,Penguin Programming Book Pro in Red. Designed for everyday use with latest edition and latest edition. Reliable books choice with a practical design.,penguin programming book red latest edition latest edition books,25,product_0592.svg
593,LEGO Action Figure Plus,Toys & Games,LEGO,5985,4.7,98,Multi,LEGO Action Figure Plus in Multi. Designed for everyday use with family game and educational. Reliable toys & games choice with a practical design.,lego action figure multi family game educational toys & games,6,product_0593.svg
594,Goodyear Bike Helmet Max,Automotive,Goodyear,5131,4.6,229,Blue,Goodyear Bike Helmet Max in Blue. Designed for everyday use with premium quality and water resistant. Reliable automotive choice with a practical design.,goodyear bike helmet blue premium quality water resistant automotive,23,product_0594.svg
595,Amul Wheat Flour Elite,Grocery,Amul,1226,4.5,360,Natural,Amul Wheat Flour Elite in Natural. Designed for everyday use with premium quality and no preservatives. Reliable grocery choice with a practical design.,amul wheat flour natural premium quality no preservatives grocery,40,product_0595.svg
596,HealthKart Digital Weighing Scale Classic,Health & Wellness,HealthKart,2519,4.4,491,White,HealthKart Digital Weighing Scale Classic in White. Designed for everyday use with premium quality and lab tested. Reliable health & wellness choice with a practical design.,healthkart digital weighing scale white premium quality lab tested health & wellness,21,product_0596.svg
597,Pedigree Pet Carrier Prime,Pet Supplies,Pedigree,436,4.3,622,Red,Pedigree Pet Carrier Prime in Red. Designed for everyday use with comfortable and comfortable. Reliable pet supplies choice with a practical design.,pedigree pet carrier red comfortable comfortable pet supplies,38,product_0597.svg
598,IKEA LED Garden Light X,Garden & Outdoors,IKEA,1558,4.2,753,White,IKEA LED Garden Light X in White. Designed for everyday use with lightweight and eco friendly. Reliable garden & outdoors choice with a practical design.,ikea led garden light white lightweight eco friendly garden & outdoors,19,product_0598.svg
599,Mia Wallet Ultra,Jewellery & Accessories,Mia,15287,4.1,884,Black,Mia Wallet Ultra in Black. Designed for everyday use with adjustable and scratch resistant. Reliable jewellery & accessories choice with a practical design.,mia wallet black adjustable scratch resistant jewellery & accessories,36,product_0599.svg
600,Classmate Notebook Pro,Office & Stationery,Classmate,10759,4.0,1015,Black,Classmate Notebook Pro in Black. Designed for everyday use with smooth writing and durable. Reliable office & stationery choice with a practical design.,classmate notebook black smooth writing durable office & stationery,17,product_0600.svg
601,Marshall Earbuds Plus,Electronics,Marshall,29556,3.9,1146,Silver,Marshall Earbuds Plus in Silver. Designed for everyday use with noise cancellation and bluetooth 5.3. Reliable electronics choice with a practical design.,marshall earbuds silver noise cancellation bluetooth 5.3 electronics,34,product_0601.svg
602,Nothing Budget Smartphone Max,Mobiles,Nothing,57198,3.8,1277,Blue,Nothing Budget Smartphone Max in Blue. Designed for everyday use with 5g and dual sim. Reliable mobiles choice with a practical design.,nothing budget smartphone blue 5g dual sim mobiles,15,product_0602.svg
603,Logitech Gaming Laptop Elite,Computers & Accessories,Logitech,6126,3.7,1408,Silver,Logitech Gaming Laptop Elite in Silver. Designed for everyday use with wireless and 16gb ram. Reliable computers & accessories choice with a practical design.,logitech gaming laptop silver wireless 16gb ram computers & accessories,32,product_0603.svg
604,Jack & Jones Chinos Classic,Men's Fashion,Jack & Jones,5340,3.6,1539,Grey,Jack & Jones Chinos Classic in Grey. Designed for everyday use with slim fit and regular fit. Reliable men's fashion choice with a practical design.,jack & jones chinos grey slim fit regular fit men's fashion,13,product_0604.svg
605,ONLY Co-ord Set Prime,Women's Fashion,ONLY,637,3.5,1670,Beige,ONLY Co-ord Set Prime in Beige. Designed for everyday use with cotton and regular fit. Reliable women's fashion choice with a practical design.,only co-ord set beige cotton regular fit women's fashion,30,product_0605.svg
606,Puma Walking Shoes X,Footwear,Puma,8778,3.4,1801,Blue,Puma Walking Shoes X in Blue. Designed for everyday use with memory foam and cushioned sole. Reliable footwear choice with a practical design.,puma walking shoes blue memory foam cushioned sole footwear,11,product_0606.svg
607,Maybelline Hair Dryer Ultra,Beauty & Personal Care,Maybelline,3804,3.3,1932,Rose,Maybelline Hair Dryer Ultra in Rose. Designed for everyday use with long lasting and long lasting. Reliable beauty & personal care choice with a practical design.,maybelline hair dryer rose long lasting long lasting beauty & personal care,28,product_0607.svg
608,Prestige Cookware Set Pro,Home & Kitchen,Prestige,1372,3.2,2063,Blue,Prestige Cookware Set Pro in Blue. Designed for everyday use with food grade and dishwasher safe. Reliable home & kitchen choice with a practical design.,prestige cookware set blue food grade dishwasher safe home & kitchen,9,product_0608.svg
609,Panasonic Air Purifier Plus,Home Appliances,Panasonic,12615,5.0,2194,Silver,Panasonic Air Purifier Plus in Silver. Designed for everyday use with inverter and smart control. Reliable home appliances choice with a practical design.,panasonic air purifier silver inverter smart control home appliances,26,product_0609.svg
610,HomeTown TV Unit Max,Furniture,HomeTown,32489,4.9,2325,Grey,HomeTown TV Unit Max in Grey. Designed for everyday use with engineered wood and ergonomic. Reliable furniture choice with a practical design.,hometown tv unit grey engineered wood ergonomic furniture,7,product_0610.svg
611,Cosco Cricket Bat Elite,Sports & Fitness,Cosco,2900,4.8,2456,Green,Cosco Cricket Bat Elite in Green. Designed for everyday use with water resistant and anti-slip. Reliable sports & fitness choice with a practical design.,cosco cricket bat green water resistant anti-slip sports & fitness,24,product_0611.svg
612,Penguin Business Book Classic,Books,Penguin,897,4.7,2587,Red,Penguin Business Book Classic in Red. Designed for everyday use with latest edition and latest edition. Reliable books choice with a practical design.,penguin business book red latest edition latest edition books,5,product_0612.svg
613,LEGO Toy Gun Prime,Toys & Games,LEGO,8349,4.6,2718,Multi,LEGO Toy Gun Prime in Multi. Designed for everyday use with family game and educational. Reliable toys & games choice with a practical design.,lego toy gun multi family game educational toys & games,22,product_0613.svg
614,Castrol LED Headlight X,Automotive,Castrol,15503,4.5,2849,Blue,Castrol LED Headlight X in Blue. Designed for everyday use with premium quality and water resistant. Reliable automotive choice with a practical design.,castrol led headlight blue premium quality water resistant automotive,39,product_0614.svg
615,Aashirvaad Biscuits Ultra,Grocery,Aashirvaad,1823,4.4,2980,Natural,Aashirvaad Biscuits Ultra in Natural. Designed for everyday use with premium quality and no preservatives. Reliable grocery choice with a practical design.,aashirvaad biscuits natural premium quality no preservatives grocery,20,product_0615.svg
616,Patanjali Herbal Tea Pro,Health & Wellness,Patanjali,6776,4.3,3111,White,Patanjali Herbal Tea Pro in White. Designed for everyday use with premium quality and lab tested. Reliable health & wellness choice with a practical design.,patanjali herbal tea white premium quality lab tested health & wellness,37,product_0616.svg
617,Pedigree Leash Plus,Pet Supplies,Pedigree,2796,4.2,3242,Red,Pedigree Leash Plus in Red. Designed for everyday use with comfortable and comfortable. Reliable pet supplies choice with a practical design.,pedigree leash red comfortable comfortable pet supplies,18,product_0617.svg
618,Ugaoo Garden Tool Set Max,Garden & Outdoors,Ugaoo,2918,4.1,3373,White,Ugaoo Garden Tool Set Max in White. Designed for everyday use with lightweight and eco friendly. Reliable garden & outdoors choice with a practical design.,ugaoo garden tool set white lightweight eco friendly garden & outdoors,35,product_0618.svg
619,Mia Smart Watch Elite,Jewellery & Accessories,Mia,2160,4.0,3504,Black,Mia Smart Watch Elite in Black. Designed for everyday use with adjustable and scratch resistant. Reliable jewellery & accessories choice with a practical design.,mia smart watch black adjustable scratch resistant jewellery & accessories,16,product_0619.svg
620,Classmate Calculator Classic,Office & Stationery,Classmate,19433,3.9,3635,Black,Classmate Calculator Classic in Black. Designed for everyday use with smooth writing and durable. Reliable office & stationery choice with a practical design.,classmate calculator black smooth writing durable office & stationery,33,product_0620.svg
621,Anker Portable Projector Prime,Electronics,Anker,12730,3.8,3766,Silver,Anker Portable Projector Prime in Silver. Designed for everyday use with noise cancellation and hi-fi audio. Reliable electronics choice with a practical design.,anker portable projector silver noise cancellation hi-fi audio electronics,14,product_0621.svg
622,Apple Camera Phone X,Mobiles,Apple,94577,3.7,3897,Blue,Apple Camera Phone X in Blue. Designed for everyday use with 5g and fast charging. Reliable mobiles choice with a practical design.,apple camera phone blue 5g fast charging mobiles,31,product_0622.svg
623,HP Monitor Ultra,Computers & Accessories,HP,5505,3.6,4028,Silver,HP Monitor Ultra in Silver. Designed for everyday use with wireless and backlit. Reliable computers & accessories choice with a practical design.,hp monitor silver wireless backlit computers & accessories,12,product_0623.svg
624,Levis Slim Fit Jeans Pro,Men's Fashion,Levis,1195,3.5,4159,Black,Levis Slim Fit Jeans Pro in Black. Designed for everyday use with slim fit and regular fit. Reliable men's fashion choice with a practical design.,levis slim fit jeans black slim fit regular fit men's fashion,29,product_0624.svg
625,Mango Jeans Plus,Women's Fashion,Mango,4199,3.4,4290,Pink,Mango Jeans Plus in Pink. Designed for everyday use with cotton and regular fit. Reliable women's fashion choice with a practical design.,mango jeans pink cotton regular fit women's fashion,10,product_0625.svg
626,Crocs Slides Max,Footwear,Crocs,9847,3.3,4421,Blue,Crocs Slides Max in Blue. Designed for everyday use with memory foam and cushioned sole. Reliable footwear choice with a practical design.,crocs slides blue memory foam cushioned sole footwear,27,product_0626.svg
627,The Body Shop Moisturizer Elite,Beauty & Personal Care,The Body Shop,5557,3.2,4552,Rose,The Body Shop Moisturizer Elite in Rose. Designed for everyday use with long lasting and long lasting. Reliable beauty & personal care choice with a practical design.,the body shop moisturizer rose long lasting long lasting beauty & personal care,8,product_0627.svg
628,Borosil Storage Container Classic,Home & Kitchen,Borosil,7340,5.0,4683,Blue,Borosil Storage Container Classic in Blue. Designed for everyday use with food grade and dishwasher safe. Reliable home & kitchen choice with a practical design.,borosil storage container blue food grade dishwasher safe home & kitchen,25,product_0628.svg
629,IFB Water Heater Prime,Home Appliances,IFB,83494,4.9,4814,Silver,IFB Water Heater Prime in Silver. Designed for everyday use with inverter and smart control. Reliable home appliances choice with a practical design.,ifb water heater silver inverter smart control home appliances,6,product_0629.svg
630,IKEA Bookshelf X,Furniture,IKEA,46866,4.8,95,Walnut,IKEA Bookshelf X in Walnut. Designed for everyday use with engineered wood and ergonomic. Reliable furniture choice with a practical design.,ikea bookshelf walnut engineered wood ergonomic furniture,23,product_0630.svg
631,Nike Fitness Band Ultra,Sports & Fitness,Nike,4270,4.7,226,Green,Nike Fitness Band Ultra in Green. Designed for everyday use with water resistant and anti-slip. Reliable sports & fitness choice with a practical design.,nike fitness band green water resistant anti-slip sports & fitness,40,product_0631.svg
632,Penguin Programming Book Pro,Books,Penguin,2421,4.6,357,Red,Penguin Programming Book Pro in Red. Designed for everyday use with latest edition and latest edition. Reliable books choice with a practical design.,penguin programming book red latest edition latest edition books,21,product_0632.svg
633,LEGO Action Figure Plus,Toys & Games,LEGO,962,4.5,488,Multi,LEGO Action Figure Plus in Multi. Designed for everyday use with family game and educational. Reliable toys & games choice with a practical design.,lego action figure multi family game educational toys & games,38,product_0633.svg
634,Goodyear Bike Helmet Max,Automotive,Goodyear,7374,4.4,619,Blue,Goodyear Bike Helmet Max in Blue. Designed for everyday use with premium quality and water resistant. Reliable automotive choice with a practical design.,goodyear bike helmet blue premium quality water resistant automotive,19,product_0634.svg
635,Amul Wheat Flour Elite,Grocery,Amul,519,4.3,750,Natural,Amul Wheat Flour Elite in Natural. Designed for everyday use with premium quality and no preservatives. Reliable grocery choice with a practical design.,amul wheat flour natural premium quality no preservatives grocery,36,product_0635.svg
636,Himalaya Massage Gun Classic,Health & Wellness,Himalaya,4332,4.2,881,White,Himalaya Massage Gun Classic in White. Designed for everyday use with premium quality and lab tested. Reliable health & wellness choice with a practical design.,himalaya massage gun white premium quality lab tested health & wellness,17,product_0636.svg
637,Pedigree Pet Carrier Prime,Pet Supplies,Pedigree,5156,4.1,1012,Red,Pedigree Pet Carrier Prime in Red. Designed for everyday use with comfortable and comfortable. Reliable pet supplies choice with a practical design.,pedigree pet carrier red comfortable comfortable pet supplies,34,product_0637.svg
638,Kraft Seeds Outdoor Chair X,Garden & Outdoors,Kraft Seeds,4278,4.0,1143,White,Kraft Seeds Outdoor Chair X in White. Designed for everyday use with lightweight and eco friendly. Reliable garden & outdoors choice with a practical design.,kraft seeds outdoor chair white lightweight eco friendly garden & outdoors,15,product_0638.svg
639,Mia Wallet Ultra,Jewellery & Accessories,Mia,13534,3.9,1274,Black,Mia Wallet Ultra in Black. Designed for everyday use with adjustable and scratch resistant. Reliable jewellery & accessories choice with a practical design.,mia wallet black adjustable scratch resistant jewellery & accessories,32,product_0639.svg
640,Classmate Notebook Pro,Office & Stationery,Classmate,3156,3.8,1405,Black,Classmate Notebook Pro in Black. Designed for everyday use with smooth writing and durable. Reliable office & stationery choice with a practical design.,classmate notebook black smooth writing durable office & stationery,13,product_0640.svg
641,Marshall Earbuds Plus,Electronics,Marshall,25105,3.7,1536,Silver,Marshall Earbuds Plus in Silver. Designed for everyday use with noise cancellation and fast charging. Reliable electronics choice with a practical design.,marshall earbuds silver noise cancellation fast charging electronics,30,product_0641.svg
642,Nothing 5G Smartphone Max,Mobiles,Nothing,10955,3.6,1667,Blue,Nothing 5G Smartphone Max in Blue. Designed for everyday use with 5g and amoled display. Reliable mobiles choice with a practical design.,nothing 5g smartphone blue 5g amoled display mobiles,11,product_0642.svg
643,Logitech Gaming Laptop Elite,Computers & Accessories,Logitech,4884,3.5,1798,Silver,Logitech Gaming Laptop Elite in Silver. Designed for everyday use with wireless and full hd. Reliable computers & accessories choice with a practical design.,logitech gaming laptop silver wireless full hd computers & accessories,28,product_0643.svg
644,Jack & Jones Chinos Classic,Men's Fashion,Jack & Jones,3551,3.4,1929,White,Jack & Jones Chinos Classic in White. Designed for everyday use with slim fit and regular fit. Reliable men's fashion choice with a practical design.,jack & jones chinos white slim fit regular fit men's fashion,9,product_0644.svg
645,ONLY Co-ord Set Prime,Women's Fashion,ONLY,7761,3.3,2060,White,ONLY Co-ord Set Prime in White. Designed for everyday use with cotton and regular fit. Reliable women's fashion choice with a practical design.,only co-ord set white cotton regular fit women's fashion,26,product_0645.svg
646,Puma Walking Shoes X,Footwear,Puma,10916,3.2,2191,Blue,Puma Walking Shoes X in Blue. Designed for everyday use with memory foam and cushioned sole. Reliable footwear choice with a practical design.,puma walking shoes blue memory foam cushioned sole footwear,7,product_0646.svg
647,Maybelline Hair Dryer Ultra,Beauty & Personal Care,Maybelline,1509,5.0,2322,Rose,Maybelline Hair Dryer Ultra in Rose. Designed for everyday use with long lasting and long lasting. Reliable beauty & personal care choice with a practical design.,maybelline hair dryer rose long lasting long lasting beauty & personal care,24,product_0647.svg
648,Prestige Cookware Set Pro,Home & Kitchen,Prestige,607,4.9,2453,Blue,Prestige Cookware Set Pro in Blue. Designed for everyday use with food grade and dishwasher safe. Reliable home & kitchen choice with a practical design.,prestige cookware set blue food grade dishwasher safe home & kitchen,5,product_0648.svg
649,Panasonic Air Purifier Plus,Home Appliances,Panasonic,66872,4.8,2584,Silver,Panasonic Air Purifier Plus in Silver. Designed for everyday use with inverter and smart control. Reliable home appliances choice with a practical design.,panasonic air purifier silver inverter smart control home appliances,22,product_0649.svg
650,Pepperfry TV Unit Max,Furniture,Pepperfry,13242,4.7,2715,Black,Pepperfry TV Unit Max in Black. Designed for everyday use with engineered wood and ergonomic. Reliable furniture choice with a practical design.,pepperfry tv unit black engineered wood ergonomic furniture,39,product_0650.svg
651,Cosco Cricket Bat Elite,Sports & Fitness,Cosco,5640,4.6,2846,Green,Cosco Cricket Bat Elite in Green. Designed for everyday use with water resistant and anti-slip. Reliable sports & fitness choice with a practical design.,cosco cricket bat green water resistant anti-slip sports & fitness,20,product_0651.svg
652,Penguin Business Book Classic,Books,Penguin,1144,4.5,2977,Red,Penguin Business Book Classic in Red. Designed for everyday use with latest edition and latest edition. Reliable books choice with a practical design.,penguin business book red latest edition latest edition books,37,product_0652.svg
653,LEGO Toy Gun Prime,Toys & Games,LEGO,3326,4.4,3108,Multi,LEGO Toy Gun Prime in Multi. Designed for everyday use with family game and educational. Reliable toys & games choice with a practical design.,lego toy gun multi family game educational toys & games,18,product_0653.svg
654,Castrol LED Headlight X,Automotive,Castrol,17746,4.3,3239,Blue,Castrol LED Headlight X in Blue. Designed for everyday use with premium quality and water resistant. Reliable automotive choice with a practical design.,castrol led headlight blue premium quality water resistant automotive,35,product_0654.svg
655,Aashirvaad Biscuits Ultra,Grocery,Aashirvaad,1116,4.2,3370,Natural,Aashirvaad Biscuits Ultra in Natural. Designed for everyday use with premium quality and no preservatives. Reliable grocery choice with a practical design.,aashirvaad biscuits natural premium quality no preservatives grocery,16,product_0655.svg
656,HealthKart Foam Roller Pro,Health & Wellness,HealthKart,1888,4.1,3501,White,HealthKart Foam Roller Pro in White. Designed for everyday use with premium quality and lab tested. Reliable health & wellness choice with a practical design.,healthkart foam roller white premium quality lab tested health & wellness,33,product_0656.svg
657,Pedigree Leash Plus,Pet Supplies,Pedigree,7516,4.0,3632,Red,Pedigree Leash Plus in Red. Designed for everyday use with comfortable and comfortable. Reliable pet supplies choice with a practical design.,pedigree leash red comfortable comfortable pet supplies,14,product_0657.svg
658,IKEA Planter Max,Garden & Outdoors,IKEA,5638,3.9,3763,White,IKEA Planter Max in White. Designed for everyday use with lightweight and eco friendly. Reliable garden & outdoors choice with a practical design.,ikea planter white lightweight eco friendly garden & outdoors,31,product_0658.svg
659,Mia Smart Watch Elite,Jewellery & Accessories,Mia,24908,3.8,3894,Black,Mia Smart Watch Elite in Black. Designed for everyday use with adjustable and scratch resistant. Reliable jewellery & accessories choice with a practical design.,mia smart watch black adjustable scratch resistant jewellery & accessories,12,product_0659.svg
660,Classmate Calculator Classic,Office & Stationery,Classmate,11830,3.7,4025,Black,Classmate Calculator Classic in Black. Designed for everyday use with smooth writing and durable. Reliable office & stationery choice with a practical design.,classmate calculator black smooth writing durable office & stationery,29,product_0660.svg
661,Anker Portable Projector Prime,Electronics,Anker,8279,3.6,4156,Silver,Anker Portable Projector Prime in Silver. Designed for everyday use with noise cancellation and bluetooth 5.3. Reliable electronics choice with a practical design.,anker portable projector silver noise cancellation bluetooth 5.3 electronics,10,product_0661.svg
662,Apple Budget Smartphone X,Mobiles,Apple,48334,3.5,4287,Blue,Apple Budget Smartphone X in Blue. Designed for everyday use with 5g and dual sim. Reliable mobiles choice with a practical design.,apple budget smartphone blue 5g dual sim mobiles,27,product_0662.svg
663,HP Monitor Ultra,Computers & Accessories,HP,4263,3.4,4418,Silver,HP Monitor Ultra in Silver. Designed for everyday use with wireless and 16gb ram. Reliable computers & accessories choice with a practical design.,hp monitor silver wireless 16gb ram computers & accessories,8,product_0663.svg
664,Levis Slim Fit Jeans Pro,Men's Fashion,Levis,5907,3.3,4549,Grey,Levis Slim Fit Jeans Pro in Grey. Designed for everyday use with slim fit and regular fit. Reliable men's fashion choice with a practical design.,levis slim fit jeans grey slim fit regular fit men's fashion,25,product_0664.svg
665,Mango Jeans Plus,Women's Fashion,Mango,2722,3.2,4680,Beige,Mango Jeans Plus in Beige. Designed for everyday use with cotton and regular fit. Reliable women's fashion choice with a practical design.,mango jeans beige cotton regular fit women's fashion,6,product_0665.svg
666,Crocs Slides Max,Footwear,Crocs,11985,5.0,4811,Blue,Crocs Slides Max in Blue. Designed for everyday use with memory foam and cushioned sole. Reliable footwear choice with a practical design.,crocs slides blue memory foam cushioned sole footwear,23,product_0666.svg
667,The Body Shop Moisturizer Elite,Beauty & Personal Care,The Body Shop,3262,4.9,92,Rose,The Body Shop Moisturizer Elite in Rose. Designed for everyday use with long lasting and long lasting. Reliable beauty & personal care choice with a practical design.,the body shop moisturizer rose long lasting long lasting beauty & personal care,40,product_0667.svg
668,Borosil Storage Container Classic,Home & Kitchen,Borosil,6575,4.8,223,Blue,Borosil Storage Container Classic in Blue. Designed for everyday use with food grade and dishwasher safe. Reliable home & kitchen choice with a practical design.,borosil storage container blue food grade dishwasher safe home & kitchen,21,product_0668.svg
669,IFB Water Heater Prime,Home Appliances,IFB,50250,4.7,354,Silver,IFB Water Heater Prime in Silver. Designed for everyday use with inverter and smart control. Reliable home appliances choice with a practical design.,ifb water heater silver inverter smart control home appliances,38,product_0669.svg
670,HomeTown Bookshelf X,Furniture,HomeTown,27619,4.6,485,Grey,HomeTown Bookshelf X in Grey. Designed for everyday use with engineered wood and ergonomic. Reliable furniture choice with a practical design.,hometown bookshelf grey engineered wood ergonomic furniture,19,product_0670.svg
671,Nike Fitness Band Ultra,Sports & Fitness,Nike,7010,4.5,616,Green,Nike Fitness Band Ultra in Green. Designed for everyday use with water resistant and anti-slip. Reliable sports & fitness choice with a practical design.,nike fitness band green water resistant anti-slip sports & fitness,36,product_0671.svg
672,Penguin Programming Book Pro,Books,Penguin,2668,4.4,747,Red,Penguin Programming Book Pro in Red. Designed for everyday use with latest edition and latest edition. Reliable books choice with a practical design.,penguin programming book red latest edition latest edition books,17,product_0672.svg
673,LEGO Action Figure Plus,Toys & Games,LEGO,5690,4.3,878,Multi,LEGO Action Figure Plus in Multi. Designed for everyday use with family game and educational. Reliable toys & games choice with a practical design.,lego action figure multi family game educational toys & games,34,product_0673.svg
674,Goodyear Bike Helmet Max,Automotive,Goodyear,9617,4.2,1009,Blue,Goodyear Bike Helmet Max in Blue. Designed for everyday use with premium quality and water resistant. Reliable automotive choice with a practical design.,goodyear bike helmet blue premium quality water resistant automotive,15,product_0674.svg
675,Amul Wheat Flour Elite,Grocery,Amul,1713,4.1,1140,Natural,Amul Wheat Flour Elite in Natural. Designed for everyday use with premium quality and no preservatives. Reliable grocery choice with a practical design.,amul wheat flour natural premium quality no preservatives grocery,32,product_0675.svg
676,Patanjali Vitamin Pack Classic,Health & Wellness,Patanjali,6145,4.0,1271,White,Patanjali Vitamin Pack Classic in White. Designed for everyday use with premium quality and lab tested. Reliable health & wellness choice with a practical design.,patanjali vitamin pack white premium quality lab tested health & wellness,13,product_0676.svg
677,Pedigree Pet Carrier Prime,Pet Supplies,Pedigree,2075,3.9,1402,Red,Pedigree Pet Carrier Prime in Red. Designed for everyday use with comfortable and comfortable. Reliable pet supplies choice with a practical design.,pedigree pet carrier red comfortable comfortable pet supplies,30,product_0677.svg
678,Ugaoo Watering Can X,Garden & Outdoors,Ugaoo,6998,3.8,1533,White,Ugaoo Watering Can X in White. Designed for everyday use with lightweight and eco friendly. Reliable garden & outdoors choice with a practical design.,ugaoo watering can white lightweight eco friendly garden & outdoors,11,product_0678.svg
679,Mia Wallet Ultra,Jewellery & Accessories,Mia,11781,3.7,1664,Black,Mia Wallet Ultra in Black. Designed for everyday use with adjustable and scratch resistant. Reliable jewellery & accessories choice with a practical design.,mia wallet black adjustable scratch resistant jewellery & accessories,28,product_0679.svg
680,Classmate Notebook Pro,Office & Stationery,Classmate,20504,3.6,1795,Black,Classmate Notebook Pro in Black. Designed for everyday use with smooth writing and durable. Reliable office & stationery choice with a practical design.,classmate notebook black smooth writing durable office & stationery,9,product_0680.svg
681,Marshall Earbuds Plus,Electronics,Marshall,20654,3.5,1926,Silver,Marshall Earbuds Plus in Silver. Designed for everyday use with noise cancellation and hi-fi audio. Reliable electronics choice with a practical design.,marshall earbuds silver noise cancellation hi-fi audio electronics,26,product_0681.svg
682,Nothing Camera Phone Max,Mobiles,Nothing,85713,3.4,2057,Blue,Nothing Camera Phone Max in Blue. Designed for everyday use with 5g and fast charging. Reliable mobiles choice with a practical design.,nothing camera phone blue 5g fast charging mobiles,7,product_0682.svg
683,Logitech Gaming Laptop Elite,Computers & Accessories,Logitech,3642,3.3,2188,Silver,Logitech Gaming Laptop Elite in Silver. Designed for everyday use with wireless and backlit. Reliable computers & accessories choice with a practical design.,logitech gaming laptop silver wireless backlit computers & accessories,24,product_0683.svg
684,Jack & Jones Chinos Classic,Men's Fashion,Jack & Jones,1762,3.2,2319,Black,Jack & Jones Chinos Classic in Black. Designed for everyday use with slim fit and regular fit. Reliable men's fashion choice with a practical design.,jack & jones chinos black slim fit regular fit men's fashion,5,product_0684.svg
685,ONLY Co-ord Set Prime,Women's Fashion,ONLY,6284,5.0,2450,Pink,ONLY Co-ord Set Prime in Pink. Designed for everyday use with cotton and regular fit. Reliable women's fashion choice with a practical design.,only co-ord set pink cotton regular fit women's fashion,22,product_0685.svg
686,Puma Walking Shoes X,Footwear,Puma,13054,4.9,2581,Blue,Puma Walking Shoes X in Blue. Designed for everyday use with memory foam and cushioned sole. Reliable footwear choice with a practical design.,puma walking shoes blue memory foam cushioned sole footwear,39,product_0686.svg
687,Maybelline Hair Dryer Ultra,Beauty & Personal Care,Maybelline,5015,4.8,2712,Rose,Maybelline Hair Dryer Ultra in Rose. Designed for everyday use with long lasting and long lasting. Reliable beauty & personal care choice with a practical design.,maybelline hair dryer rose long lasting long lasting beauty & personal care,20,product_0687.svg
688,Prestige Cookware Set Pro,Home & Kitchen,Prestige,12543,4.7,2843,Blue,Prestige Cookware Set Pro in Blue. Designed for everyday use with food grade and dishwasher safe. Reliable home & kitchen choice with a practical design.,prestige cookware set blue food grade dishwasher safe home & kitchen,37,product_0688.svg
689,Panasonic Air Purifier Plus,Home Appliances,Panasonic,33628,4.6,2974,Silver,Panasonic Air Purifier Plus in Silver. Designed for everyday use with inverter and smart control. Reliable home appliances choice with a practical design.,panasonic air purifier silver inverter smart control home appliances,18,product_0689.svg
690,IKEA TV Unit Max,Furniture,IKEA,41996,4.5,3105,Walnut,IKEA TV Unit Max in Walnut. Designed for everyday use with engineered wood and ergonomic. Reliable furniture choice with a practical design.,ikea tv unit walnut engineered wood ergonomic furniture,35,product_0690.svg
691,Cosco Cricket Bat Elite,Sports & Fitness,Cosco,8380,4.4,3236,Green,Cosco Cricket Bat Elite in Green. Designed for everyday use with water resistant and anti-slip. Reliable sports & fitness choice with a practical design.,cosco cricket bat green water resistant anti-slip sports & fitness,16,product_0691.svg
692,Penguin Business Book Classic,Books,Penguin,1391,4.3,3367,Red,Penguin Business Book Classic in Red. Designed for everyday use with latest edition and latest edition. Reliable books choice with a practical design.,penguin business book red latest edition latest edition books,33,product_0692.svg
693,LEGO Toy Gun Prime,Toys & Games,LEGO,8054,4.2,3498,Multi,LEGO Toy Gun Prime in Multi. Designed for everyday use with family game and educational. Reliable toys & games choice with a practical design.,lego toy gun multi family game educational toys & games,14,product_0693.svg
694,Castrol LED Headlight X,Automotive,Castrol,1488,4.1,3629,Blue,Castrol LED Headlight X in Blue. Designed for everyday use with premium quality and water resistant. Reliable automotive choice with a practical design.,castrol led headlight blue premium quality water resistant automotive,31,product_0694.svg
695,Aashirvaad Biscuits Ultra,Grocery,Aashirvaad,409,4.0,3760,Natural,Aashirvaad Biscuits Ultra in Natural. Designed for everyday use with premium quality and no preservatives. Reliable grocery choice with a practical design.,aashirvaad biscuits natural premium quality no preservatives grocery,12,product_0695.svg
696,Himalaya First Aid Kit Pro,Health & Wellness,Himalaya,3701,3.9,3891,White,Himalaya First Aid Kit Pro in White. Designed for everyday use with premium quality and lab tested. Reliable health & wellness choice with a practical design.,himalaya first aid kit white premium quality lab tested health & wellness,29,product_0696.svg
697,Pedigree Leash Plus,Pet Supplies,Pedigree,4435,3.8,4022,Red,Pedigree Leash Plus in Red. Designed for everyday use with comfortable and comfortable. Reliable pet supplies choice with a practical design.,pedigree leash red comfortable comfortable pet supplies,10,product_0697.svg
698,Kraft Seeds Pruning Shears Max,Garden & Outdoors,Kraft Seeds,507,3.7,4153,White,Kraft Seeds Pruning Shears Max in White. Designed for everyday use with lightweight and eco friendly. Reliable garden & outdoors choice with a practical design.,kraft seeds pruning shears white lightweight eco friendly garden & outdoors,27,product_0698.svg
699,Mia Smart Watch Elite,Jewellery & Accessories,Mia,23155,3.6,4284,Black,Mia Smart Watch Elite in Black. Designed for everyday use with adjustable and scratch resistant. Reliable jewellery & accessories choice with a practical design.,mia smart watch black adjustable scratch resistant jewellery & accessories,8,product_0699.svg
700,Classmate Calculator Classic,Office & Stationery,Classmate,4227,3.5,4415,Black,Classmate Calculator Classic in Black. Designed for everyday use with smooth writing and durable. Reliable office & stationery choice with a practical design.,classmate calculator black smooth writing durable office & stationery,25,product_0700.svg
701,Anker Portable Projector Prime,Electronics,Anker,3828,3.4,4546,Silver,Anker Portable Projector Prime in Silver. Designed for everyday use with noise cancellation and fast charging. Reliable electronics choice with a practical design.,anker portable projector silver noise cancellation fast charging electronics,6,product_0701.svg
702,Apple 5G Smartphone X,Mobiles,Apple,123092,3.3,4677,Blue,Apple 5G Smartphone X in Blue. Designed for everyday use with 5g and amoled display. Reliable mobiles choice with a practical design.,apple 5g smartphone blue 5g amoled display mobiles,23,product_0702.svg
703,HP Monitor Ultra,Computers & Accessories,HP,3021,3.2,4808,Silver,HP Monitor Ultra in Silver. Designed for everyday use with wireless and full hd. Reliable computers & accessories choice with a practical design.,hp monitor silver wireless full hd computers & accessories,40,product_0703.svg
704,Levis Slim Fit Jeans Pro,Men's Fashion,Levis,4118,5.0,89,White,Levis Slim Fit Jeans Pro in White. Designed for everyday use with slim fit and regular fit. Reliable men's fashion choice with a practical design.,levis slim fit jeans white slim fit regular fit men's fashion,21,product_0704.svg
705,Mango Jeans Plus,Women's Fashion,Mango,1245,4.9,220,White,Mango Jeans Plus in White. Designed for everyday use with cotton and regular fit. Reliable women's fashion choice with a practical design.,mango jeans white cotton regular fit women's fashion,38,product_0705.svg
706,Crocs Slides Max,Footwear,Crocs,14123,4.8,351,Blue,Crocs Slides Max in Blue. Designed for everyday use with memory foam and cushioned sole. Reliable footwear choice with a practical design.,crocs slides blue memory foam cushioned sole footwear,19,product_0706.svg
707,The Body Shop Moisturizer Elite,Beauty & Personal Care,The Body Shop,967,4.7,482,Rose,The Body Shop Moisturizer Elite in Rose. Designed for everyday use with long lasting and long lasting. Reliable beauty & personal care choice with a practical design.,the body shop moisturizer rose long lasting long lasting beauty & personal care,36,product_0707.svg
708,Borosil Storage Container Classic,Home & Kitchen,Borosil,5810,4.6,613,Blue,Borosil Storage Container Classic in Blue. Designed for everyday use with food grade and dishwasher safe. Reliable home & kitchen choice with a practical design.,borosil storage container blue food grade dishwasher safe home & kitchen,17,product_0708.svg
709,IFB Water Heater Prime,Home Appliances,IFB,17006,4.5,744,Silver,IFB Water Heater Prime in Silver. Designed for everyday use with inverter and smart control. Reliable home appliances choice with a practical design.,ifb water heater silver inverter smart control home appliances,34,product_0709.svg
710,Pepperfry Bookshelf X,Furniture,Pepperfry,8372,4.4,875,Black,Pepperfry Bookshelf X in Black. Designed for everyday use with engineered wood and ergonomic. Reliable furniture choice with a practical design.,pepperfry bookshelf black engineered wood ergonomic furniture,15,product_0710.svg
711,Nike Fitness Band Ultra,Sports & Fitness,Nike,9750,4.3,1006,Green,Nike Fitness Band Ultra in Green. Designed for everyday use with water resistant and anti-slip. Reliable sports & fitness choice with a practical design.,nike fitness band green water resistant anti-slip sports & fitness,32,product_0711.svg
712,Penguin Programming Book Pro,Books,Penguin,2915,4.2,1137,Red,Penguin Programming Book Pro in Red. Designed for everyday use with latest edition and latest edition. Reliable books choice with a practical design.,penguin programming book red latest edition latest edition books,13,product_0712.svg
713,LEGO Action Figure Plus,Toys & Games,LEGO,667,4.1,1268,Multi,LEGO Action Figure Plus in Multi. Designed for everyday use with family game and educational. Reliable toys & games choice with a practical design.,lego action figure multi family game educational toys & games,30,product_0713.svg
714,Goodyear Bike Helmet Max,Automotive,Goodyear,11860,4.0,1399,Blue,Goodyear Bike Helmet Max in Blue. Designed for everyday use with premium quality and water resistant. Reliable automotive choice with a practical design.,goodyear bike helmet blue premium quality water resistant automotive,11,product_0714.svg
715,Amul Wheat Flour Elite,Grocery,Amul,1006,3.9,1530,Natural,Amul Wheat Flour Elite in Natural. Designed for everyday use with premium quality and no preservatives. Reliable grocery choice with a practical design.,amul wheat flour natural premium quality no preservatives grocery,28,product_0715.svg
716,HealthKart Protein Powder Classic,Health & Wellness,HealthKart,1257,3.8,1661,White,HealthKart Protein Powder Classic in White. Designed for everyday use with premium quality and lab tested. Reliable health & wellness choice with a practical design.,healthkart protein powder white premium quality lab tested health & wellness,9,product_0716.svg
717,Pedigree Pet Carrier Prime,Pet Supplies,Pedigree,6795,3.7,1792,Red,Pedigree Pet Carrier Prime in Red. Designed for everyday use with comfortable and comfortable. Reliable pet supplies choice with a practical design.,pedigree pet carrier red comfortable comfortable pet supplies,26,product_0717.svg
718,IKEA Plant Seeds X,Garden & Outdoors,IKEA,1867,3.6,1923,White,IKEA Plant Seeds X in White. Designed for everyday use with lightweight and eco friendly. Reliable garden & outdoors choice with a practical design.,ikea plant seeds white lightweight eco friendly garden & outdoors,7,product_0718.svg
719,Mia Wallet Ultra,Jewellery & Accessories,Mia,10028,3.5,2054,Black,Mia Wallet Ultra in Black. Designed for everyday use with adjustable and scratch resistant. Reliable jewellery & accessories choice with a practical design.,mia wallet black adjustable scratch resistant jewellery & accessories,24,product_0719.svg
720,Classmate Notebook Pro,Office & Stationery,Classmate,12901,3.4,2185,Black,Classmate Notebook Pro in Black. Designed for everyday use with smooth writing and durable. Reliable office & stationery choice with a practical design.,classmate notebook black smooth writing durable office & stationery,5,product_0720.svg
721,Marshall Earbuds Plus,Electronics,Marshall,16203,3.3,2316,Silver,Marshall Earbuds Plus in Silver. Designed for everyday use with noise cancellation and bluetooth 5.3. Reliable electronics choice with a practical design.,marshall earbuds silver noise cancellation bluetooth 5.3 electronics,22,product_0721.svg
722,Nothing Budget Smartphone Max,Mobiles,Nothing,39470,3.2,2447,Blue,Nothing Budget Smartphone Max in Blue. Designed for everyday use with 5g and dual sim. Reliable mobiles choice with a practical design.,nothing budget smartphone blue 5g dual sim mobiles,39,product_0722.svg
723,Logitech Gaming Laptop Elite,Computers & Accessories,Logitech,2400,5.0,2578,Silver,Logitech Gaming Laptop Elite in Silver. Designed for everyday use with wireless and 16gb ram. Reliable computers & accessories choice with a practical design.,logitech gaming laptop silver wireless 16gb ram computers & accessories,20,product_0723.svg
724,Jack & Jones Chinos Classic,Men's Fashion,Jack & Jones,6474,4.9,2709,Grey,Jack & Jones Chinos Classic in Grey. Designed for everyday use with slim fit and regular fit. Reliable men's fashion choice with a practical design.,jack & jones chinos grey slim fit regular fit men's fashion,37,product_0724.svg
725,ONLY Co-ord Set Prime,Women's Fashion,ONLY,4807,4.8,2840,Beige,ONLY Co-ord Set Prime in Beige. Designed for everyday use with cotton and regular fit. Reliable women's fashion choice with a practical design.,only co-ord set beige cotton regular fit women's fashion,18,product_0725.svg
726,Puma Walking Shoes X,Footwear,Puma,891,4.7,2971,Blue,Puma Walking Shoes X in Blue. Designed for everyday use with memory foam and cushioned sole. Reliable footwear choice with a practical design.,puma walking shoes blue memory foam cushioned sole footwear,35,product_0726.svg
727,Maybelline Hair Dryer Ultra,Beauty & Personal Care,Maybelline,2720,4.6,3102,Rose,Maybelline Hair Dryer Ultra in Rose. Designed for everyday use with long lasting and long lasting. Reliable beauty & personal care choice with a practical design.,maybelline hair dryer rose long lasting long lasting beauty & personal care,16,product_0727.svg
728,Prestige Cookware Set Pro,Home & Kitchen,Prestige,11778,4.5,3233,Blue,Prestige Cookware Set Pro in Blue. Designed for everyday use with food grade and dishwasher safe. Reliable home & kitchen choice with a practical design.,prestige cookware set blue food grade dishwasher safe home & kitchen,33,product_0728.svg
729,Panasonic Air Purifier Plus,Home Appliances,Panasonic,87885,4.4,3364,Silver,Panasonic Air Purifier Plus in Silver. Designed for everyday use with inverter and smart control. Reliable home appliances choice with a practical design.,panasonic air purifier silver inverter smart control home appliances,14,product_0729.svg
730,HomeTown TV Unit Max,Furniture,HomeTown,22749,4.3,3495,Grey,HomeTown TV Unit Max in Grey. Designed for everyday use with engineered wood and ergonomic. Reliable furniture choice with a practical design.,hometown tv unit grey engineered wood ergonomic furniture,31,product_0730.svg
731,Cosco Cricket Bat Elite,Sports & Fitness,Cosco,11120,4.2,3626,Green,Cosco Cricket Bat Elite in Green. Designed for everyday use with water resistant and anti-slip. Reliable sports & fitness choice with a practical design.,cosco cricket bat green water resistant anti-slip sports & fitness,12,product_0731.svg
732,Penguin Business Book Classic,Books,Penguin,1638,4.1,3757,Red,Penguin Business Book Classic in Red. Designed for everyday use with latest edition and latest edition. Reliable books choice with a practical design.,penguin business book red latest edition latest edition books,29,product_0732.svg
733,LEGO Toy Gun Prime,Toys & Games,LEGO,3031,4.0,3888,Multi,LEGO Toy Gun Prime in Multi. Designed for everyday use with family game and educational. Reliable toys & games choice with a practical design.,lego toy gun multi family game educational toys & games,10,product_0733.svg
734,Castrol LED Headlight X,Automotive,Castrol,3731,3.9,4019,Blue,Castrol LED Headlight X in Blue. Designed for everyday use with premium quality and water resistant. Reliable automotive choice with a practical design.,castrol led headlight blue premium quality water resistant automotive,27,product_0734.svg
735,Aashirvaad Biscuits Ultra,Grocery,Aashirvaad,1603,3.8,4150,Natural,Aashirvaad Biscuits Ultra in Natural. Designed for everyday use with premium quality and no preservatives. Reliable grocery choice with a practical design.,aashirvaad biscuits natural premium quality no preservatives grocery,8,product_0735.svg
736,Patanjali Digital Weighing Scale Pro,Health & Wellness,Patanjali,5514,3.7,4281,White,Patanjali Digital Weighing Scale Pro in White. Designed for everyday use with premium quality and lab tested. Reliable health & wellness choice with a practical design.,patanjali digital weighing scale white premium quality lab tested health & wellness,25,product_0736.svg
737,Pedigree Leash Plus,Pet Supplies,Pedigree,1354,3.6,4412,Red,Pedigree Leash Plus in Red. Designed for everyday use with comfortable and comfortable. Reliable pet supplies choice with a practical design.,pedigree leash red comfortable comfortable pet supplies,6,product_0737.svg
738,Ugaoo LED Garden Light Max,Garden & Outdoors,Ugaoo,3227,3.5,4543,White,Ugaoo LED Garden Light Max in White. Designed for everyday use with lightweight and eco friendly. Reliable garden & outdoors choice with a practical design.,ugaoo led garden light white lightweight eco friendly garden & outdoors,23,product_0738.svg
739,Mia Smart Watch Elite,Jewellery & Accessories,Mia,21402,3.4,4674,Black,Mia Smart Watch Elite in Black. Designed for everyday use with adjustable and scratch resistant. Reliable jewellery & accessories choice with a practical design.,mia smart watch black adjustable scratch resistant jewellery & accessories,40,product_0739.svg
740,Classmate Calculator Classic,Office & Stationery,Classmate,21575,3.3,4805,Black,Classmate Calculator Classic in Black. Designed for everyday use with smooth writing and durable. Reliable office & stationery choice with a practical design.,classmate calculator black smooth writing durable office & stationery,21,product_0740.svg
741,Anker Portable Projector Prime,Electronics,Anker,28578,3.2,86,Silver,Anker Portable Projector Prime in Silver. Designed for everyday use with noise cancellation and hi-fi audio. Reliable electronics choice with a practical design.,anker portable projector silver noise cancellation hi-fi audio electronics,38,product_0741.svg
742,Apple Camera Phone X,Mobiles,Apple,76849,5.0,217,Blue,Apple Camera Phone X in Blue. Designed for everyday use with 5g and fast charging. Reliable mobiles choice with a practical design.,apple camera phone blue 5g fast charging mobiles,19,product_0742.svg
743,HP Monitor Ultra,Computers & Accessories,HP,1779,4.9,348,Silver,HP Monitor Ultra in Silver. Designed for everyday use with wireless and backlit. Reliable computers & accessories choice with a practical design.,hp monitor silver wireless backlit computers & accessories,36,product_0743.svg
744,Levis Slim Fit Jeans Pro,Men's Fashion,Levis,2329,4.8,479,Black,Levis Slim Fit Jeans Pro in Black. Designed for everyday use with slim fit and regular fit. Reliable men's fashion choice with a practical design.,levis slim fit jeans black slim fit regular fit men's fashion,17,product_0744.svg
745,Mango Jeans Plus,Women's Fashion,Mango,8369,4.7,610,Pink,Mango Jeans Plus in Pink. Designed for everyday use with cotton and regular fit. Reliable women's fashion choice with a practical design.,mango jeans pink cotton regular fit women's fashion,34,product_0745.svg
746,Crocs Slides Max,Footwear,Crocs,1960,4.6,741,Blue,Crocs Slides Max in Blue. Designed for everyday use with memory foam and cushioned sole. Reliable footwear choice with a practical design.,crocs slides blue memory foam cushioned sole footwear,15,product_0746.svg
747,The Body Shop Moisturizer Elite,Beauty & Personal Care,The Body Shop,4473,4.5,872,Rose,The Body Shop Moisturizer Elite in Rose. Designed for everyday use with long lasting and long lasting. Reliable beauty & personal care choice with a practical design.,the body shop moisturizer rose long lasting long lasting beauty & personal care,32,product_0747.svg
748,Borosil Storage Container Classic,Home & Kitchen,Borosil,5045,4.4,1003,Blue,Borosil Storage Container Classic in Blue. Designed for everyday use with food grade and dishwasher safe. Reliable home & kitchen choice with a practical design.,borosil storage container blue food grade dishwasher safe home & kitchen,13,product_0748.svg
749,IFB Water Heater Prime,Home Appliances,IFB,71263,4.3,1134,Silver,IFB Water Heater Prime in Silver. Designed for everyday use with inverter and smart control. Reliable home appliances choice with a practical design.,ifb water heater silver inverter smart control home appliances,30,product_0749.svg
750,IKEA Bookshelf X,Furniture,IKEA,37126,4.2,1265,Walnut,IKEA Bookshelf X in Walnut. Designed for everyday use with engineered wood and ergonomic. Reliable furniture choice with a practical design.,ikea bookshelf walnut engineered wood ergonomic furniture,11,product_0750.svg
751,Nike Fitness Band Ultra,Sports & Fitness,Nike,12490,4.1,1396,Green,Nike Fitness Band Ultra in Green. Designed for everyday use with water resistant and anti-slip. Reliable sports & fitness choice with a practical design.,nike fitness band green water resistant anti-slip sports & fitness,28,product_0751.svg
752,Penguin Programming Book Pro,Books,Penguin,361,4.0,1527,Red,Penguin Programming Book Pro in Red. Designed for everyday use with latest edition and latest edition. Reliable books choice with a practical design.,penguin programming book red latest edition latest edition books,9,product_0752.svg
753,LEGO Action Figure Plus,Toys & Games,LEGO,5395,3.9,1658,Multi,LEGO Action Figure Plus in Multi. Designed for everyday use with family game and educational. Reliable toys & games choice with a practical design.,lego action figure multi family game educational toys & games,26,product_0753.svg
754,Goodyear Bike Helmet Max,Automotive,Goodyear,14103,3.8,1789,Blue,Goodyear Bike Helmet Max in Blue. Designed for everyday use with premium quality and water resistant. Reliable automotive choice with a practical design.,goodyear bike helmet blue premium quality water resistant automotive,7,product_0754.svg
755,Amul Wheat Flour Elite,Grocery,Amul,299,3.7,1920,Natural,Amul Wheat Flour Elite in Natural. Designed for everyday use with premium quality and no preservatives. Reliable grocery choice with a practical design.,amul wheat flour natural premium quality no preservatives grocery,24,product_0755.svg
756,Himalaya Herbal Tea Classic,Health & Wellness,Himalaya,3070,3.6,2051,White,Himalaya Herbal Tea Classic in White. Designed for everyday use with premium quality and lab tested. Reliable health & wellness choice with a practical design.,himalaya herbal tea white premium quality lab tested health & wellness,5,product_0756.svg
757,Pedigree Pet Carrier Prime,Pet Supplies,Pedigree,3714,3.5,2182,Red,Pedigree Pet Carrier Prime in Red. Designed for everyday use with comfortable and comfortable. Reliable pet supplies choice with a practical design.,pedigree pet carrier red comfortable comfortable pet supplies,22,product_0757.svg
758,Kraft Seeds Garden Tool Set X,Garden & Outdoors,Kraft Seeds,4587,3.4,2313,White,Kraft Seeds Garden Tool Set X in White. Designed for everyday use with lightweight and eco friendly. Reliable garden & outdoors choice with a practical design.,kraft seeds garden tool set white lightweight eco friendly garden & outdoors,39,product_0758.svg
759,Mia Wallet Ultra,Jewellery & Accessories,Mia,8275,3.3,2444,Black,Mia Wallet Ultra in Black. Designed for everyday use with adjustable and scratch resistant. Reliable jewellery & accessories choice with a practical design.,mia wallet black adjustable scratch resistant jewellery & accessories,20,product_0759.svg
760,Classmate Notebook Pro,Office & Stationery,Classmate,5298,3.2,2575,Black,Classmate Notebook Pro in Black. Designed for everyday use with smooth writing and durable. Reliable office & stationery choice with a practical design.,classmate notebook black smooth writing durable office & stationery,37,product_0760.svg
761,Marshall Earbuds Plus,Electronics,Marshall,11752,5.0,2706,Silver,Marshall Earbuds Plus in Silver. Designed for everyday use with noise cancellation and fast charging. Reliable electronics choice with a practical design.,marshall earbuds silver noise cancellation fast charging electronics,18,product_0761.svg
762,Nothing 5G Smartphone Max,Mobiles,Nothing,114228,4.9,2837,Blue,Nothing 5G Smartphone Max in Blue. Designed for everyday use with 5g and amoled display. Reliable mobiles choice with a practical design.,nothing 5g smartphone blue 5g amoled display mobiles,35,product_0762.svg
763,Logitech Gaming Laptop Elite,Computers & Accessories,Logitech,1158,4.8,2968,Silver,Logitech Gaming Laptop Elite in Silver. Designed for everyday use with wireless and full hd. Reliable computers & accessories choice with a practical design.,logitech gaming laptop silver wireless full hd computers & accessories,16,product_0763.svg
764,Jack & Jones Chinos Classic,Men's Fashion,Jack & Jones,4685,4.7,3099,White,Jack & Jones Chinos Classic in White. Designed for everyday use with slim fit and regular fit. Reliable men's fashion choice with a practical design.,jack & jones chinos white slim fit regular fit men's fashion,33,product_0764.svg
765,ONLY Co-ord Set Prime,Women's Fashion,ONLY,3330,4.6,3230,White,ONLY Co-ord Set Prime in White. Designed for everyday use with cotton and regular fit. Reliable women's fashion choice with a practical design.,only co-ord set white cotton regular fit women's fashion,14,product_0765.svg
766,Puma Walking Shoes X,Footwear,Puma,3029,4.5,3361,Blue,Puma Walking Shoes X in Blue. Designed for everyday use with memory foam and cushioned sole. Reliable footwear choice with a practical design.,puma walking shoes blue memory foam cushioned sole footwear,31,product_0766.svg
767,Maybelline Hair Dryer Ultra,Beauty & Personal Care,Maybelline,425,4.4,3492,Rose,Maybelline Hair Dryer Ultra in Rose. Designed for everyday use with long lasting and long lasting. Reliable beauty & personal care choice with a practical design.,maybelline hair dryer rose long lasting long lasting beauty & personal care,12,product_0767.svg
768,Prestige Cookware Set Pro,Home & Kitchen,Prestige,11013,4.3,3623,Blue,Prestige Cookware Set Pro in Blue. Designed for everyday use with food grade and dishwasher safe. Reliable home & kitchen choice with a practical design.,prestige cookware set blue food grade dishwasher safe home & kitchen,29,product_0768.svg
769,Panasonic Air Purifier Plus,Home Appliances,Panasonic,54641,4.2,3754,Silver,Panasonic Air Purifier Plus in Silver. Designed for everyday use with inverter and smart control. Reliable home appliances choice with a practical design.,panasonic air purifier silver inverter smart control home appliances,10,product_0769.svg
770,Pepperfry TV Unit Max,Furniture,Pepperfry,3502,4.1,3885,Black,Pepperfry TV Unit Max in Black. Designed for everyday use with engineered wood and ergonomic. Reliable furniture choice with a practical design.,pepperfry tv unit black engineered wood ergonomic furniture,27,product_0770.svg
771,Cosco Cricket Bat Elite,Sports & Fitness,Cosco,13860,4.0,4016,Green,Cosco Cricket Bat Elite in Green. Designed for everyday use with water resistant and anti-slip. Reliable sports & fitness choice with a practical design.,cosco cricket bat green water resistant anti-slip sports & fitness,8,product_0771.svg
772,Penguin Business Book Classic,Books,Penguin,1885,3.9,4147,Red,Penguin Business Book Classic in Red. Designed for everyday use with latest edition and latest edition. Reliable books choice with a practical design.,penguin business book red latest edition latest edition books,25,product_0772.svg
773,LEGO Toy Gun Prime,Toys & Games,LEGO,7759,3.8,4278,Multi,LEGO Toy Gun Prime in Multi. Designed for everyday use with family game and educational. Reliable toys & games choice with a practical design.,lego toy gun multi family game educational toys & games,6,product_0773.svg
774,Castrol LED Headlight X,Automotive,Castrol,5974,3.7,4409,Blue,Castrol LED Headlight X in Blue. Designed for everyday use with premium quality and water resistant. Reliable automotive choice with a practical design.,castrol led headlight blue premium quality water resistant automotive,23,product_0774.svg
775,Aashirvaad Biscuits Ultra,Grocery,Aashirvaad,896,3.6,4540,Natural,Aashirvaad Biscuits Ultra in Natural. Designed for everyday use with premium quality and no preservatives. Reliable grocery choice with a practical design.,aashirvaad biscuits natural premium quality no preservatives grocery,40,product_0775.svg
776,HealthKart Massage Gun Pro,Health & Wellness,HealthKart,626,3.5,4671,White,HealthKart Massage Gun Pro in White. Designed for everyday use with premium quality and lab tested. Reliable health & wellness choice with a practical design.,healthkart massage gun white premium quality lab tested health & wellness,21,product_0776.svg
777,Pedigree Leash Plus,Pet Supplies,Pedigree,6074,3.4,4802,Red,Pedigree Leash Plus in Red. Designed for everyday use with comfortable and comfortable. Reliable pet supplies choice with a practical design.,pedigree leash red comfortable comfortable pet supplies,38,product_0777.svg
778,IKEA Outdoor Chair Max,Garden & Outdoors,IKEA,5947,3.3,83,White,IKEA Outdoor Chair Max in White. Designed for everyday use with lightweight and eco friendly. Reliable garden & outdoors choice with a practical design.,ikea outdoor chair white lightweight eco friendly garden & outdoors,19,product_0778.svg
779,Mia Smart Watch Elite,Jewellery & Accessories,Mia,19649,3.2,214,Black,Mia Smart Watch Elite in Black. Designed for everyday use with adjustable and scratch resistant. Reliable jewellery & accessories choice with a practical design.,mia smart watch black adjustable scratch resistant jewellery & accessories,36,product_0779.svg
780,Classmate Calculator Classic,Office & Stationery,Classmate,13972,5.0,345,Black,Classmate Calculator Classic in Black. Designed for everyday use with smooth writing and durable. Reliable office & stationery choice with a practical design.,classmate calculator black smooth writing durable office & stationery,17,product_0780.svg
781,Anker Portable Projector Prime,Electronics,Anker,24127,4.9,476,Silver,Anker Portable Projector Prime in Silver. Designed for everyday use with noise cancellation and bluetooth 5.3. Reliable electronics choice with a practical design.,anker portable projector silver noise cancellation bluetooth 5.3 electronics,34,product_0781.svg
782,Apple Budget Smartphone X,Mobiles,Apple,30606,4.8,607,Blue,Apple Budget Smartphone X in Blue. Designed for everyday use with 5g and dual sim. Reliable mobiles choice with a practical design.,apple budget smartphone blue 5g dual sim mobiles,15,product_0782.svg
783,HP Monitor Ultra,Computers & Accessories,HP,159538,4.7,738,Silver,HP Monitor Ultra in Silver. Designed for everyday use with wireless and 16gb ram. Reliable computers & accessories choice with a practical design.,hp monitor silver wireless 16gb ram computers & accessories,32,product_0783.svg
784,Levis Slim Fit Jeans Pro,Men's Fashion,Levis,540,4.6,869,Grey,Levis Slim Fit Jeans Pro in Grey. Designed for everyday use with slim fit and regular fit. Reliable men's fashion choice with a practical design.,levis slim fit jeans grey slim fit regular fit men's fashion,13,product_0784.svg
785,Mango Jeans Plus,Women's Fashion,Mango,6892,4.5,1000,Beige,Mango Jeans Plus in Beige. Designed for everyday use with cotton and regular fit. Reliable women's fashion choice with a practical design.,mango jeans beige cotton regular fit women's fashion,30,product_0785.svg
786,Crocs Slides Max,Footwear,Crocs,4098,4.4,1131,Blue,Crocs Slides Max in Blue. Designed for everyday use with memory foam and cushioned sole. Reliable footwear choice with a practical design.,crocs slides blue memory foam cushioned sole footwear,11,product_0786.svg
787,The Body Shop Moisturizer Elite,Beauty & Personal Care,The Body Shop,2178,4.3,1262,Rose,The Body Shop Moisturizer Elite in Rose. Designed for everyday use with long lasting and long lasting. Reliable beauty & personal care choice with a practical design.,the body shop moisturizer rose long lasting long lasting beauty & personal care,28,product_0787.svg
788,Borosil Storage Container Classic,Home & Kitchen,Borosil,4280,4.2,1393,Blue,Borosil Storage Container Classic in Blue. Designed for everyday use with food grade and dishwasher safe. Reliable home & kitchen choice with a practical design.,borosil storage container blue food grade dishwasher safe home & kitchen,9,product_0788.svg
789,IFB Water Heater Prime,Home Appliances,IFB,38019,4.1,1524,Silver,IFB Water Heater Prime in Silver. Designed for everyday use with inverter and smart control. Reliable home appliances choice with a practical design.,ifb water heater silver inverter smart control home appliances,26,product_0789.svg
790,HomeTown Bookshelf X,Furniture,HomeTown,17879,4.0,1655,Grey,HomeTown Bookshelf X in Grey. Designed for everyday use with engineered wood and ergonomic. Reliable furniture choice with a practical design.,hometown bookshelf grey engineered wood ergonomic furniture,7,product_0790.svg
791,Nike Fitness Band Ultra,Sports & Fitness,Nike,15230,3.9,1786,Green,Nike Fitness Band Ultra in Green. Designed for everyday use with water resistant and anti-slip. Reliable sports & fitness choice with a practical design.,nike fitness band green water resistant anti-slip sports & fitness,24,product_0791.svg
792,Penguin Programming Book Pro,Books,Penguin,608,3.8,1917,Red,Penguin Programming Book Pro in Red. Designed for everyday use with latest edition and latest edition. Reliable books choice with a practical design.,penguin programming book red latest edition latest edition books,5,product_0792.svg
793,LEGO Action Figure Plus,Toys & Games,LEGO,372,3.7,2048,Multi,LEGO Action Figure Plus in Multi. Designed for everyday use with family game and educational. Reliable toys & games choice with a practical design.,lego action figure multi family game educational toys & games,22,product_0793.svg
794,Goodyear Bike Helmet Max,Automotive,Goodyear,16346,3.6,2179,Blue,Goodyear Bike Helmet Max in Blue. Designed for everyday use with premium quality and water resistant. Reliable automotive choice with a practical design.,goodyear bike helmet blue premium quality water resistant automotive,39,product_0794.svg
795,Amul Wheat Flour Elite,Grocery,Amul,1493,3.5,2310,Natural,Amul Wheat Flour Elite in Natural. Designed for everyday use with premium quality and no preservatives. Reliable grocery choice with a practical design.,amul wheat flour natural premium quality no preservatives grocery,20,product_0795.svg
796,Patanjali Foam Roller Classic,Health & Wellness,Patanjali,4883,3.4,2441,White,Patanjali Foam Roller Classic in White. Designed for everyday use with premium quality and lab tested. Reliable health & wellness choice with a practical design.,patanjali foam roller white premium quality lab tested health & wellness,37,product_0796.svg
797,Pedigree Pet Carrier Prime,Pet Supplies,Pedigree,633,3.3,2572,Red,Pedigree Pet Carrier Prime in Red. Designed for everyday use with comfortable and comfortable. Reliable pet supplies choice with a practical design.,pedigree pet carrier red comfortable comfortable pet supplies,18,product_0797.svg
798,Ugaoo Planter X,Garden & Outdoors,Ugaoo,7307,3.2,2703,White,Ugaoo Planter X in White. Designed for everyday use with lightweight and eco friendly. Reliable garden & outdoors choice with a practical design.,ugaoo planter white lightweight eco friendly garden & outdoors,35,product_0798.svg
799,Mia Wallet Ultra,Jewellery & Accessories,Mia,6522,5.0,2834,Black,Mia Wallet Ultra in Black. Designed for everyday use with adjustable and scratch resistant. Reliable jewellery & accessories choice with a practical design.,mia wallet black adjustable scratch resistant jewellery & accessories,16,product_0799.svg
800,Classmate Notebook Pro,Office & Stationery,Classmate,22646,4.9,2965,Black,Classmate Notebook Pro in Black. Designed for everyday use with smooth writing and durable. Reliable office & stationery choice with a practical design.,classmate notebook black smooth writing durable office & stationery,33,product_0800.svg
801,Marshall Earbuds Plus,Electronics,Marshall,7301,4.8,3096,Silver,Marshall Earbuds Plus in Silver. Designed for everyday use with noise cancellation and hi-fi audio. Reliable electronics choice with a practical design.,marshall earbuds silver noise cancellation hi-fi audio electronics,14,product_0801.svg
802,Nothing Camera Phone Max,Mobiles,Nothing,67985,4.7,3227,Blue,Nothing Camera Phone Max in Blue. Designed for everyday use with 5g and fast charging. Reliable mobiles choice with a practical design.,nothing camera phone blue 5g fast charging mobiles,31,product_0802.svg
803,Logitech Gaming Laptop Elite,Computers & Accessories,Logitech,158917,4.6,3358,Silver,Logitech Gaming Laptop Elite in Silver. Designed for everyday use with wireless and backlit. Reliable computers & accessories choice with a practical design.,logitech gaming laptop silver wireless backlit computers & accessories,12,product_0803.svg
804,Jack & Jones Chinos Classic,Men's Fashion,Jack & Jones,2896,4.5,3489,Black,Jack & Jones Chinos Classic in Black. Designed for everyday use with slim fit and regular fit. Reliable men's fashion choice with a practical design.,jack & jones chinos black slim fit regular fit men's fashion,29,product_0804.svg
805,ONLY Co-ord Set Prime,Women's Fashion,ONLY,1853,4.4,3620,Pink,ONLY Co-ord Set Prime in Pink. Designed for everyday use with cotton and regular fit. Reliable women's fashion choice with a practical design.,only co-ord set pink cotton regular fit women's fashion,10,product_0805.svg
806,Puma Walking Shoes X,Footwear,Puma,5167,4.3,3751,Blue,Puma Walking Shoes X in Blue. Designed for everyday use with memory foam and cushioned sole. Reliable footwear choice with a practical design.,puma walking shoes blue memory foam cushioned sole footwear,27,product_0806.svg
807,Maybelline Hair Dryer Ultra,Beauty & Personal Care,Maybelline,3931,4.2,3882,Rose,Maybelline Hair Dryer Ultra in Rose. Designed for everyday use with long lasting and long lasting. Reliable beauty & personal care choice with a practical design.,maybelline hair dryer rose long lasting long lasting beauty & personal care,8,product_0807.svg
808,Prestige Cookware Set Pro,Home & Kitchen,Prestige,10248,4.1,4013,Blue,Prestige Cookware Set Pro in Blue. Designed for everyday use with food grade and dishwasher safe. Reliable home & kitchen choice with a practical design.,prestige cookware set blue food grade dishwasher safe home & kitchen,25,product_0808.svg
809,Panasonic Air Purifier Plus,Home Appliances,Panasonic,21397,4.0,4144,Silver,Panasonic Air Purifier Plus in Silver. Designed for everyday use with inverter and smart control. Reliable home appliances choice with a practical design.,panasonic air purifier silver inverter smart control home appliances,6,product_0809.svg
810,IKEA TV Unit Max,Furniture,IKEA,32256,3.9,4275,Walnut,IKEA TV Unit Max in Walnut. Designed for everyday use with engineered wood and ergonomic. Reliable furniture choice with a practical design.,ikea tv unit walnut engineered wood ergonomic furniture,23,product_0810.svg
811,Cosco Cricket Bat Elite,Sports & Fitness,Cosco,899,3.8,4406,Green,Cosco Cricket Bat Elite in Green. Designed for everyday use with water resistant and anti-slip. Reliable sports & fitness choice with a practical design.,cosco cricket bat green water resistant anti-slip sports & fitness,40,product_0811.svg
812,Penguin Business Book Classic,Books,Penguin,2132,3.7,4537,Red,Penguin Business Book Classic in Red. Designed for everyday use with latest edition and latest edition. Reliable books choice with a practical design.,penguin business book red latest edition latest edition books,21,product_0812.svg
813,LEGO Toy Gun Prime,Toys & Games,LEGO,2736,3.6,4668,Multi,LEGO Toy Gun Prime in Multi. Designed for everyday use with family game and educational. Reliable toys & games choice with a practical design.,lego toy gun multi family game educational toys & games,38,product_0813.svg
814,Castrol LED Headlight X,Automotive,Castrol,8217,3.5,4799,Blue,Castrol LED Headlight X in Blue. Designed for everyday use with premium quality and water resistant. Reliable automotive choice with a practical design.,castrol led headlight blue premium quality water resistant automotive,19,product_0814.svg
815,Aashirvaad Biscuits Ultra,Grocery,Aashirvaad,189,3.4,80,Natural,Aashirvaad Biscuits Ultra in Natural. Designed for everyday use with premium quality and no preservatives. Reliable grocery choice with a practical design.,aashirvaad biscuits natural premium quality no preservatives grocery,36,product_0815.svg
816,Himalaya Vitamin Pack Pro,Health & Wellness,Himalaya,2439,3.3,211,White,Himalaya Vitamin Pack Pro in White. Designed for everyday use with premium quality and lab tested. Reliable health & wellness choice with a practical design.,himalaya vitamin pack white premium quality lab tested health & wellness,17,product_0816.svg
817,Pedigree Leash Plus,Pet Supplies,Pedigree,2993,3.2,342,Red,Pedigree Leash Plus in Red. Designed for everyday use with comfortable and comfortable. Reliable pet supplies choice with a practical design.,pedigree leash red comfortable comfortable pet supplies,34,product_0817.svg
818,Kraft Seeds Watering Can Max,Garden & Outdoors,Kraft Seeds,816,5.0,473,White,Kraft Seeds Watering Can Max in White. Designed for everyday use with lightweight and eco friendly. Reliable garden & outdoors choice with a practical design.,kraft seeds watering can white lightweight eco friendly garden & outdoors,15,product_0818.svg
819,Mia Smart Watch Elite,Jewellery & Accessories,Mia,17896,4.9,604,Black,Mia Smart Watch Elite in Black. Designed for everyday use with adjustable and scratch resistant. Reliable jewellery & accessories choice with a practical design.,mia smart watch black adjustable scratch resistant jewellery & accessories,32,product_0819.svg
820,Classmate Calculator Classic,Office & Stationery,Classmate,6369,4.8,735,Black,Classmate Calculator Classic in Black. Designed for everyday use with smooth writing and durable. Reliable office & stationery choice with a practical design.,classmate calculator black smooth writing durable office & stationery,13,product_0820.svg
821,Anker Portable Projector Prime,Electronics,Anker,19676,4.7,866,Silver,Anker Portable Projector Prime in Silver. Designed for everyday use with noise cancellation and fast charging. Reliable electronics choice with a practical design.,anker portable projector silver noise cancellation fast charging electronics,30,product_0821.svg
822,Apple 5G Smartphone X,Mobiles,Apple,105364,4.6,997,Blue,Apple 5G Smartphone X in Blue. Designed for everyday use with 5g and amoled display. Reliable mobiles choice with a practical design.,apple 5g smartphone blue 5g amoled display mobiles,11,product_0822.svg
823,HP Monitor Ultra,Computers & Accessories,HP,158296,4.5,1128,Silver,HP Monitor Ultra in Silver. Designed for everyday use with wireless and full hd. Reliable computers & accessories choice with a practical design.,hp monitor silver wireless full hd computers & accessories,28,product_0823.svg
824,Levis Slim Fit Jeans Pro,Men's Fashion,Levis,5252,4.4,1259,White,Levis Slim Fit Jeans Pro in White. Designed for everyday use with slim fit and regular fit. Reliable men's fashion choice with a practical design.,levis slim fit jeans white slim fit regular fit men's fashion,9,product_0824.svg
825,Mango Jeans Plus,Women's Fashion,Mango,5415,4.3,1390,White,Mango Jeans Plus in White. Designed for everyday use with cotton and regular fit. Reliable women's fashion choice with a practical design.,mango jeans white cotton regular fit women's fashion,26,product_0825.svg
826,Crocs Slides Max,Footwear,Crocs,6236,4.2,1521,Blue,Crocs Slides Max in Blue. Designed for everyday use with memory foam and cushioned sole. Reliable footwear choice with a practical design.,crocs slides blue memory foam cushioned sole footwear,7,product_0826.svg
827,The Body Shop Moisturizer Elite,Beauty & Personal Care,The Body Shop,5684,4.1,1652,Rose,The Body Shop Moisturizer Elite in Rose. Designed for everyday use with long lasting and long lasting. Reliable beauty & personal care choice with a practical design.,the body shop moisturizer rose long lasting long lasting beauty & personal care,24,product_0827.svg
828,Borosil Storage Container Classic,Home & Kitchen,Borosil,3515,4.0,1783,Blue,Borosil Storage Container Classic in Blue. Designed for everyday use with food grade and dishwasher safe. Reliable home & kitchen choice with a practical design.,borosil storage container blue food grade dishwasher safe home & kitchen,5,product_0828.svg
829,IFB Water Heater Prime,Home Appliances,IFB,4775,3.9,1914,Silver,IFB Water Heater Prime in Silver. Designed for everyday use with inverter and smart control. Reliable home appliances choice with a practical design.,ifb water heater silver inverter smart control home appliances,22,product_0829.svg
830,Pepperfry Bookshelf X,Furniture,Pepperfry,46633,3.8,2045,Black,Pepperfry Bookshelf X in Black. Designed for everyday use with engineered wood and ergonomic. Reliable furniture choice with a practical design.,pepperfry bookshelf black engineered wood ergonomic furniture,39,product_0830.svg
831,Nike Fitness Band Ultra,Sports & Fitness,Nike,2269,3.7,2176,Green,Nike Fitness Band Ultra in Green. Designed for everyday use with water resistant and anti-slip. Reliable sports & fitness choice with a practical design.,nike fitness band green water resistant anti-slip sports & fitness,20,product_0831.svg
832,Penguin Programming Book Pro,Books,Penguin,855,3.6,2307,Red,Penguin Programming Book Pro in Red. Designed for everyday use with latest edition and latest edition. Reliable books choice with a practical design.,penguin programming book red latest edition latest edition books,37,product_0832.svg
833,LEGO Action Figure Plus,Toys & Games,LEGO,5100,3.5,2438,Multi,LEGO Action Figure Plus in Multi. Designed for everyday use with family game and educational. Reliable toys & games choice with a practical design.,lego action figure multi family game educational toys & games,18,product_0833.svg
834,Goodyear Bike Helmet Max,Automotive,Goodyear,18589,3.4,2569,Blue,Goodyear Bike Helmet Max in Blue. Designed for everyday use with premium quality and water resistant. Reliable automotive choice with a practical design.,goodyear bike helmet blue premium quality water resistant automotive,35,product_0834.svg
835,Amul Wheat Flour Elite,Grocery,Amul,786,3.3,2700,Natural,Amul Wheat Flour Elite in Natural. Designed for everyday use with premium quality and no preservatives. Reliable grocery choice with a practical design.,amul wheat flour natural premium quality no preservatives grocery,16,product_0835.svg
836,HealthKart First Aid Kit Classic,Health & Wellness,HealthKart,6696,3.2,2831,White,HealthKart First Aid Kit Classic in White. Designed for everyday use with premium quality and lab tested. Reliable health & wellness choice with a practical design.,healthkart first aid kit white premium quality lab tested health & wellness,33,product_0836.svg
837,Pedigree Pet Carrier Prime,Pet Supplies,Pedigree,5353,5.0,2962,Red,Pedigree Pet Carrier Prime in Red. Designed for everyday use with comfortable and comfortable. Reliable pet supplies choice with a practical design.,pedigree pet carrier red comfortable comfortable pet supplies,14,product_0837.svg
838,IKEA Pruning Shears X,Garden & Outdoors,IKEA,2176,4.9,3093,White,IKEA Pruning Shears X in White. Designed for everyday use with lightweight and eco friendly. Reliable garden & outdoors choice with a practical design.,ikea pruning shears white lightweight eco friendly garden & outdoors,31,product_0838.svg
839,Mia Wallet Ultra,Jewellery & Accessories,Mia,4769,4.8,3224,Black,Mia Wallet Ultra in Black. Designed for everyday use with adjustable and scratch resistant. Reliable jewellery & accessories choice with a practical design.,mia wallet black adjustable scratch resistant jewellery & accessories,12,product_0839.svg
840,Classmate Notebook Pro,Office & Stationery,Classmate,15043,4.7,3355,Black,Classmate Notebook Pro in Black. Designed for everyday use with smooth writing and durable. Reliable office & stationery choice with a practical design.,classmate notebook black smooth writing durable office & stationery,29,product_0840.svg
841,Marshall Earbuds Plus,Electronics,Marshall,2850,4.6,3486,Silver,Marshall Earbuds Plus in Silver. Designed for everyday use with noise cancellation and bluetooth 5.3. Reliable electronics choice with a practical design.,marshall earbuds silver noise cancellation bluetooth 5.3 electronics,10,product_0841.svg
842,Nothing Budget Smartphone Max,Mobiles,Nothing,21742,4.5,3617,Blue,Nothing Budget Smartphone Max in Blue. Designed for everyday use with 5g and dual sim. Reliable mobiles choice with a practical design.,nothing budget smartphone blue 5g dual sim mobiles,27,product_0842.svg
843,Logitech Gaming Laptop Elite,Computers & Accessories,Logitech,157675,4.4,3748,Silver,Logitech Gaming Laptop Elite in Silver. Designed for everyday use with wireless and 16gb ram. Reliable computers & accessories choice with a practical design.,logitech gaming laptop silver wireless 16gb ram computers & accessories,8,product_0843.svg
844,Jack & Jones Chinos Classic,Men's Fashion,Jack & Jones,1107,4.3,3879,Grey,Jack & Jones Chinos Classic in Grey. Designed for everyday use with slim fit and regular fit. Reliable men's fashion choice with a practical design.,jack & jones chinos grey slim fit regular fit men's fashion,25,product_0844.svg
845,ONLY Co-ord Set Prime,Women's Fashion,ONLY,8977,4.2,4010,Beige,ONLY Co-ord Set Prime in Beige. Designed for everyday use with cotton and regular fit. Reliable women's fashion choice with a practical design.,only co-ord set beige cotton regular fit women's fashion,6,product_0845.svg
846,Puma Walking Shoes X,Footwear,Puma,7305,4.1,4141,Blue,Puma Walking Shoes X in Blue. Designed for everyday use with memory foam and cushioned sole. Reliable footwear choice with a practical design.,puma walking shoes blue memory foam cushioned sole footwear,23,product_0846.svg
847,Maybelline Hair Dryer Ultra,Beauty & Personal Care,Maybelline,1636,4.0,4272,Rose,Maybelline Hair Dryer Ultra in Rose. Designed for everyday use with long lasting and long lasting. Reliable beauty & personal care choice with a practical design.,maybelline hair dryer rose long lasting long lasting beauty & personal care,40,product_0847.svg
848,Prestige Cookware Set Pro,Home & Kitchen,Prestige,9483,3.9,4403,Blue,Prestige Cookware Set Pro in Blue. Designed for everyday use with food grade and dishwasher safe. Reliable home & kitchen choice with a practical design.,prestige cookware set blue food grade dishwasher safe home & kitchen,21,product_0848.svg
849,Panasonic Air Purifier Plus,Home Appliances,Panasonic,75654,3.8,4534,Silver,Panasonic Air Purifier Plus in Silver. Designed for everyday use with inverter and smart control. Reliable home appliances choice with a practical design.,panasonic air purifier silver inverter smart control home appliances,38,product_0849.svg
850,HomeTown TV Unit Max,Furniture,HomeTown,13009,3.7,4665,Grey,HomeTown TV Unit Max in Grey. Designed for everyday use with engineered wood and ergonomic. Reliable furniture choice with a practical design.,hometown tv unit grey engineered wood ergonomic furniture,19,product_0850.svg
851,Cosco Cricket Bat Elite,Sports & Fitness,Cosco,3639,3.6,4796,Green,Cosco Cricket Bat Elite in Green. Designed for everyday use with water resistant and anti-slip. Reliable sports & fitness choice with a practical design.,cosco cricket bat green water resistant anti-slip sports & fitness,36,product_0851.svg
852,Penguin Business Book Classic,Books,Penguin,2379,3.5,77,Red,Penguin Business Book Classic in Red. Designed for everyday use with latest edition and latest edition. Reliable books choice with a practical design.,penguin business book red latest edition latest edition books,17,product_0852.svg
853,LEGO Toy Gun Prime,Toys & Games,LEGO,7464,3.4,208,Multi,LEGO Toy Gun Prime in Multi. Designed for everyday use with family game and educational. Reliable toys & games choice with a practical design.,lego toy gun multi family game educational toys & games,34,product_0853.svg
854,Castrol LED Headlight X,Automotive,Castrol,10460,3.3,339,Blue,Castrol LED Headlight X in Blue. Designed for everyday use with premium quality and water resistant. Reliable automotive choice with a practical design.,castrol led headlight blue premium quality water resistant automotive,15,product_0854.svg
855,Aashirvaad Biscuits Ultra,Grocery,Aashirvaad,1383,3.2,470,Natural,Aashirvaad Biscuits Ultra in Natural. Designed for everyday use with premium quality and no preservatives. Reliable grocery choice with a practical design.,aashirvaad biscuits natural premium quality no preservatives grocery,32,product_0855.svg
856,Patanjali Protein Powder Pro,Health & Wellness,Patanjali,4252,5.0,601,White,Patanjali Protein Powder Pro in White. Designed for everyday use with premium quality and lab tested. Reliable health & wellness choice with a practical design.,patanjali protein powder white premium quality lab tested health & wellness,13,product_0856.svg
857,Pedigree Leash Plus,Pet Supplies,Pedigree,7713,4.9,732,Red,Pedigree Leash Plus in Red. Designed for everyday use with comfortable and comfortable. Reliable pet supplies choice with a practical design.,pedigree leash red comfortable comfortable pet supplies,30,product_0857.svg
858,Ugaoo Plant Seeds Max,Garden & Outdoors,Ugaoo,3536,4.8,863,White,Ugaoo Plant Seeds Max in White. Designed for everyday use with lightweight and eco friendly. Reliable garden & outdoors choice with a practical design.,ugaoo plant seeds white lightweight eco friendly garden & outdoors,11,product_0858.svg
859,Mia Smart Watch Elite,Jewellery & Accessories,Mia,16143,4.7,994,Black,Mia Smart Watch Elite in Black. Designed for everyday use with adjustable and scratch resistant. Reliable jewellery & accessories choice with a practical design.,mia smart watch black adjustable scratch resistant jewellery & accessories,28,product_0859.svg
860,Classmate Calculator Classic,Office & Stationery,Classmate,23717,4.6,1125,Black,Classmate Calculator Classic in Black. Designed for everyday use with smooth writing and durable. Reliable office & stationery choice with a practical design.,classmate calculator black smooth writing durable office & stationery,9,product_0860.svg
861,Anker Portable Projector Prime,Electronics,Anker,15225,4.5,1256,Silver,Anker Portable Projector Prime in Silver. Designed for everyday use with noise cancellation and hi-fi audio. Reliable electronics choice with a practical design.,anker portable projector silver noise cancellation hi-fi audio electronics,26,product_0861.svg
862,Apple Camera Phone X,Mobiles,Apple,59121,4.4,1387,Blue,Apple Camera Phone X in Blue. Designed for everyday use with 5g and fast charging. Reliable mobiles choice with a practical design.,apple camera phone blue 5g fast charging mobiles,7,product_0862.svg
863,HP Monitor Ultra,Computers & Accessories,HP,157054,4.3,1518,Silver,HP Monitor Ultra in Silver. Designed for everyday use with wireless and backlit. Reliable computers & accessories choice with a practical design.,hp monitor silver wireless backlit computers & accessories,24,product_0863.svg
864,Levis Slim Fit Jeans Pro,Men's Fashion,Levis,3463,4.2,1649,Black,Levis Slim Fit Jeans Pro in Black. Designed for everyday use with slim fit and regular fit. Reliable men's fashion choice with a practical design.,levis slim fit jeans black slim fit regular fit men's fashion,5,product_0864.svg
865,Mango Jeans Plus,Women's Fashion,Mango,3938,4.1,1780,Pink,Mango Jeans Plus in Pink. Designed for everyday use with cotton and regular fit. Reliable women's fashion choice with a practical design.,mango jeans pink cotton regular fit women's fashion,22,product_0865.svg
866,Crocs Slides Max,Footwear,Crocs,8374,4.0,1911,Blue,Crocs Slides Max in Blue. Designed for everyday use with memory foam and cushioned sole. Reliable footwear choice with a practical design.,crocs slides blue memory foam cushioned sole footwear,39,product_0866.svg
867,The Body Shop Moisturizer Elite,Beauty & Personal Care,The Body Shop,3389,3.9,2042,Rose,The Body Shop Moisturizer Elite in Rose. Designed for everyday use with long lasting and long lasting. Reliable beauty & personal care choice with a practical design.,the body shop moisturizer rose long lasting long lasting beauty & personal care,20,product_0867.svg
868,Borosil Storage Container Classic,Home & Kitchen,Borosil,2750,3.8,2173,Blue,Borosil Storage Container Classic in Blue. Designed for everyday use with food grade and dishwasher safe. Reliable home & kitchen choice with a practical design.,borosil storage container blue food grade dishwasher safe home & kitchen,37,product_0868.svg
869,IFB Water Heater Prime,Home Appliances,IFB,59032,3.7,2304,Silver,IFB Water Heater Prime in Silver. Designed for everyday use with inverter and smart control. Reliable home appliances choice with a practical design.,ifb water heater silver inverter smart control home appliances,18,product_0869.svg
870,IKEA Bookshelf X,Furniture,IKEA,27386,3.6,2435,Walnut,IKEA Bookshelf X in Walnut. Designed for everyday use with engineered wood and ergonomic. Reliable furniture choice with a practical design.,ikea bookshelf walnut engineered wood ergonomic furniture,35,product_0870.svg
871,Nike Fitness Band Ultra,Sports & Fitness,Nike,5009,3.5,2566,Green,Nike Fitness Band Ultra in Green. Designed for everyday use with water resistant and anti-slip. Reliable sports & fitness choice with a practical design.,nike fitness band green water resistant anti-slip sports & fitness,16,product_0871.svg
872,Penguin Programming Book Pro,Books,Penguin,1102,3.4,2697,Red,Penguin Programming Book Pro in Red. Designed for everyday use with latest edition and latest edition. Reliable books choice with a practical design.,penguin programming book red latest edition latest edition books,33,product_0872.svg
873,LEGO Action Figure Plus,Toys & Games,LEGO,9828,3.3,2828,Multi,LEGO Action Figure Plus in Multi. Designed for everyday use with family game and educational. Reliable toys & games choice with a practical design.,lego action figure multi family game educational toys & games,14,product_0873.svg
874,Goodyear Bike Helmet Max,Automotive,Goodyear,2331,3.2,2959,Blue,Goodyear Bike Helmet Max in Blue. Designed for everyday use with premium quality and water resistant. Reliable automotive choice with a practical design.,goodyear bike helmet blue premium quality water resistant automotive,31,product_0874.svg
875,Amul Wheat Flour Elite,Grocery,Amul,1980,5.0,3090,Natural,Amul Wheat Flour Elite in Natural. Designed for everyday use with premium quality and no preservatives. Reliable grocery choice with a practical design.,amul wheat flour natural premium quality no preservatives grocery,12,product_0875.svg
876,Himalaya Digital Weighing Scale Classic,Health & Wellness,Himalaya,1808,4.9,3221,White,Himalaya Digital Weighing Scale Classic in White. Designed for everyday use with premium quality and lab tested. Reliable health & wellness choice with a practical design.,himalaya digital weighing scale white premium quality lab tested health & wellness,29,product_0876.svg
877,Pedigree Pet Carrier Prime,Pet Supplies,Pedigree,2272,4.8,3352,Red,Pedigree Pet Carrier Prime in Red. Designed for everyday use with comfortable and comfortable. Reliable pet supplies choice with a practical design.,pedigree pet carrier red comfortable comfortable pet supplies,10,product_0877.svg
878,Kraft Seeds LED Garden Light X,Garden & Outdoors,Kraft Seeds,4896,4.7,3483,White,Kraft Seeds LED Garden Light X in White. Designed for everyday use with lightweight and eco friendly. Reliable garden & outdoors choice with a practical design.,kraft seeds led garden light white lightweight eco friendly garden & outdoors,27,product_0878.svg
879,Mia Wallet Ultra,Jewellery & Accessories,Mia,3016,4.6,3614,Black,Mia Wallet Ultra in Black. Designed for everyday use with adjustable and scratch resistant. Reliable jewellery & accessories choice with a practical design.,mia wallet black adjustable scratch resistant jewellery & accessories,8,product_0879.svg
880,Classmate Notebook Pro,Office & Stationery,Classmate,7440,4.5,3745,Black,Classmate Notebook Pro in Black. Designed for everyday use with smooth writing and durable. Reliable office & stationery choice with a practical design.,classmate notebook black smooth writing durable office & stationery,25,product_0880.svg
881,Marshall Earbuds Plus,Electronics,Marshall,27600,4.4,3876,Silver,Marshall Earbuds Plus in Silver. Designed for everyday use with noise cancellation and fast charging. Reliable electronics choice with a practical design.,marshall earbuds silver noise cancellation fast charging electronics,6,product_0881.svg
882,Nothing 5G Smartphone Max,Mobiles,Nothing,96500,4.3,4007,Blue,Nothing 5G Smartphone Max in Blue. Designed for everyday use with 5g and amoled display. Reliable mobiles choice with a practical design.,nothing 5g smartphone blue 5g amoled display mobiles,23,product_0882.svg
883,Logitech Gaming Laptop Elite,Computers & Accessories,Logitech,156433,4.2,4138,Silver,Logitech Gaming Laptop Elite in Silver. Designed for everyday use with wireless and full hd. Reliable computers & accessories choice with a practical design.,logitech gaming laptop silver wireless full hd computers & accessories,40,product_0883.svg
884,Jack & Jones Chinos Classic,Men's Fashion,Jack & Jones,5819,4.1,4269,White,Jack & Jones Chinos Classic in White. Designed for everyday use with slim fit and regular fit. Reliable men's fashion choice with a practical design.,jack & jones chinos white slim fit regular fit men's fashion,21,product_0884.svg
885,ONLY Co-ord Set Prime,Women's Fashion,ONLY,7500,4.0,4400,White,ONLY Co-ord Set Prime in White. Designed for everyday use with cotton and regular fit. Reliable women's fashion choice with a practical design.,only co-ord set white cotton regular fit women's fashion,38,product_0885.svg
886,Puma Walking Shoes X,Footwear,Puma,9443,3.9,4531,Blue,Puma Walking Shoes X in Blue. Designed for everyday use with memory foam and cushioned sole. Reliable footwear choice with a practical design.,puma walking shoes blue memory foam cushioned sole footwear,19,product_0886.svg
887,Maybelline Hair Dryer Ultra,Beauty & Personal Care,Maybelline,5142,3.8,4662,Rose,Maybelline Hair Dryer Ultra in Rose. Designed for everyday use with long lasting and long lasting. Reliable beauty & personal care choice with a practical design.,maybelline hair dryer rose long lasting long lasting beauty & personal care,36,product_0887.svg
888,Prestige Cookware Set Pro,Home & Kitchen,Prestige,8718,3.7,4793,Blue,Prestige Cookware Set Pro in Blue. Designed for everyday use with food grade and dishwasher safe. Reliable home & kitchen choice with a practical design.,prestige cookware set blue food grade dishwasher safe home & kitchen,17,product_0888.svg
889,Panasonic Air Purifier Plus,Home Appliances,Panasonic,42410,3.6,74,Silver,Panasonic Air Purifier Plus in Silver. Designed for everyday use with inverter and smart control. Reliable home appliances choice with a practical design.,panasonic air purifier silver inverter smart control home appliances,34,product_0889.svg
890,Pepperfry TV Unit Max,Furniture,Pepperfry,41763,3.5,205,Black,Pepperfry TV Unit Max in Black. Designed for everyday use with engineered wood and ergonomic. Reliable furniture choice with a practical design.,pepperfry tv unit black engineered wood ergonomic furniture,15,product_0890.svg
891,Cosco Cricket Bat Elite,Sports & Fitness,Cosco,6379,3.4,336,Green,Cosco Cricket Bat Elite in Green. Designed for everyday use with water resistant and anti-slip. Reliable sports & fitness choice with a practical design.,cosco cricket bat green water resistant anti-slip sports & fitness,32,product_0891.svg
892,Penguin Business Book Classic,Books,Penguin,2626,3.3,467,Red,Penguin Business Book Classic in Red. Designed for everyday use with latest edition and latest edition. Reliable books choice with a practical design.,penguin business book red latest edition latest edition books,13,product_0892.svg
893,LEGO Toy Gun Prime,Toys & Games,LEGO,2441,3.2,598,Multi,LEGO Toy Gun Prime in Multi. Designed for everyday use with family game and educational. Reliable toys & games choice with a practical design.,lego toy gun multi family game educational toys & games,30,product_0893.svg
894,Castrol LED Headlight X,Automotive,Castrol,12703,5.0,729,Blue,Castrol LED Headlight X in Blue. Designed for everyday use with premium quality and water resistant. Reliable automotive choice with a practical design.,castrol led headlight blue premium quality water resistant automotive,11,product_0894.svg
895,Aashirvaad Biscuits Ultra,Grocery,Aashirvaad,676,4.9,860,Natural,Aashirvaad Biscuits Ultra in Natural. Designed for everyday use with premium quality and no preservatives. Reliable grocery choice with a practical design.,aashirvaad biscuits natural premium quality no preservatives grocery,28,product_0895.svg
896,HealthKart Herbal Tea Pro,Health & Wellness,HealthKart,6065,4.8,991,White,HealthKart Herbal Tea Pro in White. Designed for everyday use with premium quality and lab tested. Reliable health & wellness choice with a practical design.,healthkart herbal tea white premium quality lab tested health & wellness,9,product_0896.svg
897,Pedigree Leash Plus,Pet Supplies,Pedigree,4632,4.7,1122,Red,Pedigree Leash Plus in Red. Designed for everyday use with comfortable and comfortable. Reliable pet supplies choice with a practical design.,pedigree leash red comfortable comfortable pet supplies,26,product_0897.svg
898,IKEA Garden Tool Set Max,Garden & Outdoors,IKEA,6256,4.6,1253,White,IKEA Garden Tool Set Max in White. Designed for everyday use with lightweight and eco friendly. Reliable garden & outdoors choice with a practical design.,ikea garden tool set white lightweight eco friendly garden & outdoors,7,product_0898.svg
899,Mia Smart Watch Elite,Jewellery & Accessories,Mia,14390,4.5,1384,Black,Mia Smart Watch Elite in Black. Designed for everyday use with adjustable and scratch resistant. Reliable jewellery & accessories choice with a practical design.,mia smart watch black adjustable scratch resistant jewellery & accessories,24,product_0899.svg
900,Classmate Calculator Classic,Office & Stationery,Classmate,16114,4.4,1515,Black,Classmate Calculator Classic in Black. Designed for everyday use with smooth writing and durable. Reliable office & stationery choice with a practical design.,classmate calculator black smooth writing durable office & stationery,5,product_0900.svg
901,Anker Portable Projector Prime,Electronics,Anker,10774,4.3,1646,Silver,Anker Portable Projector Prime in Silver. Designed for everyday use with noise cancellation and bluetooth 5.3. Reliable electronics choice with a practical design.,anker portable projector silver noise cancellation bluetooth 5.3 electronics,22,product_0901.svg
902,Apple Budget Smartphone X,Mobiles,Apple,12878,4.2,1777,Blue,Apple Budget Smartphone X in Blue. Designed for everyday use with 5g and dual sim. Reliable mobiles choice with a practical design.,apple budget smartphone blue 5g dual sim mobiles,39,product_0902.svg
903,HP Monitor Ultra,Computers & Accessories,HP,155812,4.1,1908,Silver,HP Monitor Ultra in Silver. Designed for everyday use with wireless and 16gb ram. Reliable computers & accessories choice with a practical design.,hp monitor silver wireless 16gb ram computers & accessories,20,product_0903.svg
904,Levis Slim Fit Jeans Pro,Men's Fashion,Levis,1674,4.0,2039,Grey,Levis Slim Fit Jeans Pro in Grey. Designed for everyday use with slim fit and regular fit. Reliable men's fashion choice with a practical design.,levis slim fit jeans grey slim fit regular fit men's fashion,37,product_0904.svg
905,Mango Jeans Plus,Women's Fashion,Mango,2461,3.9,2170,Beige,Mango Jeans Plus in Beige. Designed for everyday use with cotton and regular fit. Reliable women's fashion choice with a practical design.,mango jeans beige cotton regular fit women's fashion,18,product_0905.svg
906,Crocs Slides Max,Footwear,Crocs,10512,3.8,2301,Blue,Crocs Slides Max in Blue. Designed for everyday use with memory foam and cushioned sole. Reliable footwear choice with a practical design.,crocs slides blue memory foam cushioned sole footwear,35,product_0906.svg
907,The Body Shop Moisturizer Elite,Beauty & Personal Care,The Body Shop,1094,3.7,2432,Rose,The Body Shop Moisturizer Elite in Rose. Designed for everyday use with long lasting and long lasting. Reliable beauty & personal care choice with a practical design.,the body shop moisturizer rose long lasting long lasting beauty & personal care,16,product_0907.svg
908,Borosil Storage Container Classic,Home & Kitchen,Borosil,1985,3.6,2563,Blue,Borosil Storage Container Classic in Blue. Designed for everyday use with food grade and dishwasher safe. Reliable home & kitchen choice with a practical design.,borosil storage container blue food grade dishwasher safe home & kitchen,33,product_0908.svg
909,IFB Water Heater Prime,Home Appliances,IFB,25788,3.5,2694,Silver,IFB Water Heater Prime in Silver. Designed for everyday use with inverter and smart control. Reliable home appliances choice with a practical design.,ifb water heater silver inverter smart control home appliances,14,product_0909.svg
910,HomeTown Bookshelf X,Furniture,HomeTown,8139,3.4,2825,Grey,HomeTown Bookshelf X in Grey. Designed for everyday use with engineered wood and ergonomic. Reliable furniture choice with a practical design.,hometown bookshelf grey engineered wood ergonomic furniture,31,product_0910.svg
911,Nike Fitness Band Ultra,Sports & Fitness,Nike,7749,3.3,2956,Green,Nike Fitness Band Ultra in Green. Designed for everyday use with water resistant and anti-slip. Reliable sports & fitness choice with a practical design.,nike fitness band green water resistant anti-slip sports & fitness,12,product_0911.svg
912,Penguin Programming Book Pro,Books,Penguin,1349,3.2,3087,Red,Penguin Programming Book Pro in Red. Designed for everyday use with latest edition and latest edition. Reliable books choice with a practical design.,penguin programming book red latest edition latest edition books,29,product_0912.svg
913,LEGO Action Figure Plus,Toys & Games,LEGO,4805,5.0,3218,Multi,LEGO Action Figure Plus in Multi. Designed for everyday use with family game and educational. Reliable toys & games choice with a practical design.,lego action figure multi family game educational toys & games,10,product_0913.svg
914,Goodyear Bike Helmet Max,Automotive,Goodyear,4574,4.9,3349,Blue,Goodyear Bike Helmet Max in Blue. Designed for everyday use with premium quality and water resistant. Reliable automotive choice with a practical design.,goodyear bike helmet blue premium quality water resistant automotive,27,product_0914.svg
915,Amul Wheat Flour Elite,Grocery,Amul,1273,4.8,3480,Natural,Amul Wheat Flour Elite in Natural. Designed for everyday use with premium quality and no preservatives. Reliable grocery choice with a practical design.,amul wheat flour natural premium quality no preservatives grocery,8,product_0915.svg
916,Patanjali Massage Gun Classic,Health & Wellness,Patanjali,3621,4.7,3611,White,Patanjali Massage Gun Classic in White. Designed for everyday use with premium quality and lab tested. Reliable health & wellness choice with a practical design.,patanjali massage gun white premium quality lab tested health & wellness,25,product_0916.svg
917,Pedigree Pet Carrier Prime,Pet Supplies,Pedigree,6992,4.6,3742,Red,Pedigree Pet Carrier Prime in Red. Designed for everyday use with comfortable and comfortable. Reliable pet supplies choice with a practical design.,pedigree pet carrier red comfortable comfortable pet supplies,6,product_0917.svg
918,Ugaoo Outdoor Chair X,Garden & Outdoors,Ugaoo,7616,4.5,3873,White,Ugaoo Outdoor Chair X in White. Designed for everyday use with lightweight and eco friendly. Reliable garden & outdoors choice with a practical design.,ugaoo outdoor chair white lightweight eco friendly garden & outdoors,23,product_0918.svg
919,Mia Wallet Ultra,Jewellery & Accessories,Mia,1263,4.4,4004,Black,Mia Wallet Ultra in Black. Designed for everyday use with adjustable and scratch resistant. Reliable jewellery & accessories choice with a practical design.,mia wallet black adjustable scratch resistant jewellery & accessories,40,product_0919.svg
920,Classmate Notebook Pro,Office & Stationery,Classmate,24788,4.3,4135,Black,Classmate Notebook Pro in Black. Designed for everyday use with smooth writing and durable. Reliable office & stationery choice with a practical design.,classmate notebook black smooth writing durable office & stationery,21,product_0920.svg
921,Marshall Earbuds Plus,Electronics,Marshall,23149,4.2,4266,Silver,Marshall Earbuds Plus in Silver. Designed for everyday use with noise cancellation and hi-fi audio. Reliable electronics choice with a practical design.,marshall earbuds silver noise cancellation hi-fi audio electronics,38,product_0921.svg
922,Nothing Camera Phone Max,Mobiles,Nothing,50257,4.1,4397,Blue,Nothing Camera Phone Max in Blue. Designed for everyday use with 5g and fast charging. Reliable mobiles choice with a practical design.,nothing camera phone blue 5g fast charging mobiles,19,product_0922.svg
923,Logitech Gaming Laptop Elite,Computers & Accessories,Logitech,155191,4.0,4528,Silver,Logitech Gaming Laptop Elite in Silver. Designed for everyday use with wireless and backlit. Reliable computers & accessories choice with a practical design.,logitech gaming laptop silver wireless backlit computers & accessories,36,product_0923.svg
924,Jack & Jones Chinos Classic,Men's Fashion,Jack & Jones,4030,3.9,4659,Black,Jack & Jones Chinos Classic in Black. Designed for everyday use with slim fit and regular fit. Reliable men's fashion choice with a practical design.,jack & jones chinos black slim fit regular fit men's fashion,17,product_0924.svg
925,ONLY Co-ord Set Prime,Women's Fashion,ONLY,6023,3.8,4790,Pink,ONLY Co-ord Set Prime in Pink. Designed for everyday use with cotton and regular fit. Reliable women's fashion choice with a practical design.,only co-ord set pink cotton regular fit women's fashion,34,product_0925.svg
926,Puma Walking Shoes X,Footwear,Puma,11581,3.7,71,Blue,Puma Walking Shoes X in Blue. Designed for everyday use with memory foam and cushioned sole. Reliable footwear choice with a practical design.,puma walking shoes blue memory foam cushioned sole footwear,15,product_0926.svg
927,Maybelline Hair Dryer Ultra,Beauty & Personal Care,Maybelline,2847,3.6,202,Rose,Maybelline Hair Dryer Ultra in Rose. Designed for everyday use with long lasting and long lasting. Reliable beauty & personal care choice with a practical design.,maybelline hair dryer rose long lasting long lasting beauty & personal care,32,product_0927.svg
928,Prestige Cookware Set Pro,Home & Kitchen,Prestige,7953,3.5,333,Blue,Prestige Cookware Set Pro in Blue. Designed for everyday use with food grade and dishwasher safe. Reliable home & kitchen choice with a practical design.,prestige cookware set blue food grade dishwasher safe home & kitchen,13,product_0928.svg
929,Panasonic Air Purifier Plus,Home Appliances,Panasonic,9166,3.4,464,Silver,Panasonic Air Purifier Plus in Silver. Designed for everyday use with inverter and smart control. Reliable home appliances choice with a practical design.,panasonic air purifier silver inverter smart control home appliances,30,product_0929.svg
930,IKEA TV Unit Max,Furniture,IKEA,22516,3.3,595,Walnut,IKEA TV Unit Max in Walnut. Designed for everyday use with engineered wood and ergonomic. Reliable furniture choice with a practical design.,ikea tv unit walnut engineered wood ergonomic furniture,11,product_0930.svg
931,Cosco Cricket Bat Elite,Sports & Fitness,Cosco,9119,3.2,726,Green,Cosco Cricket Bat Elite in Green. Designed for everyday use with water resistant and anti-slip. Reliable sports & fitness choice with a practical design.,cosco cricket bat green water resistant anti-slip sports & fitness,28,product_0931.svg
932,Penguin Business Book Classic,Books,Penguin,2873,5.0,857,Red,Penguin Business Book Classic in Red. Designed for everyday use with latest edition and latest edition. Reliable books choice with a practical design.,penguin business book red latest edition latest edition books,9,product_0932.svg
933,LEGO Toy Gun Prime,Toys & Games,LEGO,7169,4.9,988,Multi,LEGO Toy Gun Prime in Multi. Designed for everyday use with family game and educational. Reliable toys & games choice with a practical design.,lego toy gun multi family game educational toys & games,26,product_0933.svg
934,Castrol LED Headlight X,Automotive,Castrol,14946,4.8,1119,Blue,Castrol LED Headlight X in Blue. Designed for everyday use with premium quality and water resistant. Reliable automotive choice with a practical design.,castrol led headlight blue premium quality water resistant automotive,7,product_0934.svg
935,Aashirvaad Biscuits Ultra,Grocery,Aashirvaad,1870,4.7,1250,Natural,Aashirvaad Biscuits Ultra in Natural. Designed for everyday use with premium quality and no preservatives. Reliable grocery choice with a practical design.,aashirvaad biscuits natural premium quality no preservatives grocery,24,product_0935.svg
936,Himalaya Foam Roller Pro,Health & Wellness,Himalaya,1177,4.6,1381,White,Himalaya Foam Roller Pro in White. Designed for everyday use with premium quality and lab tested. Reliable health & wellness choice with a practical design.,himalaya foam roller white premium quality lab tested health & wellness,5,product_0936.svg
937,Pedigree Leash Plus,Pet Supplies,Pedigree,1551,4.5,1512,Red,Pedigree Leash Plus in Red. Designed for everyday use with comfortable and comfortable. Reliable pet supplies choice with a practical design.,pedigree leash red comfortable comfortable pet supplies,22,product_0937.svg
938,Kraft Seeds Planter Max,Garden & Outdoors,Kraft Seeds,1125,4.4,1643,White,Kraft Seeds Planter Max in White. Designed for everyday use with lightweight and eco friendly. Reliable garden & outdoors choice with a practical design.,kraft seeds planter white lightweight eco friendly garden & outdoors,39,product_0938.svg
939,Mia Smart Watch Elite,Jewellery & Accessories,Mia,12637,4.3,1774,Black,Mia Smart Watch Elite in Black. Designed for everyday use with adjustable and scratch resistant. Reliable jewellery & accessories choice with a practical design.,mia smart watch black adjustable scratch resistant jewellery & accessories,20,product_0939.svg
940,Classmate Calculator Classic,Office & Stationery,Classmate,8511,4.2,1905,Black,Classmate Calculator Classic in Black. Designed for everyday use with smooth writing and durable. Reliable office & stationery choice with a practical design.,classmate calculator black smooth writing durable office & stationery,37,product_0940.svg
941,Anker Portable Projector Prime,Electronics,Anker,6323,4.1,2036,Silver,Anker Portable Projector Prime in Silver. Designed for everyday use with noise cancellation and fast charging. Reliable electronics choice with a practical design.,anker portable projector silver noise cancellation fast charging electronics,18,product_0941.svg
942,Apple 5G Smartphone X,Mobiles,Apple,87636,4.0,2167,Blue,Apple 5G Smartphone X in Blue. Designed for everyday use with 5g and amoled display. Reliable mobiles choice with a practical design.,apple 5g smartphone blue 5g amoled display mobiles,35,product_0942.svg
943,HP Monitor Ultra,Computers & Accessories,HP,154570,3.9,2298,Silver,HP Monitor Ultra in Silver. Designed for everyday use with wireless and full hd. Reliable computers & accessories choice with a practical design.,hp monitor silver wireless full hd computers & accessories,16,product_0943.svg
944,Levis Slim Fit Jeans Pro,Men's Fashion,Levis,6386,3.8,2429,White,Levis Slim Fit Jeans Pro in White. Designed for everyday use with slim fit and regular fit. Reliable men's fashion choice with a practical design.,levis slim fit jeans white slim fit regular fit men's fashion,33,product_0944.svg
945,Mango Jeans Plus,Women's Fashion,Mango,984,3.7,2560,White,Mango Jeans Plus in White. Designed for everyday use with cotton and regular fit. Reliable women's fashion choice with a practical design.,mango jeans white cotton regular fit women's fashion,14,product_0945.svg
946,Crocs Slides Max,Footwear,Crocs,12650,3.6,2691,Blue,Crocs Slides Max in Blue. Designed for everyday use with memory foam and cushioned sole. Reliable footwear choice with a practical design.,crocs slides blue memory foam cushioned sole footwear,31,product_0946.svg
947,The Body Shop Moisturizer Elite,Beauty & Personal Care,The Body Shop,4600,3.5,2822,Rose,The Body Shop Moisturizer Elite in Rose. Designed for everyday use with long lasting and long lasting. Reliable beauty & personal care choice with a practical design.,the body shop moisturizer rose long lasting long lasting beauty & personal care,12,product_0947.svg
948,Borosil Storage Container Classic,Home & Kitchen,Borosil,1220,3.4,2953,Blue,Borosil Storage Container Classic in Blue. Designed for everyday use with food grade and dishwasher safe. Reliable home & kitchen choice with a practical design.,borosil storage container blue food grade dishwasher safe home & kitchen,29,product_0948.svg
949,IFB Water Heater Prime,Home Appliances,IFB,80045,3.3,3084,Silver,IFB Water Heater Prime in Silver. Designed for everyday use with inverter and smart control. Reliable home appliances choice with a practical design.,ifb water heater silver inverter smart control home appliances,10,product_0949.svg
950,Pepperfry Bookshelf X,Furniture,Pepperfry,36893,3.2,3215,Black,Pepperfry Bookshelf X in Black. Designed for everyday use with engineered wood and ergonomic. Reliable furniture choice with a practical design.,pepperfry bookshelf black engineered wood ergonomic furniture,27,product_0950.svg
951,Nike Fitness Band Ultra,Sports & Fitness,Nike,10489,5.0,3346,Green,Nike Fitness Band Ultra in Green. Designed for everyday use with water resistant and anti-slip. Reliable sports & fitness choice with a practical design.,nike fitness band green water resistant anti-slip sports & fitness,8,product_0951.svg
952,Penguin Programming Book Pro,Books,Penguin,1596,4.9,3477,Red,Penguin Programming Book Pro in Red. Designed for everyday use with latest edition and latest edition. Reliable books choice with a practical design.,penguin programming book red latest edition latest edition books,25,product_0952.svg
953,LEGO Action Figure Plus,Toys & Games,LEGO,9533,4.8,3608,Multi,LEGO Action Figure Plus in Multi. Designed for everyday use with family game and educational. Reliable toys & games choice with a practical design.,lego action figure multi family game educational toys & games,6,product_0953.svg
954,Goodyear Bike Helmet Max,Automotive,Goodyear,6817,4.7,3739,Blue,Goodyear Bike Helmet Max in Blue. Designed for everyday use with premium quality and water resistant. Reliable automotive choice with a practical design.,goodyear bike helmet blue premium quality water resistant automotive,23,product_0954.svg
955,Amul Wheat Flour Elite,Grocery,Amul,566,4.6,3870,Natural,Amul Wheat Flour Elite in Natural. Designed for everyday use with premium quality and no preservatives. Reliable grocery choice with a practical design.,amul wheat flour natural premium quality no preservatives grocery,40,product_0955.svg
956,HealthKart Vitamin Pack Classic,Health & Wellness,HealthKart,5434,4.5,4001,White,HealthKart Vitamin Pack Classic in White. Designed for everyday use with premium quality and lab tested. Reliable health & wellness choice with a practical design.,healthkart vitamin pack white premium quality lab tested health & wellness,21,product_0956.svg
957,Pedigree Pet Carrier Prime,Pet Supplies,Pedigree,3911,4.4,4132,Red,Pedigree Pet Carrier Prime in Red. Designed for everyday use with comfortable and comfortable. Reliable pet supplies choice with a practical design.,pedigree pet carrier red comfortable comfortable pet supplies,38,product_0957.svg
958,IKEA Watering Can X,Garden & Outdoors,IKEA,2485,4.3,4263,White,IKEA Watering Can X in White. Designed for everyday use with lightweight and eco friendly. Reliable garden & outdoors choice with a practical design.,ikea watering can white lightweight eco friendly garden & outdoors,19,product_0958.svg
959,Mia Wallet Ultra,Jewellery & Accessories,Mia,24011,4.2,4394,Black,Mia Wallet Ultra in Black. Designed for everyday use with adjustable and scratch resistant. Reliable jewellery & accessories choice with a practical design.,mia wallet black adjustable scratch resistant jewellery & accessories,36,product_0959.svg
960,Classmate Notebook Pro,Office & Stationery,Classmate,17185,4.1,4525,Black,Classmate Notebook Pro in Black. Designed for everyday use with smooth writing and durable. Reliable office & stationery choice with a practical design.,classmate notebook black smooth writing durable office & stationery,17,product_0960.svg
961,Marshall Earbuds Plus,Electronics,Marshall,18698,4.0,4656,Silver,Marshall Earbuds Plus in Silver. Designed for everyday use with noise cancellation and bluetooth 5.3. Reliable electronics choice with a practical design.,marshall earbuds silver noise cancellation bluetooth 5.3 electronics,34,product_0961.svg
962,Nothing Budget Smartphone Max,Mobiles,Nothing,125015,3.9,4787,Blue,Nothing Budget Smartphone Max in Blue. Designed for everyday use with 5g and dual sim. Reliable mobiles choice with a practical design.,nothing budget smartphone blue 5g dual sim mobiles,15,product_0962.svg
963,Logitech Gaming Laptop Elite,Computers & Accessories,Logitech,153949,3.8,68,Silver,Logitech Gaming Laptop Elite in Silver. Designed for everyday use with wireless and 16gb ram. Reliable computers & accessories choice with a practical design.,logitech gaming laptop silver wireless 16gb ram computers & accessories,32,product_0963.svg
964,Jack & Jones Chinos Classic,Men's Fashion,Jack & Jones,2241,3.7,199,Grey,Jack & Jones Chinos Classic in Grey. Designed for everyday use with slim fit and regular fit. Reliable men's fashion choice with a practical design.,jack & jones chinos grey slim fit regular fit men's fashion,13,product_0964.svg
965,ONLY Co-ord Set Prime,Women's Fashion,ONLY,4546,3.6,330,Beige,ONLY Co-ord Set Prime in Beige. Designed for everyday use with cotton and regular fit. Reliable women's fashion choice with a practical design.,only co-ord set beige cotton regular fit women's fashion,30,product_0965.svg
966,Puma Walking Shoes X,Footwear,Puma,13719,3.5,461,Blue,Puma Walking Shoes X in Blue. Designed for everyday use with memory foam and cushioned sole. Reliable footwear choice with a practical design.,puma walking shoes blue memory foam cushioned sole footwear,11,product_0966.svg
967,Maybelline Hair Dryer Ultra,Beauty & Personal Care,Maybelline,552,3.4,592,Rose,Maybelline Hair Dryer Ultra in Rose. Designed for everyday use with long lasting and long lasting. Reliable beauty & personal care choice with a practical design.,maybelline hair dryer rose long lasting long lasting beauty & personal care,28,product_0967.svg
968,Prestige Cookware Set Pro,Home & Kitchen,Prestige,7188,3.3,723,Blue,Prestige Cookware Set Pro in Blue. Designed for everyday use with food grade and dishwasher safe. Reliable home & kitchen choice with a practical design.,prestige cookware set blue food grade dishwasher safe home & kitchen,9,product_0968.svg
969,Panasonic Air Purifier Plus,Home Appliances,Panasonic,63423,3.2,854,Silver,Panasonic Air Purifier Plus in Silver. Designed for everyday use with inverter and smart control. Reliable home appliances choice with a practical design.,panasonic air purifier silver inverter smart control home appliances,26,product_0969.svg
970,HomeTown TV Unit Max,Furniture,HomeTown,3269,5.0,985,Grey,HomeTown TV Unit Max in Grey. Designed for everyday use with engineered wood and ergonomic. Reliable furniture choice with a practical design.,hometown tv unit grey engineered wood ergonomic furniture,7,product_0970.svg
971,Cosco Cricket Bat Elite,Sports & Fitness,Cosco,11859,4.9,1116,Green,Cosco Cricket Bat Elite in Green. Designed for everyday use with water resistant and anti-slip. Reliable sports & fitness choice with a practical design.,cosco cricket bat green water resistant anti-slip sports & fitness,24,product_0971.svg
972,Penguin Business Book Classic,Books,Penguin,319,4.8,1247,Red,Penguin Business Book Classic in Red. Designed for everyday use with latest edition and latest edition. Reliable books choice with a practical design.,penguin business book red latest edition latest edition books,5,product_0972.svg
973,LEGO Toy Gun Prime,Toys & Games,LEGO,2146,4.7,1378,Multi,LEGO Toy Gun Prime in Multi. Designed for everyday use with family game and educational. Reliable toys & games choice with a practical design.,lego toy gun multi family game educational toys & games,22,product_0973.svg
974,Castrol LED Headlight X,Automotive,Castrol,17189,4.6,1509,Blue,Castrol LED Headlight X in Blue. Designed for everyday use with premium quality and water resistant. Reliable automotive choice with a practical design.,castrol led headlight blue premium quality water resistant automotive,39,product_0974.svg
975,Aashirvaad Biscuits Ultra,Grocery,Aashirvaad,1163,4.5,1640,Natural,Aashirvaad Biscuits Ultra in Natural. Designed for everyday use with premium quality and no preservatives. Reliable grocery choice with a practical design.,aashirvaad biscuits natural premium quality no preservatives grocery,20,product_0975.svg
976,Patanjali First Aid Kit Pro,Health & Wellness,Patanjali,2990,4.4,1771,White,Patanjali First Aid Kit Pro in White. Designed for everyday use with premium quality and lab tested. Reliable health & wellness choice with a practical design.,patanjali first aid kit white premium quality lab tested health & wellness,37,product_0976.svg
977,Pedigree Leash Plus,Pet Supplies,Pedigree,6271,4.3,1902,Red,Pedigree Leash Plus in Red. Designed for everyday use with comfortable and comfortable. Reliable pet supplies choice with a practical design.,pedigree leash red comfortable comfortable pet supplies,18,product_0977.svg
978,Ugaoo Pruning Shears Max,Garden & Outdoors,Ugaoo,3845,4.2,2033,White,Ugaoo Pruning Shears Max in White. Designed for everyday use with lightweight and eco friendly. Reliable garden & outdoors choice with a practical design.,ugaoo pruning shears white lightweight eco friendly garden & outdoors,35,product_0978.svg
979,Mia Smart Watch Elite,Jewellery & Accessories,Mia,10884,4.1,2164,Black,Mia Smart Watch Elite in Black. Designed for everyday use with adjustable and scratch resistant. Reliable jewellery & accessories choice with a practical design.,mia smart watch black adjustable scratch resistant jewellery & accessories,16,product_0979.svg
980,Classmate Calculator Classic,Office & Stationery,Classmate,908,4.0,2295,Black,Classmate Calculator Classic in Black. Designed for everyday use with smooth writing and durable. Reliable office & stationery choice with a practical design.,classmate calculator black smooth writing durable office & stationery,33,product_0980.svg
981,Anker Portable Projector Prime,Electronics,Anker,1872,3.9,2426,Silver,Anker Portable Projector Prime in Silver. Designed for everyday use with noise cancellation and hi-fi audio. Reliable electronics choice with a practical design.,anker portable projector silver noise cancellation hi-fi audio electronics,14,product_0981.svg
982,Apple Camera Phone X,Mobiles,Apple,41393,3.8,2557,Blue,Apple Camera Phone X in Blue. Designed for everyday use with 5g and fast charging. Reliable mobiles choice with a practical design.,apple camera phone blue 5g fast charging mobiles,31,product_0982.svg
983,HP Monitor Ultra,Computers & Accessories,HP,153328,3.7,2688,Silver,HP Monitor Ultra in Silver. Designed for everyday use with wireless and backlit. Reliable computers & accessories choice with a practical design.,hp monitor silver wireless backlit computers & accessories,12,product_0983.svg
984,Levis Slim Fit Jeans Pro,Men's Fashion,Levis,4597,3.6,2819,Black,Levis Slim Fit Jeans Pro in Black. Designed for everyday use with slim fit and regular fit. Reliable men's fashion choice with a practical design.,levis slim fit jeans black slim fit regular fit men's fashion,29,product_0984.svg
985,Mango Jeans Plus,Women's Fashion,Mango,8108,3.5,2950,Pink,Mango Jeans Plus in Pink. Designed for everyday use with cotton and regular fit. Reliable women's fashion choice with a practical design.,mango jeans pink cotton regular fit women's fashion,10,product_0985.svg
986,Crocs Slides Max,Footwear,Crocs,14788,3.4,3081,Blue,Crocs Slides Max in Blue. Designed for everyday use with memory foam and cushioned sole. Reliable footwear choice with a practical design.,crocs slides blue memory foam cushioned sole footwear,27,product_0986.svg
987,The Body Shop Moisturizer Elite,Beauty & Personal Care,The Body Shop,2305,3.3,3212,Rose,The Body Shop Moisturizer Elite in Rose. Designed for everyday use with long lasting and long lasting. Reliable beauty & personal care choice with a practical design.,the body shop moisturizer rose long lasting long lasting beauty & personal care,8,product_0987.svg
988,Borosil Storage Container Classic,Home & Kitchen,Borosil,455,3.2,3343,Blue,Borosil Storage Container Classic in Blue. Designed for everyday use with food grade and dishwasher safe. Reliable home & kitchen choice with a practical design.,borosil storage container blue food grade dishwasher safe home & kitchen,25,product_0988.svg
989,IFB Water Heater Prime,Home Appliances,IFB,46801,5.0,3474,Silver,IFB Water Heater Prime in Silver. Designed for everyday use with inverter and smart control. Reliable home appliances choice with a practical design.,ifb water heater silver inverter smart control home appliances,6,product_0989.svg
990,IKEA Bookshelf X,Furniture,IKEA,17646,4.9,3605,Walnut,IKEA Bookshelf X in Walnut. Designed for everyday use with engineered wood and ergonomic. Reliable furniture choice with a practical design.,ikea bookshelf walnut engineered wood ergonomic furniture,23,product_0990.svg
991,Nike Fitness Band Ultra,Sports & Fitness,Nike,13229,4.8,3736,Green,Nike Fitness Band Ultra in Green. Designed for everyday use with water resistant and anti-slip. Reliable sports & fitness choice with a practical design.,nike fitness band green water resistant anti-slip sports & fitness,40,product_0991.svg
992,Penguin Programming Book Pro,Books,Penguin,1843,4.7,3867,Red,Penguin Programming Book Pro in Red. Designed for everyday use with latest edition and latest edition. Reliable books choice with a practical design.,penguin programming book red latest edition latest edition books,21,product_0992.svg
993,LEGO Action Figure Plus,Toys & Games,LEGO,4510,4.6,3998,Multi,LEGO Action Figure Plus in Multi. Designed for everyday use with family game and educational. Reliable toys & games choice with a practical design.,lego action figure multi family game educational toys & games,38,product_0993.svg
994,Goodyear Bike Helmet Max,Automotive,Goodyear,9060,4.5,4129,Blue,Goodyear Bike Helmet Max in Blue. Designed for everyday use with premium quality and water resistant. Reliable automotive choice with a practical design.,goodyear bike helmet blue premium quality water resistant automotive,19,product_0994.svg
995,Amul Wheat Flour Elite,Grocery,Amul,1760,4.4,4260,Natural,Amul Wheat Flour Elite in Natural. Designed for everyday use with premium quality and no preservatives. Reliable grocery choice with a practical design.,amul wheat flour natural premium quality no preservatives grocery,36,product_0995.svg
996,Himalaya Protein Powder Classic,Health & Wellness,Himalaya,546,4.3,4391,White,Himalaya Protein Powder Classic in White. Designed for everyday use with premium quality and lab tested. Reliable health & wellness choice with a practical design.,himalaya protein powder white premium quality lab tested health & wellness,17,product_0996.svg
997,Pedigree Pet Carrier Prime,Pet Supplies,Pedigree,830,4.2,4522,Red,Pedigree Pet Carrier Prime in Red. Designed for everyday use with comfortable and comfortable. Reliable pet supplies choice with a practical design.,pedigree pet carrier red comfortable comfortable pet supplies,34,product_0997.svg
998,Kraft Seeds Plant Seeds X,Garden & Outdoors,Kraft Seeds,5205,4.1,4653,White,Kraft Seeds Plant Seeds X in White. Designed for everyday use with lightweight and eco friendly. Reliable garden & outdoors choice with a practical design.,kraft seeds plant seeds white lightweight eco friendly garden & outdoors,15,product_0998.svg
999,Mia Wallet Ultra,Jewellery & Accessories,Mia,22258,4.0,4784,Black,Mia Wallet Ultra in Black. Designed for everyday use with adjustable and scratch resistant. Reliable jewellery & accessories choice with a practical design.,mia wallet black adjustable scratch resistant jewellery & accessories,32,product_0999.svg
1000,Classmate Notebook Pro,Office & Stationery,Classmate,9582,3.9,65,Black,Classmate Notebook Pro in Black. Designed for everyday use with smooth writing and durable. Reliable office & stationery choice with a practical design.,classmate notebook black smooth writing durable office & stationery,13,product_1000.svg
1001,Marshall Earbuds Plus,Electronics,Marshall,14247,3.8,196,Silver,Marshall Earbuds Plus in Silver. Designed for everyday use with noise cancellation and fast charging. Reliable electronics choice with a practical design.,marshall earbuds silver noise cancellation fast charging electronics,30,product_1001.svg
1002,Nothing 5G Smartphone Max,Mobiles,Nothing,78772,3.7,327,Blue,Nothing 5G Smartphone Max in Blue. Designed for everyday use with 5g and amoled display. Reliable mobiles choice with a practical design.,nothing 5g smartphone blue 5g amoled display mobiles,11,product_1002.svg
1003,Logitech Gaming Laptop Elite,Computers & Accessories,Logitech,152707,3.6,458,Silver,Logitech Gaming Laptop Elite in Silver. Designed for everyday use with wireless and full hd. Reliable computers & accessories choice with a practical design.,logitech gaming laptop silver wireless full hd computers & accessories,28,product_1003.svg
1004,Jack & Jones Chinos Classic,Men's Fashion,Jack & Jones,6953,3.5,589,White,Jack & Jones Chinos Classic in White. Designed for everyday use with slim fit and regular fit. Reliable men's fashion choice with a practical design.,jack & jones chinos white slim fit regular fit men's fashion,9,product_1004.svg
1005,ONLY Co-ord Set Prime,Women's Fashion,ONLY,3069,3.4,720,White,ONLY Co-ord Set Prime in White. Designed for everyday use with cotton and regular fit. Reliable women's fashion choice with a practical design.,only co-ord set white cotton regular fit women's fashion,26,product_1005.svg
1006,Puma Walking Shoes X,Footwear,Puma,1556,3.3,851,Blue,Puma Walking Shoes X in Blue. Designed for everyday use with memory foam and cushioned sole. Reliable footwear choice with a practical design.,puma walking shoes blue memory foam cushioned sole footwear,7,product_1006.svg
1007,Maybelline Hair Dryer Ultra,Beauty & Personal Care,Maybelline,4058,3.2,982,Rose,Maybelline Hair Dryer Ultra in Rose. Designed for everyday use with long lasting and long lasting. Reliable beauty & personal care choice with a practical design.,maybelline hair dryer rose long lasting long lasting beauty & personal care,24,product_1007.svg
1008,Prestige Cookware Set Pro,Home & Kitchen,Prestige,6423,5.0,1113,Blue,Prestige Cookware Set Pro in Blue. Designed for everyday use with food grade and dishwasher safe. Reliable home & kitchen choice with a practical design.,prestige cookware set blue food grade dishwasher safe home & kitchen,5,product_1008.svg
1009,Panasonic Air Purifier Plus,Home Appliances,Panasonic,30179,4.9,1244,Silver,Panasonic Air Purifier Plus in Silver. Designed for everyday use with inverter and smart control. Reliable home appliances choice with a practical design.,panasonic air purifier silver inverter smart control home appliances,22,product_1009.svg
1010,Pepperfry TV Unit Max,Furniture,Pepperfry,32023,4.8,1375,Black,Pepperfry TV Unit Max in Black. Designed for everyday use with engineered wood and ergonomic. Reliable furniture choice with a practical design.,pepperfry tv unit black engineered wood ergonomic furniture,39,product_1010.svg
1011,Cosco Cricket Bat Elite,Sports & Fitness,Cosco,14599,4.7,1506,Green,Cosco Cricket Bat Elite in Green. Designed for everyday use with water resistant and anti-slip. Reliable sports & fitness choice with a practical design.,cosco cricket bat green water resistant anti-slip sports & fitness,20,product_1011.svg
1012,Penguin Business Book Classic,Books,Penguin,566,4.6,1637,Red,Penguin Business Book Classic in Red. Designed for everyday use with latest edition and latest edition. Reliable books choice with a practical design.,penguin business book red latest edition latest edition books,37,product_1012.svg
1013,LEGO Toy Gun Prime,Toys & Games,LEGO,6874,4.5,1768,Multi,LEGO Toy Gun Prime in Multi. Designed for everyday use with family game and educational. Reliable toys & games choice with a practical design.,lego toy gun multi family game educational toys & games,18,product_1013.svg
1014,Castrol LED Headlight X,Automotive,Castrol,931,4.4,1899,Blue,Castrol LED Headlight X in Blue. Designed for everyday use with premium quality and water resistant. Reliable automotive choice with a practical design.,castrol led headlight blue premium quality water resistant automotive,35,product_1014.svg
1015,Aashirvaad Biscuits Ultra,Grocery,Aashirvaad,456,4.3,2030,Natural,Aashirvaad Biscuits Ultra in Natural. Designed for everyday use with premium quality and no preservatives. Reliable grocery choice with a practical design.,aashirvaad biscuits natural premium quality no preservatives grocery,16,product_1015.svg
1016,HealthKart Digital Weighing Scale Pro,Health & Wellness,HealthKart,4803,4.2,2161,White,HealthKart Digital Weighing Scale Pro in White. Designed for everyday use with premium quality and lab tested. Reliable health & wellness choice with a practical design.,healthkart digital weighing scale white premium quality lab tested health & wellness,33,product_1016.svg
1017,Pedigree Leash Plus,Pet Supplies,Pedigree,3190,4.1,2292,Red,Pedigree Leash Plus in Red. Designed for everyday use with comfortable and comfortable. Reliable pet supplies choice with a practical design.,pedigree leash red comfortable comfortable pet supplies,14,product_1017.svg
1018,IKEA LED Garden Light Max,Garden & Outdoors,IKEA,6565,4.0,2423,White,IKEA LED Garden Light Max in White. Designed for everyday use with lightweight and eco friendly. Reliable garden & outdoors choice with a practical design.,ikea led garden light white lightweight eco friendly garden & outdoors,31,product_1018.svg
1019,Mia Smart Watch Elite,Jewellery & Accessories,Mia,9131,3.9,2554,Black,Mia Smart Watch Elite in Black. Designed for everyday use with adjustable and scratch resistant. Reliable jewellery & accessories choice with a practical design.,mia smart watch black adjustable scratch resistant jewellery & accessories,12,product_1019.svg
1020,Classmate Calculator Classic,Office & Stationery,Classmate,18256,3.8,2685,Black,Classmate Calculator Classic in Black. Designed for everyday use with smooth writing and durable. Reliable office & stationery choice with a practical design.,classmate calculator black smooth writing durable office & stationery,29,product_1020.svg
1021,Anker Portable Projector Prime,Electronics,Anker,26622,3.7,2816,Silver,Anker Portable Projector Prime in Silver. Designed for everyday use with noise cancellation and bluetooth 5.3. Reliable electronics choice with a practical design.,anker portable projector silver noise cancellation bluetooth 5.3 electronics,10,product_1021.svg
1022,Apple Budget Smartphone X,Mobiles,Apple,116151,3.6,2947,Blue,Apple Budget Smartphone X in Blue. Designed for everyday use with 5g and dual sim. Reliable mobiles choice with a practical design.,apple budget smartphone blue 5g dual sim mobiles,27,product_1022.svg
1023,HP Monitor Ultra,Computers & Accessories,HP,152086,3.5,3078,Silver,HP Monitor Ultra in Silver. Designed for everyday use with wireless and 16gb ram. Reliable computers & accessories choice with a practical design.,hp monitor silver wireless 16gb ram computers & accessories,8,product_1023.svg
1024,Levis Slim Fit Jeans Pro,Men's Fashion,Levis,2808,3.4,3209,Grey,Levis Slim Fit Jeans Pro in Grey. Designed for everyday use with slim fit and regular fit. Reliable men's fashion choice with a practical design.,levis slim fit jeans grey slim fit regular fit men's fashion,25,product_1024.svg
1025,Mango Jeans Plus,Women's Fashion,Mango,6631,3.3,3340,Beige,Mango Jeans Plus in Beige. Designed for everyday use with cotton and regular fit. Reliable women's fashion choice with a practical design.,mango jeans beige cotton regular fit women's fashion,6,product_1025.svg
1026,Crocs Slides Max,Footwear,Crocs,2625,3.2,3471,Blue,Crocs Slides Max in Blue. Designed for everyday use with memory foam and cushioned sole. Reliable footwear choice with a practical design.,crocs slides blue memory foam cushioned sole footwear,23,product_1026.svg
1027,The Body Shop Moisturizer Elite,Beauty & Personal Care,The Body Shop,5811,5.0,3602,Rose,The Body Shop Moisturizer Elite in Rose. Designed for everyday use with long lasting and long lasting. Reliable beauty & personal care choice with a practical design.,the body shop moisturizer rose long lasting long lasting beauty & personal care,40,product_1027.svg
1028,Borosil Storage Container Classic,Home & Kitchen,Borosil,12391,4.9,3733,Blue,Borosil Storage Container Classic in Blue. Designed for everyday use with food grade and dishwasher safe. Reliable home & kitchen choice with a practical design.,borosil storage container blue food grade dishwasher safe home & kitchen,21,product_1028.svg
1029,IFB Water Heater Prime,Home Appliances,IFB,13557,4.8,3864,Silver,IFB Water Heater Prime in Silver. Designed for everyday use with inverter and smart control. Reliable home appliances choice with a practical design.,ifb water heater silver inverter smart control home appliances,38,product_1029.svg
1030,HomeTown Bookshelf X,Furniture,HomeTown,46400,4.7,3995,Grey,HomeTown Bookshelf X in Grey. Designed for everyday use with engineered wood and ergonomic. Reliable furniture choice with a practical design.,hometown bookshelf grey engineered wood ergonomic furniture,19,product_1030.svg
1031,Nike Fitness Band Ultra,Sports & Fitness,Nike,15969,4.6,4126,Green,Nike Fitness Band Ultra in Green. Designed for everyday use with water resistant and anti-slip. Reliable sports & fitness choice with a practical design.,nike fitness band green water resistant anti-slip sports & fitness,36,product_1031.svg
1032,Penguin Programming Book Pro,Books,Penguin,2090,4.5,4257,Red,Penguin Programming Book Pro in Red. Designed for everyday use with latest edition and latest edition. Reliable books choice with a practical design.,penguin programming book red latest edition latest edition books,17,product_1032.svg
1033,LEGO Action Figure Plus,Toys & Games,LEGO,9238,4.4,4388,Multi,LEGO Action Figure Plus in Multi. Designed for everyday use with family game and educational. Reliable toys & games choice with a practical design.,lego action figure multi family game educational toys & games,34,product_1033.svg
1034,Goodyear Bike Helmet Max,Automotive,Goodyear,11303,4.3,4519,Blue,Goodyear Bike Helmet Max in Blue. Designed for everyday use with premium quality and water resistant. Reliable automotive choice with a practical design.,goodyear bike helmet blue premium quality water resistant automotive,15,product_1034.svg
1035,Amul Wheat Flour Elite,Grocery,Amul,1053,4.2,4650,Natural,Amul Wheat Flour Elite in Natural. Designed for everyday use with premium quality and no preservatives. Reliable grocery choice with a practical design.,amul wheat flour natural premium quality no preservatives grocery,32,product_1035.svg
1036,Patanjali Herbal Tea Classic,Health & Wellness,Patanjali,2359,4.1,4781,White,Patanjali Herbal Tea Classic in White. Designed for everyday use with premium quality and lab tested. Reliable health & wellness choice with a practical design.,patanjali herbal tea white premium quality lab tested health & wellness,13,product_1036.svg
1037,Pedigree Pet Carrier Prime,Pet Supplies,Pedigree,5550,4.0,62,Red,Pedigree Pet Carrier Prime in Red. Designed for everyday use with comfortable and comfortable. Reliable pet supplies choice with a practical design.,pedigree pet carrier red comfortable comfortable pet supplies,30,product_1037.svg
1038,Ugaoo Garden Tool Set X,Garden & Outdoors,Ugaoo,7925,3.9,193,White,Ugaoo Garden Tool Set X in White. Designed for everyday use with lightweight and eco friendly. Reliable garden & outdoors choice with a practical design.,ugaoo garden tool set white lightweight eco friendly garden & outdoors,11,product_1038.svg
1039,Mia Wallet Ultra,Jewellery & Accessories,Mia,20505,3.8,324,Black,Mia Wallet Ultra in Black. Designed for everyday use with adjustable and scratch resistant. Reliable jewellery & accessories choice with a practical design.,mia wallet black adjustable scratch resistant jewellery & accessories,28,product_1039.svg
1040,Classmate Notebook Pro,Office & Stationery,Classmate,1979,3.7,455,Black,Classmate Notebook Pro in Black. Designed for everyday use with smooth writing and durable. Reliable office & stationery choice with a practical design.,classmate notebook black smooth writing durable office & stationery,9,product_1040.svg
1041,Marshall Earbuds Plus,Electronics,Marshall,9796,3.6,586,Silver,Marshall Earbuds Plus in Silver. Designed for everyday use with noise cancellation and hi-fi audio. Reliable electronics choice with a practical design.,marshall earbuds silver noise cancellation hi-fi audio electronics,26,product_1041.svg
1042,Nothing Camera Phone Max,Mobiles,Nothing,32529,3.5,717,Blue,Nothing Camera Phone Max in Blue. Designed for everyday use with 5g and fast charging. Reliable mobiles choice with a practical design.,nothing camera phone blue 5g fast charging mobiles,7,product_1042.svg
1043,Logitech Gaming Laptop Elite,Computers & Accessories,Logitech,151465,3.4,848,Silver,Logitech Gaming Laptop Elite in Silver. Designed for everyday use with wireless and backlit. Reliable computers & accessories choice with a practical design.,logitech gaming laptop silver wireless backlit computers & accessories,24,product_1043.svg
1044,Jack & Jones Chinos Classic,Men's Fashion,Jack & Jones,5164,3.3,979,Black,Jack & Jones Chinos Classic in Black. Designed for everyday use with slim fit and regular fit. Reliable men's fashion choice with a practical design.,jack & jones chinos black slim fit regular fit men's fashion,5,product_1044.svg
1045,ONLY Co-ord Set Prime,Women's Fashion,ONLY,1592,3.2,1110,Pink,ONLY Co-ord Set Prime in Pink. Designed for everyday use with cotton and regular fit. Reliable women's fashion choice with a practical design.,only co-ord set pink cotton regular fit women's fashion,22,product_1045.svg
1046,Puma Walking Shoes X,Footwear,Puma,3694,5.0,1241,Blue,Puma Walking Shoes X in Blue. Designed for everyday use with memory foam and cushioned sole. Reliable footwear choice with a practical design.,puma walking shoes blue memory foam cushioned sole footwear,39,product_1046.svg
1047,Maybelline Hair Dryer Ultra,Beauty & Personal Care,Maybelline,1763,4.9,1372,Rose,Maybelline Hair Dryer Ultra in Rose. Designed for everyday use with long lasting and long lasting. Reliable beauty & personal care choice with a practical design.,maybelline hair dryer rose long lasting long lasting beauty & personal care,20,product_1047.svg
1048,Prestige Cookware Set Pro,Home & Kitchen,Prestige,5658,4.8,1503,Blue,Prestige Cookware Set Pro in Blue. Designed for everyday use with food grade and dishwasher safe. Reliable home & kitchen choice with a practical design.,prestige cookware set blue food grade dishwasher safe home & kitchen,37,product_1048.svg
1049,Panasonic Air Purifier Plus,Home Appliances,Panasonic,84436,4.7,1634,Silver,Panasonic Air Purifier Plus in Silver. Designed for everyday use with inverter and smart control. Reliable home appliances choice with a practical design.,panasonic air purifier silver inverter smart control home appliances,18,product_1049.svg
1050,IKEA TV Unit Max,Furniture,IKEA,12776,4.6,1765,Walnut,IKEA TV Unit Max in Walnut. Designed for everyday use with engineered wood and ergonomic. Reliable furniture choice with a practical design.,ikea tv unit walnut engineered wood ergonomic furniture,35,product_1050.svg
1051,Cosco Cricket Bat Elite,Sports & Fitness,Cosco,1638,4.5,1896,Green,Cosco Cricket Bat Elite in Green. Designed for everyday use with water resistant and anti-slip. Reliable sports & fitness choice with a practical design.,cosco cricket bat green water resistant anti-slip sports & fitness,16,product_1051.svg
1052,Penguin Business Book Classic,Books,Penguin,813,4.4,2027,Red,Penguin Business Book Classic in Red. Designed for everyday use with latest edition and latest edition. Reliable books choice with a practical design.,penguin business book red latest edition latest edition books,33,product_1052.svg
1053,LEGO Toy Gun Prime,Toys & Games,LEGO,1851,4.3,2158,Multi,LEGO Toy Gun Prime in Multi. Designed for everyday use with family game and educational. Reliable toys & games choice with a practical design.,lego toy gun multi family game educational toys & games,14,product_1053.svg
1054,Castrol LED Headlight X,Automotive,Castrol,3174,4.2,2289,Blue,Castrol LED Headlight X in Blue. Designed for everyday use with premium quality and water resistant. Reliable automotive choice with a practical design.,castrol led headlight blue premium quality water resistant automotive,31,product_1054.svg
1055,Aashirvaad Biscuits Ultra,Grocery,Aashirvaad,1650,4.1,2420,Natural,Aashirvaad Biscuits Ultra in Natural. Designed for everyday use with premium quality and no preservatives. Reliable grocery choice with a practical design.,aashirvaad biscuits natural premium quality no preservatives grocery,12,product_1055.svg
1056,Himalaya Massage Gun Pro,Health & Wellness,Himalaya,6616,4.0,2551,White,Himalaya Massage Gun Pro in White. Designed for everyday use with premium quality and lab tested. Reliable health & wellness choice with a practical design.,himalaya massage gun white premium quality lab tested health & wellness,29,product_1056.svg
1057,Pedigree Leash Plus,Pet Supplies,Pedigree,7910,3.9,2682,Red,Pedigree Leash Plus in Red. Designed for everyday use with comfortable and comfortable. Reliable pet supplies choice with a practical design.,pedigree leash red comfortable comfortable pet supplies,10,product_1057.svg
1058,Kraft Seeds Outdoor Chair Max,Garden & Outdoors,Kraft Seeds,1434,3.8,2813,White,Kraft Seeds Outdoor Chair Max in White. Designed for everyday use with lightweight and eco friendly. Reliable garden & outdoors choice with a practical design.,kraft seeds outdoor chair white lightweight eco friendly garden & outdoors,27,product_1058.svg
1059,Mia Smart Watch Elite,Jewellery & Accessories,Mia,7378,3.7,2944,Black,Mia Smart Watch Elite in Black. Designed for everyday use with adjustable and scratch resistant. Reliable jewellery & accessories choice with a practical design.,mia smart watch black adjustable scratch resistant jewellery & accessories,8,product_1059.svg
1060,Classmate Calculator Classic,Office & Stationery,Classmate,10653,3.6,3075,Black,Classmate Calculator Classic in Black. Designed for everyday use with smooth writing and durable. Reliable office & stationery choice with a practical design.,classmate calculator black smooth writing durable office & stationery,25,product_1060.svg
1061,Anker Portable Projector Prime,Electronics,Anker,22171,3.5,3206,Silver,Anker Portable Projector Prime in Silver. Designed for everyday use with noise cancellation and fast charging. Reliable electronics choice with a practical design.,anker portable projector silver noise cancellation fast charging electronics,6,product_1061.svg
1062,Apple 5G Smartphone X,Mobiles,Apple,69908,3.4,3337,Blue,Apple 5G Smartphone X in Blue. Designed for everyday use with 5g and amoled display. Reliable mobiles choice with a practical design.,apple 5g smartphone blue 5g amoled display mobiles,23,product_1062.svg
1063,HP Monitor Ultra,Computers & Accessories,HP,150844,3.3,3468,Silver,HP Monitor Ultra in Silver. Designed for everyday use with wireless and full hd. Reliable computers & accessories choice with a practical design.,hp monitor silver wireless full hd computers & accessories,40,product_1063.svg
1064,Levis Slim Fit Jeans Pro,Men's Fashion,Levis,1019,3.2,3599,White,Levis Slim Fit Jeans Pro in White. Designed for everyday use with slim fit and regular fit. Reliable men's fashion choice with a practical design.,levis slim fit jeans white slim fit regular fit men's fashion,21,product_1064.svg
1065,Mango Jeans Plus,Women's Fashion,Mango,5154,5.0,3730,White,Mango Jeans Plus in White. Designed for everyday use with cotton and regular fit. Reliable women's fashion choice with a practical design.,mango jeans white cotton regular fit women's fashion,38,product_1065.svg
1066,Crocs Slides Max,Footwear,Crocs,4763,4.9,3861,Blue,Crocs Slides Max in Blue. Designed for everyday use with memory foam and cushioned sole. Reliable footwear choice with a practical design.,crocs slides blue memory foam cushioned sole footwear,19,product_1066.svg
1067,The Body Shop Moisturizer Elite,Beauty & Personal Care,The Body Shop,3516,4.8,3992,Rose,The Body Shop Moisturizer Elite in Rose. Designed for everyday use with long lasting and long lasting. Reliable beauty & personal care choice with a practical design.,the body shop moisturizer rose long lasting long lasting beauty & personal care,36,product_1067.svg
1068,Borosil Storage Container Classic,Home & Kitchen,Borosil,11626,4.7,4123,Blue,Borosil Storage Container Classic in Blue. Designed for everyday use with food grade and dishwasher safe. Reliable home & kitchen choice with a practical design.,borosil storage container blue food grade dishwasher safe home & kitchen,17,product_1068.svg
1069,IFB Water Heater Prime,Home Appliances,IFB,67814,4.6,4254,Silver,IFB Water Heater Prime in Silver. Designed for everyday use with inverter and smart control. Reliable home appliances choice with a practical design.,ifb water heater silver inverter smart control home appliances,34,product_1069.svg
1070,Pepperfry Bookshelf X,Furniture,Pepperfry,27153,4.5,4385,Black,Pepperfry Bookshelf X in Black. Designed for everyday use with engineered wood and ergonomic. Reliable furniture choice with a practical design.,pepperfry bookshelf black engineered wood ergonomic furniture,15,product_1070.svg
1071,Nike Fitness Band Ultra,Sports & Fitness,Nike,3008,4.4,4516,Green,Nike Fitness Band Ultra in Green. Designed for everyday use with water resistant and anti-slip. Reliable sports & fitness choice with a practical design.,nike fitness band green water resistant anti-slip sports & fitness,32,product_1071.svg
1072,Penguin Programming Book Pro,Books,Penguin,2337,4.3,4647,Red,Penguin Programming Book Pro in Red. Designed for everyday use with latest edition and latest edition. Reliable books choice with a practical design.,penguin programming book red latest edition latest edition books,13,product_1072.svg
1073,LEGO Action Figure Plus,Toys & Games,LEGO,4215,4.2,4778,Multi,LEGO Action Figure Plus in Multi. Designed for everyday use with family game and educational. Reliable toys & games choice with a practical design.,lego action figure multi family game educational toys & games,30,product_1073.svg
1074,Goodyear Bike Helmet Max,Automotive,Goodyear,13546,4.1,59,Blue,Goodyear Bike Helmet Max in Blue. Designed for everyday use with premium quality and water resistant. Reliable automotive choice with a practical design.,goodyear bike helmet blue premium quality water resistant automotive,11,product_1074.svg
1075,Amul Wheat Flour Elite,Grocery,Amul,346,4.0,190,Natural,Amul Wheat Flour Elite in Natural. Designed for everyday use with premium quality and no preservatives. Reliable grocery choice with a practical design.,amul wheat flour natural premium quality no preservatives grocery,28,product_1075.svg
1076,HealthKart Foam Roller Classic,Health & Wellness,HealthKart,4172,3.9,321,White,HealthKart Foam Roller Classic in White. Designed for everyday use with premium quality and lab tested. Reliable health & wellness choice with a practical design.,healthkart foam roller white premium quality lab tested health & wellness,9,product_1076.svg
1077,Pedigree Pet Carrier Prime,Pet Supplies,Pedigree,2469,3.8,452,Red,Pedigree Pet Carrier Prime in Red. Designed for everyday use with comfortable and comfortable. Reliable pet supplies choice with a practical design.,pedigree pet carrier red comfortable comfortable pet supplies,26,product_1077.svg
1078,IKEA Planter X,Garden & Outdoors,IKEA,2794,3.7,583,White,IKEA Planter X in White. Designed for everyday use with lightweight and eco friendly. Reliable garden & outdoors choice with a practical design.,ikea planter white lightweight eco friendly garden & outdoors,7,product_1078.svg
1079,Mia Wallet Ultra,Jewellery & Accessories,Mia,18752,3.6,714,Black,Mia Wallet Ultra in Black. Designed for everyday use with adjustable and scratch resistant. Reliable jewellery & accessories choice with a practical design.,mia wallet black adjustable scratch resistant jewellery & accessories,24,product_1079.svg
1080,Classmate Notebook Pro,Office & Stationery,Classmate,19327,3.5,845,Black,Classmate Notebook Pro in Black. Designed for everyday use with smooth writing and durable. Reliable office & stationery choice with a practical design.,classmate notebook black smooth writing durable office & stationery,5,product_1080.svg
1081,Marshall Earbuds Plus,Electronics,Marshall,5345,3.4,976,Silver,Marshall Earbuds Plus in Silver. Designed for everyday use with noise cancellation and bluetooth 5.3. Reliable electronics choice with a practical design.,marshall earbuds silver noise cancellation bluetooth 5.3 electronics,22,product_1081.svg
1082,Nothing Budget Smartphone Max,Mobiles,Nothing,107287,3.3,1107,Blue,Nothing Budget Smartphone Max in Blue. Designed for everyday use with 5g and dual sim. Reliable mobiles choice with a practical design.,nothing budget smartphone blue 5g dual sim mobiles,39,product_1082.svg
1083,Logitech Gaming Laptop Elite,Computers & Accessories,Logitech,150223,3.2,1238,Silver,Logitech Gaming Laptop Elite in Silver. Designed for everyday use with wireless and 16gb ram. Reliable computers & accessories choice with a practical design.,logitech gaming laptop silver wireless 16gb ram computers & accessories,20,product_1083.svg
1084,Jack & Jones Chinos Classic,Men's Fashion,Jack & Jones,3375,5.0,1369,Grey,Jack & Jones Chinos Classic in Grey. Designed for everyday use with slim fit and regular fit. Reliable men's fashion choice with a practical design.,jack & jones chinos grey slim fit regular fit men's fashion,37,product_1084.svg
1085,ONLY Co-ord Set Prime,Women's Fashion,ONLY,8716,4.9,1500,Beige,ONLY Co-ord Set Prime in Beige. Designed for everyday use with cotton and regular fit. Reliable women's fashion choice with a practical design.,only co-ord set beige cotton regular fit women's fashion,18,product_1085.svg
1086,Puma Walking Shoes X,Footwear,Puma,5832,4.8,1631,Blue,Puma Walking Shoes X in Blue. Designed for everyday use with memory foam and cushioned sole. Reliable footwear choice with a practical design.,puma walking shoes blue memory foam cushioned sole footwear,35,product_1086.svg
1087,Maybelline Hair Dryer Ultra,Beauty & Personal Care,Maybelline,5269,4.7,1762,Rose,Maybelline Hair Dryer Ultra in Rose. Designed for everyday use with long lasting and long lasting. Reliable beauty & personal care choice with a practical design.,maybelline hair dryer rose long lasting long lasting beauty & personal care,16,product_1087.svg
1088,Prestige Cookware Set Pro,Home & Kitchen,Prestige,4893,4.6,1893,Blue,Prestige Cookware Set Pro in Blue. Designed for everyday use with food grade and dishwasher safe. Reliable home & kitchen choice with a practical design.,prestige cookware set blue food grade dishwasher safe home & kitchen,33,product_1088.svg
1089,Panasonic Air Purifier Plus,Home Appliances,Panasonic,51192,4.5,2024,Silver,Panasonic Air Purifier Plus in Silver. Designed for everyday use with inverter and smart control. Reliable home appliances choice with a practical design.,panasonic air purifier silver inverter smart control home appliances,14,product_1089.svg
1090,HomeTown TV Unit Max,Furniture,HomeTown,41530,4.4,2155,Grey,HomeTown TV Unit Max in Grey. Designed for everyday use with engineered wood and ergonomic. Reliable furniture choice with a practical design.,hometown tv unit grey engineered wood ergonomic furniture,31,product_1090.svg
1091,Cosco Cricket Bat Elite,Sports & Fitness,Cosco,4378,4.3,2286,Green,Cosco Cricket Bat Elite in Green. Designed for everyday use with water resistant and anti-slip. Reliable sports & fitness choice with a practical design.,cosco cricket bat green water resistant anti-slip sports & fitness,12,product_1091.svg
1092,Penguin Business Book Classic,Books,Penguin,1060,4.2,2417,Red,Penguin Business Book Classic in Red. Designed for everyday use with latest edition and latest edition. Reliable books choice with a practical design.,penguin business book red latest edition latest edition books,29,product_1092.svg
1093,LEGO Toy Gun Prime,Toys & Games,LEGO,6579,4.1,2548,Multi,LEGO Toy Gun Prime in Multi. Designed for everyday use with family game and educational. Reliable toys & games choice with a practical design.,lego toy gun multi family game educational toys & games,10,product_1093.svg
1094,Castrol LED Headlight X,Automotive,Castrol,5417,4.0,2679,Blue,Castrol LED Headlight X in Blue. Designed for everyday use with premium quality and water resistant. Reliable automotive choice with a practical design.,castrol led headlight blue premium quality water resistant automotive,27,product_1094.svg
1095,Aashirvaad Biscuits Ultra,Grocery,Aashirvaad,943,3.9,2810,Natural,Aashirvaad Biscuits Ultra in Natural. Designed for everyday use with premium quality and no preservatives. Reliable grocery choice with a practical design.,aashirvaad biscuits natural premium quality no preservatives grocery,8,product_1095.svg
1096,Patanjali Vitamin Pack Pro,Health & Wellness,Patanjali,1728,3.8,2941,White,Patanjali Vitamin Pack Pro in White. Designed for everyday use with premium quality and lab tested. Reliable health & wellness choice with a practical design.,patanjali vitamin pack white premium quality lab tested health & wellness,25,product_1096.svg
1097,Pedigree Leash Plus,Pet Supplies,Pedigree,4829,3.7,3072,Red,Pedigree Leash Plus in Red. Designed for everyday use with comfortable and comfortable. Reliable pet supplies choice with a practical design.,pedigree leash red comfortable comfortable pet supplies,6,product_1097.svg
1098,Ugaoo Watering Can Max,Garden & Outdoors,Ugaoo,4154,3.6,3203,White,Ugaoo Watering Can Max in White. Designed for everyday use with lightweight and eco friendly. Reliable garden & outdoors choice with a practical design.,ugaoo watering can white lightweight eco friendly garden & outdoors,23,product_1098.svg
1099,Mia Smart Watch Elite,Jewellery & Accessories,Mia,5625,3.5,3334,Black,Mia Smart Watch Elite in Black. Designed for everyday use with adjustable and scratch resistant. Reliable jewellery & accessories choice with a practical design.,mia smart watch black adjustable scratch resistant jewellery & accessories,40,product_1099.svg
1100,Classmate Calculator Classic,Office & Stationery,Classmate,3050,3.4,3465,Black,Classmate Calculator Classic in Black. Designed for everyday use with smooth writing and durable. Reliable office & stationery choice with a practical design.,classmate calculator black smooth writing durable office & stationery,21,product_1100.svg
1101,Anker Portable Projector Prime,Electronics,Anker,17720,3.3,3596,Silver,Anker Portable Projector Prime in Silver. Designed for everyday use with noise cancellation and hi-fi audio. Reliable electronics choice with a practical design.,anker portable projector silver noise cancellation hi-fi audio electronics,38,product_1101.svg
1102,Apple Camera Phone X,Mobiles,Apple,23665,3.2,3727,Blue,Apple Camera Phone X in Blue. Designed for everyday use with 5g and fast charging. Reliable mobiles choice with a practical design.,apple camera phone blue 5g fast charging mobiles,19,product_1102.svg
1103,HP Monitor Ultra,Computers & Accessories,HP,149602,5.0,3858,Silver,HP Monitor Ultra in Silver. Designed for everyday use with wireless and backlit. Reliable computers & accessories choice with a practical design.,hp monitor silver wireless backlit computers & accessories,36,product_1103.svg
1104,Levis Slim Fit Jeans Pro,Men's Fashion,Levis,5731,4.9,3989,Black,Levis Slim Fit Jeans Pro in Black. Designed for everyday use with slim fit and regular fit. Reliable men's fashion choice with a practical design.,levis slim fit jeans black slim fit regular fit men's fashion,17,product_1104.svg
1105,Mango Jeans Plus,Women's Fashion,Mango,3677,4.8,4120,Pink,Mango Jeans Plus in Pink. Designed for everyday use with cotton and regular fit. Reliable women's fashion choice with a practical design.,mango jeans pink cotton regular fit women's fashion,34,product_1105.svg
1106,Crocs Slides Max,Footwear,Crocs,6901,4.7,4251,Blue,Crocs Slides Max in Blue. Designed for everyday use with memory foam and cushioned sole. Reliable footwear choice with a practical design.,crocs slides blue memory foam cushioned sole footwear,15,product_1106.svg
1107,The Body Shop Moisturizer Elite,Beauty & Personal Care,The Body Shop,1221,4.6,4382,Rose,The Body Shop Moisturizer Elite in Rose. Designed for everyday use with long lasting and long lasting. Reliable beauty & personal care choice with a practical design.,the body shop moisturizer rose long lasting long lasting beauty & personal care,32,product_1107.svg
1108,Borosil Storage Container Classic,Home & Kitchen,Borosil,10861,4.5,4513,Blue,Borosil Storage Container Classic in Blue. Designed for everyday use with food grade and dishwasher safe. Reliable home & kitchen choice with a practical design.,borosil storage container blue food grade dishwasher safe home & kitchen,13,product_1108.svg
1109,IFB Water Heater Prime,Home Appliances,IFB,34570,4.4,4644,Silver,IFB Water Heater Prime in Silver. Designed for everyday use with inverter and smart control. Reliable home appliances choice with a practical design.,ifb water heater silver inverter smart control home appliances,30,product_1109.svg
1110,IKEA Bookshelf X,Furniture,IKEA,7906,4.3,4775,Walnut,IKEA Bookshelf X in Walnut. Designed for everyday use with engineered wood and ergonomic. Reliable furniture choice with a practical design.,ikea bookshelf walnut engineered wood ergonomic furniture,11,product_1110.svg
1111,Nike Fitness Band Ultra,Sports & Fitness,Nike,5748,4.2,56,Green,Nike Fitness Band Ultra in Green. Designed for everyday use with water resistant and anti-slip. Reliable sports & fitness choice with a practical design.,nike fitness band green water resistant anti-slip sports & fitness,28,product_1111.svg
1112,Penguin Programming Book Pro,Books,Penguin,2584,4.1,187,Red,Penguin Programming Book Pro in Red. Designed for everyday use with latest edition and latest edition. Reliable books choice with a practical design.,penguin programming book red latest edition latest edition books,9,product_1112.svg
1113,LEGO Action Figure Plus,Toys & Games,LEGO,8943,4.0,318,Multi,LEGO Action Figure Plus in Multi. Designed for everyday use with family game and educational. Reliable toys & games choice with a practical design.,lego action figure multi family game educational toys & games,26,product_1113.svg
1114,Goodyear Bike Helmet Max,Automotive,Goodyear,15789,3.9,449,Blue,Goodyear Bike Helmet Max in Blue. Designed for everyday use with premium quality and water resistant. Reliable automotive choice with a practical design.,goodyear bike helmet blue premium quality water resistant automotive,7,product_1114.svg
1115,Amul Wheat Flour Elite,Grocery,Amul,1540,3.8,580,Natural,Amul Wheat Flour Elite in Natural. Designed for everyday use with premium quality and no preservatives. Reliable grocery choice with a practical design.,amul wheat flour natural premium quality no preservatives grocery,24,product_1115.svg
1116,Himalaya First Aid Kit Classic,Health & Wellness,Himalaya,5985,3.7,711,White,Himalaya First Aid Kit Classic in White. Designed for everyday use with premium quality and lab tested. Reliable health & wellness choice with a practical design.,himalaya first aid kit white premium quality lab tested health & wellness,5,product_1116.svg
1117,Pedigree Pet Carrier Prime,Pet Supplies,Pedigree,7189,3.6,842,Red,Pedigree Pet Carrier Prime in Red. Designed for everyday use with comfortable and comfortable. Reliable pet supplies choice with a practical design.,pedigree pet carrier red comfortable comfortable pet supplies,22,product_1117.svg
1118,Kraft Seeds Pruning Shears X,Garden & Outdoors,Kraft Seeds,5514,3.5,973,White,Kraft Seeds Pruning Shears X in White. Designed for everyday use with lightweight and eco friendly. Reliable garden & outdoors choice with a practical design.,kraft seeds pruning shears white lightweight eco friendly garden & outdoors,39,product_1118.svg
1119,Mia Wallet Ultra,Jewellery & Accessories,Mia,16999,3.4,1104,Black,Mia Wallet Ultra in Black. Designed for everyday use with adjustable and scratch resistant. Reliable jewellery & accessories choice with a practical design.,mia wallet black adjustable scratch resistant jewellery & accessories,20,product_1119.svg
1120,Classmate Notebook Pro,Office & Stationery,Classmate,11724,3.3,1235,Black,Classmate Notebook Pro in Black. Designed for everyday use with smooth writing and durable. Reliable office & stationery choice with a practical design.,classmate notebook black smooth writing durable office & stationery,37,product_1120.svg
1121,Marshall Earbuds Plus,Electronics,Marshall,894,3.2,1366,Silver,Marshall Earbuds Plus in Silver. Designed for everyday use with noise cancellation and fast charging. Reliable electronics choice with a practical design.,marshall earbuds silver noise cancellation fast charging electronics,18,product_1121.svg
1122,Nothing 5G Smartphone Max,Mobiles,Nothing,61044,5.0,1497,Blue,Nothing 5G Smartphone Max in Blue. Designed for everyday use with 5g and amoled display. Reliable mobiles choice with a practical design.,nothing 5g smartphone blue 5g amoled display mobiles,35,product_1122.svg
1123,Logitech Gaming Laptop Elite,Computers & Accessories,Logitech,148981,4.9,1628,Silver,Logitech Gaming Laptop Elite in Silver. Designed for everyday use with wireless and full hd. Reliable computers & accessories choice with a practical design.,logitech gaming laptop silver wireless full hd computers & accessories,16,product_1123.svg
1124,Jack & Jones Chinos Classic,Men's Fashion,Jack & Jones,1586,4.8,1759,White,Jack & Jones Chinos Classic in White. Designed for everyday use with slim fit and regular fit. Reliable men's fashion choice with a practical design.,jack & jones chinos white slim fit regular fit men's fashion,33,product_1124.svg
1125,ONLY Co-ord Set Prime,Women's Fashion,ONLY,7239,4.7,1890,White,ONLY Co-ord Set Prime in White. Designed for everyday use with cotton and regular fit. Reliable women's fashion choice with a practical design.,only co-ord set white cotton regular fit women's fashion,14,product_1125.svg
1126,Puma Walking Shoes X,Footwear,Puma,7970,4.6,2021,Blue,Puma Walking Shoes X in Blue. Designed for everyday use with memory foam and cushioned sole. Reliable footwear choice with a practical design.,puma walking shoes blue memory foam cushioned sole footwear,31,product_1126.svg
1127,Maybelline Hair Dryer Ultra,Beauty & Personal Care,Maybelline,2974,4.5,2152,Rose,Maybelline Hair Dryer Ultra in Rose. Designed for everyday use with long lasting and long lasting. Reliable beauty & personal care choice with a practical design.,maybelline hair dryer rose long lasting long lasting beauty & personal care,12,product_1127.svg
1128,Prestige Cookware Set Pro,Home & Kitchen,Prestige,4128,4.4,2283,Blue,Prestige Cookware Set Pro in Blue. Designed for everyday use with food grade and dishwasher safe. Reliable home & kitchen choice with a practical design.,prestige cookware set blue food grade dishwasher safe home & kitchen,29,product_1128.svg
1129,Panasonic Air Purifier Plus,Home Appliances,Panasonic,17948,4.3,2414,Silver,Panasonic Air Purifier Plus in Silver. Designed for everyday use with inverter and smart control. Reliable home appliances choice with a practical design.,panasonic air purifier silver inverter smart control home appliances,10,product_1129.svg
1130,Pepperfry TV Unit Max,Furniture,Pepperfry,22283,4.2,2545,Black,Pepperfry TV Unit Max in Black. Designed for everyday use with engineered wood and ergonomic. Reliable furniture choice with a practical design.,pepperfry tv unit black engineered wood ergonomic furniture,27,product_1130.svg
1131,Cosco Cricket Bat Elite,Sports & Fitness,Cosco,7118,4.1,2676,Green,Cosco Cricket Bat Elite in Green. Designed for everyday use with water resistant and anti-slip. Reliable sports & fitness choice with a practical design.,cosco cricket bat green water resistant anti-slip sports & fitness,8,product_1131.svg
1132,Penguin Business Book Classic,Books,Penguin,1307,4.0,2807,Red,Penguin Business Book Classic in Red. Designed for everyday use with latest edition and latest edition. Reliable books choice with a practical design.,penguin business book red latest edition latest edition books,25,product_1132.svg
1133,LEGO Toy Gun Prime,Toys & Games,LEGO,1556,3.9,2938,Multi,LEGO Toy Gun Prime in Multi. Designed for everyday use with family game and educational. Reliable toys & games choice with a practical design.,lego toy gun multi family game educational toys & games,6,product_1133.svg
1134,Castrol LED Headlight X,Automotive,Castrol,7660,3.8,3069,Blue,Castrol LED Headlight X in Blue. Designed for everyday use with premium quality and water resistant. Reliable automotive choice with a practical design.,castrol led headlight blue premium quality water resistant automotive,23,product_1134.svg
1135,Aashirvaad Biscuits Ultra,Grocery,Aashirvaad,236,3.7,3200,Natural,Aashirvaad Biscuits Ultra in Natural. Designed for everyday use with premium quality and no preservatives. Reliable grocery choice with a practical design.,aashirvaad biscuits natural premium quality no preservatives grocery,40,product_1135.svg
1136,HealthKart Protein Powder Pro,Health & Wellness,HealthKart,3541,3.6,3331,White,HealthKart Protein Powder Pro in White. Designed for everyday use with premium quality and lab tested. Reliable health & wellness choice with a practical design.,healthkart protein powder white premium quality lab tested health & wellness,21,product_1136.svg
1137,Pedigree Leash Plus,Pet Supplies,Pedigree,1748,3.5,3462,Red,Pedigree Leash Plus in Red. Designed for everyday use with comfortable and comfortable. Reliable pet supplies choice with a practical design.,pedigree leash red comfortable comfortable pet supplies,38,product_1137.svg
1138,IKEA Plant Seeds Max,Garden & Outdoors,IKEA,6874,3.4,3593,White,IKEA Plant Seeds Max in White. Designed for everyday use with lightweight and eco friendly. Reliable garden & outdoors choice with a practical design.,ikea plant seeds white lightweight eco friendly garden & outdoors,19,product_1138.svg
1139,Mia Smart Watch Elite,Jewellery & Accessories,Mia,3872,3.3,3724,Black,Mia Smart Watch Elite in Black. Designed for everyday use with adjustable and scratch resistant. Reliable jewellery & accessories choice with a practical design.,mia smart watch black adjustable scratch resistant jewellery & accessories,36,product_1139.svg
1140,Classmate Calculator Classic,Office & Stationery,Classmate,20398,3.2,3855,Black,Classmate Calculator Classic in Black. Designed for everyday use with smooth writing and durable. Reliable office & stationery choice with a practical design.,classmate calculator black smooth writing durable office & stationery,17,product_1140.svg
1141,Anker Portable Projector Prime,Electronics,Anker,13269,5.0,3986,Silver,Anker Portable Projector Prime in Silver. Designed for everyday use with noise cancellation and bluetooth 5.3. Reliable electronics choice with a practical design.,anker portable projector silver noise cancellation bluetooth 5.3 electronics,34,product_1141.svg
1142,Apple Budget Smartphone X,Mobiles,Apple,98423,4.9,4117,Blue,Apple Budget Smartphone X in Blue. Designed for everyday use with 5g and dual sim. Reliable mobiles choice with a practical design.,apple budget smartphone blue 5g dual sim mobiles,15,product_1142.svg
1143,HP Monitor Ultra,Computers & Accessories,HP,148360,4.8,4248,Silver,HP Monitor Ultra in Silver. Designed for everyday use with wireless and 16gb ram. Reliable computers & accessories choice with a practical design.,hp monitor silver wireless 16gb ram computers & accessories,32,product_1143.svg
1144,Levis Slim Fit Jeans Pro,Men's Fashion,Levis,3942,4.7,4379,Grey,Levis Slim Fit Jeans Pro in Grey. Designed for everyday use with slim fit and regular fit. Reliable men's fashion choice with a practical design.,levis slim fit jeans grey slim fit regular fit men's fashion,13,product_1144.svg
1145,Mango Jeans Plus,Women's Fashion,Mango,2200,4.6,4510,Beige,Mango Jeans Plus in Beige. Designed for everyday use with cotton and regular fit. Reliable women's fashion choice with a practical design.,mango jeans beige cotton regular fit women's fashion,30,product_1145.svg
1146,Crocs Slides Max,Footwear,Crocs,9039,4.5,4641,Blue,Crocs Slides Max in Blue. Designed for everyday use with memory foam and cushioned sole. Reliable footwear choice with a practical design.,crocs slides blue memory foam cushioned sole footwear,11,product_1146.svg
1147,The Body Shop Moisturizer Elite,Beauty & Personal Care,The Body Shop,4727,4.4,4772,Rose,The Body Shop Moisturizer Elite in Rose. Designed for everyday use with long lasting and long lasting. Reliable beauty & personal care choice with a practical design.,the body shop moisturizer rose long lasting long lasting beauty & personal care,28,product_1147.svg
1148,Borosil Storage Container Classic,Home & Kitchen,Borosil,10096,4.3,53,Blue,Borosil Storage Container Classic in Blue. Designed for everyday use with food grade and dishwasher safe. Reliable home & kitchen choice with a practical design.,borosil storage container blue food grade dishwasher safe home & kitchen,9,product_1148.svg
1149,IFB Water Heater Prime,Home Appliances,IFB,88827,4.2,184,Silver,IFB Water Heater Prime in Silver. Designed for everyday use with inverter and smart control. Reliable home appliances choice with a practical design.,ifb water heater silver inverter smart control home appliances,26,product_1149.svg
1150,HomeTown Bookshelf X,Furniture,HomeTown,36660,4.1,315,Grey,HomeTown Bookshelf X in Grey. Designed for everyday use with engineered wood and ergonomic. Reliable furniture choice with a practical design.,hometown bookshelf grey engineered wood ergonomic furniture,7,product_1150.svg
1151,Nike Fitness Band Ultra,Sports & Fitness,Nike,8488,4.0,446,Green,Nike Fitness Band Ultra in Green. Designed for everyday use with water resistant and anti-slip. Reliable sports & fitness choice with a practical design.,nike fitness band green water resistant anti-slip sports & fitness,24,product_1151.svg
1152,Penguin Programming Book Pro,Books,Penguin,2831,3.9,577,Red,Penguin Programming Book Pro in Red. Designed for everyday use with latest edition and latest edition. Reliable books choice with a practical design.,penguin programming book red latest edition latest edition books,5,product_1152.svg
1153,LEGO Action Figure Plus,Toys & Games,LEGO,3920,3.8,708,Multi,LEGO Action Figure Plus in Multi. Designed for everyday use with family game and educational. Reliable toys & games choice with a practical design.,lego action figure multi family game educational toys & games,22,product_1153.svg
1154,Goodyear Bike Helmet Max,Automotive,Goodyear,18032,3.7,839,Blue,Goodyear Bike Helmet Max in Blue. Designed for everyday use with premium quality and water resistant. Reliable automotive choice with a practical design.,goodyear bike helmet blue premium quality water resistant automotive,39,product_1154.svg
1155,Amul Wheat Flour Elite,Grocery,Amul,833,3.6,970,Natural,Amul Wheat Flour Elite in Natural. Designed for everyday use with premium quality and no preservatives. Reliable grocery choice with a practical design.,amul wheat flour natural premium quality no preservatives grocery,20,product_1155.svg
1156,Patanjali Digital Weighing Scale Classic,Health & Wellness,Patanjali,1097,3.5,1101,White,Patanjali Digital Weighing Scale Classic in White. Designed for everyday use with premium quality and lab tested. Reliable health & wellness choice with a practical design.,patanjali digital weighing scale white premium quality lab tested health & wellness,37,product_1156.svg
1157,Pedigree Pet Carrier Prime,Pet Supplies,Pedigree,4108,3.4,1232,Red,Pedigree Pet Carrier Prime in Red. Designed for everyday use with comfortable and comfortable. Reliable pet supplies choice with a practical design.,pedigree pet carrier red comfortable comfortable pet supplies,18,product_1157.svg
1158,Ugaoo LED Garden Light X,Garden & Outdoors,Ugaoo,383,3.3,1363,White,Ugaoo LED Garden Light X in White. Designed for everyday use with lightweight and eco friendly. Reliable garden & outdoors choice with a practical design.,ugaoo led garden light white lightweight eco friendly garden & outdoors,35,product_1158.svg
1159,Mia Wallet Ultra,Jewellery & Accessories,Mia,15246,3.2,1494,Black,Mia Wallet Ultra in Black. Designed for everyday use with adjustable and scratch resistant. Reliable jewellery & accessories choice with a practical design.,mia wallet black adjustable scratch resistant jewellery & accessories,16,product_1159.svg
1160,Classmate Notebook Pro,Office & Stationery,Classmate,4121,5.0,1625,Black,Classmate Notebook Pro in Black. Designed for everyday use with smooth writing and durable. Reliable office & stationery choice with a practical design.,classmate notebook black smooth writing durable office & stationery,33,product_1160.svg
1161,Marshall Earbuds Plus,Electronics,Marshall,25644,4.9,1756,Silver,Marshall Earbuds Plus in Silver. Designed for everyday use with noise cancellation and hi-fi audio. Reliable electronics choice with a practical design.,marshall earbuds silver noise cancellation hi-fi audio electronics,14,product_1161.svg
1162,Nothing Camera Phone Max,Mobiles,Nothing,14801,4.8,1887,Blue,Nothing Camera Phone Max in Blue. Designed for everyday use with 5g and fast charging. Reliable mobiles choice with a practical design.,nothing camera phone blue 5g fast charging mobiles,31,product_1162.svg
1163,Logitech Gaming Laptop Elite,Computers & Accessories,Logitech,147739,4.7,2018,Silver,Logitech Gaming Laptop Elite in Silver. Designed for everyday use with wireless and backlit. Reliable computers & accessories choice with a practical design.,logitech gaming laptop silver wireless backlit computers & accessories,12,product_1163.svg
1164,Jack & Jones Chinos Classic,Men's Fashion,Jack & Jones,6298,4.6,2149,Black,Jack & Jones Chinos Classic in Black. Designed for everyday use with slim fit and regular fit. Reliable men's fashion choice with a practical design.,jack & jones chinos black slim fit regular fit men's fashion,29,product_1164.svg
1165,ONLY Co-ord Set Prime,Women's Fashion,ONLY,5762,4.5,2280,Pink,ONLY Co-ord Set Prime in Pink. Designed for everyday use with cotton and regular fit. Reliable women's fashion choice with a practical design.,only co-ord set pink cotton regular fit women's fashion,10,product_1165.svg
1166,Puma Walking Shoes X,Footwear,Puma,10108,4.4,2411,Blue,Puma Walking Shoes X in Blue. Designed for everyday use with memory foam and cushioned sole. Reliable footwear choice with a practical design.,puma walking shoes blue memory foam cushioned sole footwear,27,product_1166.svg
1167,Maybelline Hair Dryer Ultra,Beauty & Personal Care,Maybelline,679,4.3,2542,Rose,Maybelline Hair Dryer Ultra in Rose. Designed for everyday use with long lasting and long lasting. Reliable beauty & personal care choice with a practical design.,maybelline hair dryer rose long lasting long lasting beauty & personal care,8,product_1167.svg
1168,Prestige Cookware Set Pro,Home & Kitchen,Prestige,3363,4.2,2673,Blue,Prestige Cookware Set Pro in Blue. Designed for everyday use with food grade and dishwasher safe. Reliable home & kitchen choice with a practical design.,prestige cookware set blue food grade dishwasher safe home & kitchen,25,product_1168.svg
1169,Panasonic Air Purifier Plus,Home Appliances,Panasonic,72205,4.1,2804,Silver,Panasonic Air Purifier Plus in Silver. Designed for everyday use with inverter and smart control. Reliable home appliances choice with a practical design.,panasonic air purifier silver inverter smart control home appliances,6,product_1169.svg
1170,IKEA TV Unit Max,Furniture,IKEA,3036,4.0,2935,Walnut,IKEA TV Unit Max in Walnut. Designed for everyday use with engineered wood and ergonomic. Reliable furniture choice with a practical design.,ikea tv unit walnut engineered wood ergonomic furniture,23,product_1170.svg
1171,Cosco Cricket Bat Elite,Sports & Fitness,Cosco,9858,3.9,3066,Green,Cosco Cricket Bat Elite in Green. Designed for everyday use with water resistant and anti-slip. Reliable sports & fitness choice with a practical design.,cosco cricket bat green water resistant anti-slip sports & fitness,40,product_1171.svg
1172,Penguin Business Book Classic,Books,Penguin,1554,3.8,3197,Red,Penguin Business Book Classic in Red. Designed for everyday use with latest edition and latest edition. Reliable books choice with a practical design.,penguin business book red latest edition latest edition books,21,product_1172.svg
1173,LEGO Toy Gun Prime,Toys & Games,LEGO,6284,3.7,3328,Multi,LEGO Toy Gun Prime in Multi. Designed for everyday use with family game and educational. Reliable toys & games choice with a practical design.,lego toy gun multi family game educational toys & games,38,product_1173.svg
1174,Castrol LED Headlight X,Automotive,Castrol,9903,3.6,3459,Blue,Castrol LED Headlight X in Blue. Designed for everyday use with premium quality and water resistant. Reliable automotive choice with a practical design.,castrol led headlight blue premium quality water resistant automotive,19,product_1174.svg
1175,Aashirvaad Biscuits Ultra,Grocery,Aashirvaad,1430,3.5,3590,Natural,Aashirvaad Biscuits Ultra in Natural. Designed for everyday use with premium quality and no preservatives. Reliable grocery choice with a practical design.,aashirvaad biscuits natural premium quality no preservatives grocery,36,product_1175.svg
1176,Himalaya Herbal Tea Pro,Health & Wellness,Himalaya,5354,3.4,3721,White,Himalaya Herbal Tea Pro in White. Designed for everyday use with premium quality and lab tested. Reliable health & wellness choice with a practical design.,himalaya herbal tea white premium quality lab tested health & wellness,17,product_1176.svg
1177,Pedigree Leash Plus,Pet Supplies,Pedigree,6468,3.3,3852,Red,Pedigree Leash Plus in Red. Designed for everyday use with comfortable and comfortable. Reliable pet supplies choice with a practical design.,pedigree leash red comfortable comfortable pet supplies,34,product_1177.svg
1178,Kraft Seeds Garden Tool Set Max,Garden & Outdoors,Kraft Seeds,1743,3.2,3983,White,Kraft Seeds Garden Tool Set Max in White. Designed for everyday use with lightweight and eco friendly. Reliable garden & outdoors choice with a practical design.,kraft seeds garden tool set white lightweight eco friendly garden & outdoors,15,product_1178.svg
1179,Mia Smart Watch Elite,Jewellery & Accessories,Mia,2119,5.0,4114,Black,Mia Smart Watch Elite in Black. Designed for everyday use with adjustable and scratch resistant. Reliable jewellery & accessories choice with a practical design.,mia smart watch black adjustable scratch resistant jewellery & accessories,32,product_1179.svg
1180,Classmate Calculator Classic,Office & Stationery,Classmate,12795,4.9,4245,Black,Classmate Calculator Classic in Black. Designed for everyday use with smooth writing and durable. Reliable office & stationery choice with a practical design.,classmate calculator black smooth writing durable office & stationery,13,product_1180.svg
1181,Anker Portable Projector Prime,Electronics,Anker,8818,4.8,4376,Silver,Anker Portable Projector Prime in Silver. Designed for everyday use with noise cancellation and fast charging. Reliable electronics choice with a practical design.,anker portable projector silver noise cancellation fast charging electronics,30,product_1181.svg
1182,Apple 5G Smartphone X,Mobiles,Apple,52180,4.7,4507,Blue,Apple 5G Smartphone X in Blue. Designed for everyday use with 5g and amoled display. Reliable mobiles choice with a practical design.,apple 5g smartphone blue 5g amoled display mobiles,11,product_1182.svg
1183,HP Monitor Ultra,Computers & Accessories,HP,147118,4.6,4638,Silver,HP Monitor Ultra in Silver. Designed for everyday use with wireless and full hd. Reliable computers & accessories choice with a practical design.,hp monitor silver wireless full hd computers & accessories,28,product_1183.svg
1184,Levis Slim Fit Jeans Pro,Men's Fashion,Levis,2153,4.5,4769,White,Levis Slim Fit Jeans Pro in White. Designed for everyday use with slim fit and regular fit. Reliable men's fashion choice with a practical design.,levis slim fit jeans white slim fit regular fit men's fashion,9,product_1184.svg
1185,Mango Jeans Plus,Women's Fashion,Mango,723,4.4,50,White,Mango Jeans Plus in White. Designed for everyday use with cotton and regular fit. Reliable women's fashion choice with a practical design.,mango jeans white cotton regular fit women's fashion,26,product_1185.svg
1186,Crocs Slides Max,Footwear,Crocs,11177,4.3,181,Blue,Crocs Slides Max in Blue. Designed for everyday use with memory foam and cushioned sole. Reliable footwear choice with a practical design.,crocs slides blue memory foam cushioned sole footwear,7,product_1186.svg
1187,The Body Shop Moisturizer Elite,Beauty & Personal Care,The Body Shop,2432,4.2,312,Rose,The Body Shop Moisturizer Elite in Rose. Designed for everyday use with long lasting and long lasting. Reliable beauty & personal care choice with a practical design.,the body shop moisturizer rose long lasting long lasting beauty & personal care,24,product_1187.svg
1188,Borosil Storage Container Classic,Home & Kitchen,Borosil,9331,4.1,443,Blue,Borosil Storage Container Classic in Blue. Designed for everyday use with food grade and dishwasher safe. Reliable home & kitchen choice with a practical design.,borosil storage container blue food grade dishwasher safe home & kitchen,5,product_1188.svg
1189,IFB Water Heater Prime,Home Appliances,IFB,55583,4.0,574,Silver,IFB Water Heater Prime in Silver. Designed for everyday use with inverter and smart control. Reliable home appliances choice with a practical design.,ifb water heater silver inverter smart control home appliances,22,product_1189.svg
1190,Pepperfry Bookshelf X,Furniture,Pepperfry,17413,3.9,705,Black,Pepperfry Bookshelf X in Black. Designed for everyday use with engineered wood and ergonomic. Reliable furniture choice with a practical design.,pepperfry bookshelf black engineered wood ergonomic furniture,39,product_1190.svg
1191,Nike Fitness Band Ultra,Sports & Fitness,Nike,11228,3.8,836,Green,Nike Fitness Band Ultra in Green. Designed for everyday use with water resistant and anti-slip. Reliable sports & fitness choice with a practical design.,nike fitness band green water resistant anti-slip sports & fitness,20,product_1191.svg
1192,Penguin Programming Book Pro,Books,Penguin,277,3.7,967,Red,Penguin Programming Book Pro in Red. Designed for everyday use with latest edition and latest edition. Reliable books choice with a practical design.,penguin programming book red latest edition latest edition books,37,product_1192.svg
1193,LEGO Action Figure Plus,Toys & Games,LEGO,8648,3.6,1098,Multi,LEGO Action Figure Plus in Multi. Designed for everyday use with family game and educational. Reliable toys & games choice with a practical design.,lego action figure multi family game educational toys & games,18,product_1193.svg
1194,Goodyear Bike Helmet Max,Automotive,Goodyear,1774,3.5,1229,Blue,Goodyear Bike Helmet Max in Blue. Designed for everyday use with premium quality and water resistant. Reliable automotive choice with a practical design.,goodyear bike helmet blue premium quality water resistant automotive,35,product_1194.svg
1195,Amul Wheat Flour Elite,Grocery,Amul,126,3.4,1360,Natural,Amul Wheat Flour Elite in Natural. Designed for everyday use with premium quality and no preservatives. Reliable grocery choice with a practical design.,amul wheat flour natural premium quality no preservatives grocery,16,product_1195.svg
1196,HealthKart Massage Gun Classic,Health & Wellness,HealthKart,2910,3.3,1491,White,HealthKart Massage Gun Classic in White. Designed for everyday use with premium quality and lab tested. Reliable health & wellness choice with a practical design.,healthkart massage gun white premium quality lab tested health & wellness,33,product_1196.svg
1197,Pedigree Pet Carrier Prime,Pet Supplies,Pedigree,1027,3.2,1622,Red,Pedigree Pet Carrier Prime in Red. Designed for everyday use with comfortable and comfortable. Reliable pet supplies choice with a practical design.,pedigree pet carrier red comfortable comfortable pet supplies,14,product_1197.svg
1198,IKEA Outdoor Chair X,Garden & Outdoors,IKEA,3103,5.0,1753,White,IKEA Outdoor Chair X in White. Designed for everyday use with lightweight and eco friendly. Reliable garden & outdoors choice with a practical design.,ikea outdoor chair white lightweight eco friendly garden & outdoors,31,product_1198.svg
1199,Mia Wallet Ultra,Jewellery & Accessories,Mia,13493,4.9,1884,Black,Mia Wallet Ultra in Black. Designed for everyday use with adjustable and scratch resistant. Reliable jewellery & accessories choice with a practical design.,mia wallet black adjustable scratch resistant jewellery & accessories,12,product_1199.svg
1200,Classmate Notebook Pro,Office & Stationery,Classmate,21469,4.8,2015,Black,Classmate Notebook Pro in Black. Designed for everyday use with smooth writing and durable. Reliable office & stationery choice with a practical design.,classmate notebook black smooth writing durable office & stationery,29,product_1200.svg
1201,Marshall Earbuds Plus,Electronics,Marshall,21193,4.7,2146,Silver,Marshall Earbuds Plus in Silver. Designed for everyday use with noise cancellation and bluetooth 5.3. Reliable electronics choice with a practical design.,marshall earbuds silver noise cancellation bluetooth 5.3 electronics,10,product_1201.svg
1202,Nothing Budget Smartphone Max,Mobiles,Nothing,89559,4.6,2277,Blue,Nothing Budget Smartphone Max in Blue. Designed for everyday use with 5g and dual sim. Reliable mobiles choice with a practical design.,nothing budget smartphone blue 5g dual sim mobiles,27,product_1202.svg
1203,Logitech Gaming Laptop Elite,Computers & Accessories,Logitech,146497,4.5,2408,Silver,Logitech Gaming Laptop Elite in Silver. Designed for everyday use with wireless and 16gb ram. Reliable computers & accessories choice with a practical design.,logitech gaming laptop silver wireless 16gb ram computers & accessories,8,product_1203.svg
1204,Jack & Jones Chinos Classic,Men's Fashion,Jack & Jones,4509,4.4,2539,Grey,Jack & Jones Chinos Classic in Grey. Designed for everyday use with slim fit and regular fit. Reliable men's fashion choice with a practical design.,jack & jones chinos grey slim fit regular fit men's fashion,25,product_1204.svg
1205,ONLY Co-ord Set Prime,Women's Fashion,ONLY,4285,4.3,2670,Beige,ONLY Co-ord Set Prime in Beige. Designed for everyday use with cotton and regular fit. Reliable women's fashion choice with a practical design.,only co-ord set beige cotton regular fit women's fashion,6,product_1205.svg
1206,Puma Walking Shoes X,Footwear,Puma,12246,4.2,2801,Blue,Puma Walking Shoes X in Blue. Designed for everyday use with memory foam and cushioned sole. Reliable footwear choice with a practical design.,puma walking shoes blue memory foam cushioned sole footwear,23,product_1206.svg
1207,Maybelline Hair Dryer Ultra,Beauty & Personal Care,Maybelline,4185,4.1,2932,Rose,Maybelline Hair Dryer Ultra in Rose. Designed for everyday use with long lasting and long lasting. Reliable beauty & personal care choice with a practical design.,maybelline hair dryer rose long lasting long lasting beauty & personal care,40,product_1207.svg
1208,Prestige Cookware Set Pro,Home & Kitchen,Prestige,2598,4.0,3063,Blue,Prestige Cookware Set Pro in Blue. Designed for everyday use with food grade and dishwasher safe. Reliable home & kitchen choice with a practical design.,prestige cookware set blue food grade dishwasher safe home & kitchen,21,product_1208.svg
1209,Panasonic Air Purifier Plus,Home Appliances,Panasonic,38961,3.9,3194,Silver,Panasonic Air Purifier Plus in Silver. Designed for everyday use with inverter and smart control. Reliable home appliances choice with a practical design.,panasonic air purifier silver inverter smart control home appliances,38,product_1209.svg
1210,HomeTown TV Unit Max,Furniture,HomeTown,31790,3.8,3325,Grey,HomeTown TV Unit Max in Grey. Designed for everyday use with engineered wood and ergonomic. Reliable furniture choice with a practical design.,hometown tv unit grey engineered wood ergonomic furniture,19,product_1210.svg
1211,Cosco Cricket Bat Elite,Sports & Fitness,Cosco,12598,3.7,3456,Green,Cosco Cricket Bat Elite in Green. Designed for everyday use with water resistant and anti-slip. Reliable sports & fitness choice with a practical design.,cosco cricket bat green water resistant anti-slip sports & fitness,36,product_1211.svg
1212,Penguin Business Book Classic,Books,Penguin,1801,3.6,3587,Red,Penguin Business Book Classic in Red. Designed for everyday use with latest edition and latest edition. Reliable books choice with a practical design.,penguin business book red latest edition latest edition books,17,product_1212.svg
1213,LEGO Toy Gun Prime,Toys & Games,LEGO,1261,3.5,3718,Multi,LEGO Toy Gun Prime in Multi. Designed for everyday use with family game and educational. Reliable toys & games choice with a practical design.,lego toy gun multi family game educational toys & games,34,product_1213.svg
1214,Castrol LED Headlight X,Automotive,Castrol,12146,3.4,3849,Blue,Castrol LED Headlight X in Blue. Designed for everyday use with premium quality and water resistant. Reliable automotive choice with a practical design.,castrol led headlight blue premium quality water resistant automotive,15,product_1214.svg
1215,Aashirvaad Biscuits Ultra,Grocery,Aashirvaad,723,3.3,3980,Natural,Aashirvaad Biscuits Ultra in Natural. Designed for everyday use with premium quality and no preservatives. Reliable grocery choice with a practical design.,aashirvaad biscuits natural premium quality no preservatives grocery,32,product_1215.svg
1216,Patanjali Foam Roller Pro,Health & Wellness,Patanjali,466,3.2,4111,White,Patanjali Foam Roller Pro in White. Designed for everyday use with premium quality and lab tested. Reliable health & wellness choice with a practical design.,patanjali foam roller white premium quality lab tested health & wellness,13,product_1216.svg
1217,Pedigree Leash Plus,Pet Supplies,Pedigree,3387,5.0,4242,Red,Pedigree Leash Plus in Red. Designed for everyday use with comfortable and comfortable. Reliable pet supplies choice with a practical design.,pedigree leash red comfortable comfortable pet supplies,30,product_1217.svg
1218,Ugaoo Planter Max,Garden & Outdoors,Ugaoo,4463,4.9,4373,White,Ugaoo Planter Max in White. Designed for everyday use with lightweight and eco friendly. Reliable garden & outdoors choice with a practical design.,ugaoo planter white lightweight eco friendly garden & outdoors,11,product_1218.svg
1219,Mia Smart Watch Elite,Jewellery & Accessories,Mia,24867,4.8,4504,Black,Mia Smart Watch Elite in Black. Designed for everyday use with adjustable and scratch resistant. Reliable jewellery & accessories choice with a practical design.,mia smart watch black adjustable scratch resistant jewellery & accessories,28,product_1219.svg
1220,Classmate Calculator Classic,Office & Stationery,Classmate,5192,4.7,4635,Black,Classmate Calculator Classic in Black. Designed for everyday use with smooth writing and durable. Reliable office & stationery choice with a practical design.,classmate calculator black smooth writing durable office & stationery,9,product_1220.svg
1221,Anker Portable Projector Prime,Electronics,Anker,4367,4.6,4766,Silver,Anker Portable Projector Prime in Silver. Designed for everyday use with noise cancellation and hi-fi audio. Reliable electronics choice with a practical design.,anker portable projector silver noise cancellation hi-fi audio electronics,26,product_1221.svg
1222,Apple Camera Phone X,Mobiles,Apple,126938,4.5,47,Blue,Apple Camera Phone X in Blue. Designed for everyday use with 5g and fast charging. Reliable mobiles choice with a practical design.,apple camera phone blue 5g fast charging mobiles,7,product_1222.svg
1223,HP Monitor Ultra,Computers & Accessories,HP,145876,4.4,178,Silver,HP Monitor Ultra in Silver. Designed for everyday use with wireless and backlit. Reliable computers & accessories choice with a practical design.,hp monitor silver wireless backlit computers & accessories,24,product_1223.svg
1224,Levis Slim Fit Jeans Pro,Men's Fashion,Levis,6865,4.3,309,Black,Levis Slim Fit Jeans Pro in Black. Designed for everyday use with slim fit and regular fit. Reliable men's fashion choice with a practical design.,levis slim fit jeans black slim fit regular fit men's fashion,5,product_1224.svg
1225,Mango Jeans Plus,Women's Fashion,Mango,7847,4.2,440,Pink,Mango Jeans Plus in Pink. Designed for everyday use with cotton and regular fit. Reliable women's fashion choice with a practical design.,mango jeans pink cotton regular fit women's fashion,22,product_1225.svg
1226,Crocs Slides Max,Footwear,Crocs,13315,4.1,571,Blue,Crocs Slides Max in Blue. Designed for everyday use with memory foam and cushioned sole. Reliable footwear choice with a practical design.,crocs slides blue memory foam cushioned sole footwear,39,product_1226.svg
1227,The Body Shop Moisturizer Elite,Beauty & Personal Care,The Body Shop,5938,4.0,702,Rose,The Body Shop Moisturizer Elite in Rose. Designed for everyday use with long lasting and long lasting. Reliable beauty & personal care choice with a practical design.,the body shop moisturizer rose long lasting long lasting beauty & personal care,20,product_1227.svg
1228,Borosil Storage Container Classic,Home & Kitchen,Borosil,8566,3.9,833,Blue,Borosil Storage Container Classic in Blue. Designed for everyday use with food grade and dishwasher safe. Reliable home & kitchen choice with a practical design.,borosil storage container blue food grade dishwasher safe home & kitchen,37,product_1228.svg
1229,IFB Water Heater Prime,Home Appliances,IFB,22339,3.8,964,Silver,IFB Water Heater Prime in Silver. Designed for everyday use with inverter and smart control. Reliable home appliances choice with a practical design.,ifb water heater silver inverter smart control home appliances,18,product_1229.svg
1230,IKEA Bookshelf X,Furniture,IKEA,46167,3.7,1095,Walnut,IKEA Bookshelf X in Walnut. Designed for everyday use with engineered wood and ergonomic. Reliable furniture choice with a practical design.,ikea bookshelf walnut engineered wood ergonomic furniture,35,product_1230.svg
1231,Nike Fitness Band Ultra,Sports & Fitness,Nike,13968,3.6,1226,Green,Nike Fitness Band Ultra in Green. Designed for everyday use with water resistant and anti-slip. Reliable sports & fitness choice with a practical design.,nike fitness band green water resistant anti-slip sports & fitness,16,product_1231.svg
1232,Penguin Programming Book Pro,Books,Penguin,524,3.5,1357,Red,Penguin Programming Book Pro in Red. Designed for everyday use with latest edition and latest edition. Reliable books choice with a practical design.,penguin programming book red latest edition latest edition books,33,product_1232.svg
1233,LEGO Action Figure Plus,Toys & Games,LEGO,3625,3.4,1488,Multi,LEGO Action Figure Plus in Multi. Designed for everyday use with family game and educational. Reliable toys & games choice with a practical design.,lego action figure multi family game educational toys & games,14,product_1233.svg
1234,Goodyear Bike Helmet Max,Automotive,Goodyear,4017,3.3,1619,Blue,Goodyear Bike Helmet Max in Blue. Designed for everyday use with premium quality and water resistant. Reliable automotive choice with a practical design.,goodyear bike helmet blue premium quality water resistant automotive,31,product_1234.svg
1235,Amul Wheat Flour Elite,Grocery,Amul,1320,3.2,1750,Natural,Amul Wheat Flour Elite in Natural. Designed for everyday use with premium quality and no preservatives. Reliable grocery choice with a practical design.,amul wheat flour natural premium quality no preservatives grocery,12,product_1235.svg
1236,Himalaya Vitamin Pack Classic,Health & Wellness,Himalaya,4723,5.0,1881,White,Himalaya Vitamin Pack Classic in White. Designed for everyday use with premium quality and lab tested. Reliable health & wellness choice with a practical design.,himalaya vitamin pack white premium quality lab tested health & wellness,29,product_1236.svg
1237,Pedigree Pet Carrier Prime,Pet Supplies,Pedigree,5747,4.9,2012,Red,Pedigree Pet Carrier Prime in Red. Designed for everyday use with comfortable and comfortable. Reliable pet supplies choice with a practical design.,pedigree pet carrier red comfortable comfortable pet supplies,10,product_1237.svg
1238,Kraft Seeds Watering Can X,Garden & Outdoors,Kraft Seeds,5823,4.8,2143,White,Kraft Seeds Watering Can X in White. Designed for everyday use with lightweight and eco friendly. Reliable garden & outdoors choice with a practical design.,kraft seeds watering can white lightweight eco friendly garden & outdoors,27,product_1238.svg
1239,Mia Wallet Ultra,Jewellery & Accessories,Mia,11740,4.7,2274,Black,Mia Wallet Ultra in Black. Designed for everyday use with adjustable and scratch resistant. Reliable jewellery & accessories choice with a practical design.,mia wallet black adjustable scratch resistant jewellery & accessories,8,product_1239.svg
1240,Classmate Notebook Pro,Office & Stationery,Classmate,13866,4.6,2405,Black,Classmate Notebook Pro in Black. Designed for everyday use with smooth writing and durable. Reliable office & stationery choice with a practical design.,classmate notebook black smooth writing durable office & stationery,25,product_1240.svg
1241,Marshall Earbuds Plus,Electronics,Marshall,16742,4.5,2536,Silver,Marshall Earbuds Plus in Silver. Designed for everyday use with noise cancellation and fast charging. Reliable electronics choice with a practical design.,marshall earbuds silver noise cancellation fast charging electronics,6,product_1241.svg
1242,Nothing 5G Smartphone Max,Mobiles,Nothing,43316,4.4,2667,Blue,Nothing 5G Smartphone Max in Blue. Designed for everyday use with 5g and amoled display. Reliable mobiles choice with a practical design.,nothing 5g smartphone blue 5g amoled display mobiles,23,product_1242.svg
1243,Logitech Gaming Laptop Elite,Computers & Accessories,Logitech,145255,4.3,2798,Silver,Logitech Gaming Laptop Elite in Silver. Designed for everyday use with wireless and full hd. Reliable computers & accessories choice with a practical design.,logitech gaming laptop silver wireless full hd computers & accessories,40,product_1243.svg
1244,Jack & Jones Chinos Classic,Men's Fashion,Jack & Jones,2720,4.2,2929,White,Jack & Jones Chinos Classic in White. Designed for everyday use with slim fit and regular fit. Reliable men's fashion choice with a practical design.,jack & jones chinos white slim fit regular fit men's fashion,21,product_1244.svg
1245,ONLY Co-ord Set Prime,Women's Fashion,ONLY,2808,4.1,3060,White,ONLY Co-ord Set Prime in White. Designed for everyday use with cotton and regular fit. Reliable women's fashion choice with a practical design.,only co-ord set white cotton regular fit women's fashion,38,product_1245.svg
1246,Puma Walking Shoes X,Footwear,Puma,14384,4.0,3191,Blue,Puma Walking Shoes X in Blue. Designed for everyday use with memory foam and cushioned sole. Reliable footwear choice with a practical design.,puma walking shoes blue memory foam cushioned sole footwear,19,product_1246.svg
1247,Maybelline Hair Dryer Ultra,Beauty & Personal Care,Maybelline,1890,3.9,3322,Rose,Maybelline Hair Dryer Ultra in Rose. Designed for everyday use with long lasting and long lasting. Reliable beauty & personal care choice with a practical design.,maybelline hair dryer rose long lasting long lasting beauty & personal care,36,product_1247.svg
1248,Prestige Cookware Set Pro,Home & Kitchen,Prestige,1833,3.8,3453,Blue,Prestige Cookware Set Pro in Blue. Designed for everyday use with food grade and dishwasher safe. Reliable home & kitchen choice with a practical design.,prestige cookware set blue food grade dishwasher safe home & kitchen,17,product_1248.svg
1249,Panasonic Air Purifier Plus,Home Appliances,Panasonic,5717,3.7,3584,Silver,Panasonic Air Purifier Plus in Silver. Designed for everyday use with inverter and smart control. Reliable home appliances choice with a practical design.,panasonic air purifier silver inverter smart control home appliances,34,product_1249.svg
1250,Pepperfry TV Unit Max,Furniture,Pepperfry,12543,3.6,3715,Black,Pepperfry TV Unit Max in Black. Designed for everyday use with engineered wood and ergonomic. Reliable furniture choice with a practical design.,pepperfry tv unit black engineered wood ergonomic furniture,15,product_1250.svg
1251,Cosco Cricket Bat Elite,Sports & Fitness,Cosco,15338,3.5,3846,Green,Cosco Cricket Bat Elite in Green. Designed for everyday use with water resistant and anti-slip. Reliable sports & fitness choice with a practical design.,cosco cricket bat green water resistant anti-slip sports & fitness,32,product_1251.svg
1252,Penguin Business Book Classic,Books,Penguin,2048,3.4,3977,Red,Penguin Business Book Classic in Red. Designed for everyday use with latest edition and latest edition. Reliable books choice with a practical design.,penguin business book red latest edition latest edition books,13,product_1252.svg
1253,LEGO Toy Gun Prime,Toys & Games,LEGO,5989,3.3,4108,Multi,LEGO Toy Gun Prime in Multi. Designed for everyday use with family game and educational. Reliable toys & games choice with a practical design.,lego toy gun multi family game educational toys & games,30,product_1253.svg
1254,Castrol LED Headlight X,Automotive,Castrol,14389,3.2,4239,Blue,Castrol LED Headlight X in Blue. Designed for everyday use with premium quality and water resistant. Reliable automotive choice with a practical design.,castrol led headlight blue premium quality water resistant automotive,11,product_1254.svg
1255,Aashirvaad Biscuits Ultra,Grocery,Aashirvaad,1917,5.0,4370,Natural,Aashirvaad Biscuits Ultra in Natural. Designed for everyday use with premium quality and no preservatives. Reliable grocery choice with a practical design.,aashirvaad biscuits natural premium quality no preservatives grocery,28,product_1255.svg
1256,HealthKart First Aid Kit Pro,Health & Wellness,HealthKart,2279,4.9,4501,White,HealthKart First Aid Kit Pro in White. Designed for everyday use with premium quality and lab tested. Reliable health & wellness choice with a practical design.,healthkart first aid kit white premium quality lab tested health & wellness,9,product_1256.svg
1257,Pedigree Leash Plus,Pet Supplies,Pedigree,306,4.8,4632,Red,Pedigree Leash Plus in Red. Designed for everyday use with comfortable and comfortable. Reliable pet supplies choice with a practical design.,pedigree leash red comfortable comfortable pet supplies,26,product_1257.svg
1258,IKEA Pruning Shears Max,Garden & Outdoors,IKEA,7183,4.7,4763,White,IKEA Pruning Shears Max in White. Designed for everyday use with lightweight and eco friendly. Reliable garden & outdoors choice with a practical design.,ikea pruning shears white lightweight eco friendly garden & outdoors,7,product_1258.svg
1259,Mia Smart Watch Elite,Jewellery & Accessories,Mia,23114,4.6,44,Black,Mia Smart Watch Elite in Black. Designed for everyday use with adjustable and scratch resistant. Reliable jewellery & accessories choice with a practical design.,mia smart watch black adjustable scratch resistant jewellery & accessories,24,product_1259.svg
1260,Classmate Calculator Classic,Office & Stationery,Classmate,22540,4.5,175,Black,Classmate Calculator Classic in Black. Designed for everyday use with smooth writing and durable. Reliable office & stationery choice with a practical design.,classmate calculator black smooth writing durable office & stationery,5,product_1260.svg
1261,Anker Portable Projector Prime,Electronics,Anker,29117,4.4,306,Silver,Anker Portable Projector Prime in Silver. Designed for everyday use with noise cancellation and bluetooth 5.3. Reliable electronics choice with a practical design.,anker portable projector silver noise cancellation bluetooth 5.3 electronics,22,product_1261.svg
1262,Apple Budget Smartphone X,Mobiles,Apple,80695,4.3,437,Blue,Apple Budget Smartphone X in Blue. Designed for everyday use with 5g and dual sim. Reliable mobiles choice with a practical design.,apple budget smartphone blue 5g dual sim mobiles,39,product_1262.svg
1263,HP Monitor Ultra,Computers & Accessories,HP,144634,4.2,568,Silver,HP Monitor Ultra in Silver. Designed for everyday use with wireless and 16gb ram. Reliable computers & accessories choice with a practical design.,hp monitor silver wireless 16gb ram computers & accessories,20,product_1263.svg
1264,Levis Slim Fit Jeans Pro,Men's Fashion,Levis,5076,4.1,699,Grey,Levis Slim Fit Jeans Pro in Grey. Designed for everyday use with slim fit and regular fit. Reliable men's fashion choice with a practical design.,levis slim fit jeans grey slim fit regular fit men's fashion,37,product_1264.svg
1265,Mango Jeans Plus,Women's Fashion,Mango,6370,4.0,830,Beige,Mango Jeans Plus in Beige. Designed for everyday use with cotton and regular fit. Reliable women's fashion choice with a practical design.,mango jeans beige cotton regular fit women's fashion,18,product_1265.svg
1266,Crocs Slides Max,Footwear,Crocs,1152,3.9,961,Blue,Crocs Slides Max in Blue. Designed for everyday use with memory foam and cushioned sole. Reliable footwear choice with a practical design.,crocs slides blue memory foam cushioned sole footwear,35,product_1266.svg
1267,The Body Shop Moisturizer Elite,Beauty & Personal Care,The Body Shop,3643,3.8,1092,Rose,The Body Shop Moisturizer Elite in Rose. Designed for everyday use with long lasting and long lasting. Reliable beauty & personal care choice with a practical design.,the body shop moisturizer rose long lasting long lasting beauty & personal care,16,product_1267.svg
1268,Borosil Storage Container Classic,Home & Kitchen,Borosil,7801,3.7,1223,Blue,Borosil Storage Container Classic in Blue. Designed for everyday use with food grade and dishwasher safe. Reliable home & kitchen choice with a practical design.,borosil storage container blue food grade dishwasher safe home & kitchen,33,product_1268.svg
1269,IFB Water Heater Prime,Home Appliances,IFB,76596,3.6,1354,Silver,IFB Water Heater Prime in Silver. Designed for everyday use with inverter and smart control. Reliable home appliances choice with a practical design.,ifb water heater silver inverter smart control home appliances,14,product_1269.svg
1270,HomeTown Bookshelf X,Furniture,HomeTown,26920,3.5,1485,Grey,HomeTown Bookshelf X in Grey. Designed for everyday use with engineered wood and ergonomic. Reliable furniture choice with a practical design.,hometown bookshelf grey engineered wood ergonomic furniture,31,product_1270.svg
1271,Nike Fitness Band Ultra,Sports & Fitness,Nike,1007,3.4,1616,Green,Nike Fitness Band Ultra in Green. Designed for everyday use with water resistant and anti-slip. Reliable sports & fitness choice with a practical design.,nike fitness band green water resistant anti-slip sports & fitness,12,product_1271.svg
1272,Penguin Programming Book Pro,Books,Penguin,771,3.3,1747,Red,Penguin Programming Book Pro in Red. Designed for everyday use with latest edition and latest edition. Reliable books choice with a practical design.,penguin programming book red latest edition latest edition books,29,product_1272.svg
1273,LEGO Action Figure Plus,Toys & Games,LEGO,8353,3.2,1878,Multi,LEGO Action Figure Plus in Multi. Designed for everyday use with family game and educational. Reliable toys & games choice with a practical design.,lego action figure multi family game educational toys & games,10,product_1273.svg
1274,Goodyear Bike Helmet Max,Automotive,Goodyear,6260,5.0,2009,Blue,Goodyear Bike Helmet Max in Blue. Designed for everyday use with premium quality and water resistant. Reliable automotive choice with a practical design.,goodyear bike helmet blue premium quality water resistant automotive,27,product_1274.svg
1275,Amul Wheat Flour Elite,Grocery,Amul,613,4.9,2140,Natural,Amul Wheat Flour Elite in Natural. Designed for everyday use with premium quality and no preservatives. Reliable grocery choice with a practical design.,amul wheat flour natural premium quality no preservatives grocery,8,product_1275.svg
1276,Patanjali Protein Powder Classic,Health & Wellness,Patanjali,6536,4.8,2271,White,Patanjali Protein Powder Classic in White. Designed for everyday use with premium quality and lab tested. Reliable health & wellness choice with a practical design.,patanjali protein powder white premium quality lab tested health & wellness,25,product_1276.svg
1277,Pedigree Pet Carrier Prime,Pet Supplies,Pedigree,2666,4.7,2402,Red,Pedigree Pet Carrier Prime in Red. Designed for everyday use with comfortable and comfortable. Reliable pet supplies choice with a practical design.,pedigree pet carrier red comfortable comfortable pet supplies,6,product_1277.svg
1278,Ugaoo Plant Seeds X,Garden & Outdoors,Ugaoo,692,4.6,2533,White,Ugaoo Plant Seeds X in White. Designed for everyday use with lightweight and eco friendly. Reliable garden & outdoors choice with a practical design.,ugaoo plant seeds white lightweight eco friendly garden & outdoors,23,product_1278.svg
1279,Mia Wallet Ultra,Jewellery & Accessories,Mia,9987,4.5,2664,Black,Mia Wallet Ultra in Black. Designed for everyday use with adjustable and scratch resistant. Reliable jewellery & accessories choice with a practical design.,mia wallet black adjustable scratch resistant jewellery & accessories,40,product_1279.svg
1280,Classmate Notebook Pro,Office & Stationery,Classmate,6263,4.4,2795,Black,Classmate Notebook Pro in Black. Designed for everyday use with smooth writing and durable. Reliable office & stationery choice with a practical design.,classmate notebook black smooth writing durable office & stationery,21,product_1280.svg
1281,Marshall Earbuds Plus,Electronics,Marshall,12291,4.3,2926,Silver,Marshall Earbuds Plus in Silver. Designed for everyday use with noise cancellation and hi-fi audio. Reliable electronics choice with a practical design.,marshall earbuds silver noise cancellation hi-fi audio electronics,38,product_1281.svg
1282,Nothing Camera Phone Max,Mobiles,Nothing,118074,4.2,3057,Blue,Nothing Camera Phone Max in Blue. Designed for everyday use with 5g and fast charging. Reliable mobiles choice with a practical design.,nothing camera phone blue 5g fast charging mobiles,19,product_1282.svg
1283,Logitech Gaming Laptop Elite,Computers & Accessories,Logitech,144013,4.1,3188,Silver,Logitech Gaming Laptop Elite in Silver. Designed for everyday use with wireless and backlit. Reliable computers & accessories choice with a practical design.,logitech gaming laptop silver wireless backlit computers & accessories,36,product_1283.svg
1284,Jack & Jones Chinos Classic,Men's Fashion,Jack & Jones,931,4.0,3319,Black,Jack & Jones Chinos Classic in Black. Designed for everyday use with slim fit and regular fit. Reliable men's fashion choice with a practical design.,jack & jones chinos black slim fit regular fit men's fashion,17,product_1284.svg
1285,ONLY Co-ord Set Prime,Women's Fashion,ONLY,1331,3.9,3450,Pink,ONLY Co-ord Set Prime in Pink. Designed for everyday use with cotton and regular fit. Reliable women's fashion choice with a practical design.,only co-ord set pink cotton regular fit women's fashion,34,product_1285.svg
1286,Puma Walking Shoes X,Footwear,Puma,2221,3.8,3581,Blue,Puma Walking Shoes X in Blue. Designed for everyday use with memory foam and cushioned sole. Reliable footwear choice with a practical design.,puma walking shoes blue memory foam cushioned sole footwear,15,product_1286.svg
1287,Maybelline Hair Dryer Ultra,Beauty & Personal Care,Maybelline,5396,3.7,3712,Rose,Maybelline Hair Dryer Ultra in Rose. Designed for everyday use with long lasting and long lasting. Reliable beauty & personal care choice with a practical design.,maybelline hair dryer rose long lasting long lasting beauty & personal care,32,product_1287.svg
1288,Prestige Cookware Set Pro,Home & Kitchen,Prestige,1068,3.6,3843,Blue,Prestige Cookware Set Pro in Blue. Designed for everyday use with food grade and dishwasher safe. Reliable home & kitchen choice with a practical design.,prestige cookware set blue food grade dishwasher safe home & kitchen,13,product_1288.svg
1289,Panasonic Air Purifier Plus,Home Appliances,Panasonic,59974,3.5,3974,Silver,Panasonic Air Purifier Plus in Silver. Designed for everyday use with inverter and smart control. Reliable home appliances choice with a practical design.,panasonic air purifier silver inverter smart control home appliances,30,product_1289.svg
1290,IKEA TV Unit Max,Furniture,IKEA,41297,3.4,4105,Walnut,IKEA TV Unit Max in Walnut. Designed for everyday use with engineered wood and ergonomic. Reliable furniture choice with a practical design.,ikea tv unit walnut engineered wood ergonomic furniture,11,product_1290.svg
1291,Cosco Cricket Bat Elite,Sports & Fitness,Cosco,2377,3.3,4236,Green,Cosco Cricket Bat Elite in Green. Designed for everyday use with water resistant and anti-slip. Reliable sports & fitness choice with a practical design.,cosco cricket bat green water resistant anti-slip sports & fitness,28,product_1291.svg
1292,Penguin Business Book Classic,Books,Penguin,2295,3.2,4367,Red,Penguin Business Book Classic in Red. Designed for everyday use with latest edition and latest edition. Reliable books choice with a practical design.,penguin business book red latest edition latest edition books,9,product_1292.svg
1293,LEGO Toy Gun Prime,Toys & Games,LEGO,966,5.0,4498,Multi,LEGO Toy Gun Prime in Multi. Designed for everyday use with family game and educational. Reliable toys & games choice with a practical design.,lego toy gun multi family game educational toys & games,26,product_1293.svg
1294,Castrol LED Headlight X,Automotive,Castrol,16632,4.9,4629,Blue,Castrol LED Headlight X in Blue. Designed for everyday use with premium quality and water resistant. Reliable automotive choice with a practical design.,castrol led headlight blue premium quality water resistant automotive,7,product_1294.svg
1295,Aashirvaad Biscuits Ultra,Grocery,Aashirvaad,1210,4.8,4760,Natural,Aashirvaad Biscuits Ultra in Natural. Designed for everyday use with premium quality and no preservatives. Reliable grocery choice with a practical design.,aashirvaad biscuits natural premium quality no preservatives grocery,24,product_1295.svg
1296,Himalaya Digital Weighing Scale Pro,Health & Wellness,Himalaya,4092,4.7,41,White,Himalaya Digital Weighing Scale Pro in White. Designed for everyday use with premium quality and lab tested. Reliable health & wellness choice with a practical design.,himalaya digital weighing scale white premium quality lab tested health & wellness,5,product_1296.svg
1297,Pedigree Leash Plus,Pet Supplies,Pedigree,5026,4.6,172,Red,Pedigree Leash Plus in Red. Designed for everyday use with comfortable and comfortable. Reliable pet supplies choice with a practical design.,pedigree leash red comfortable comfortable pet supplies,22,product_1297.svg
1298,Kraft Seeds LED Garden Light Max,Garden & Outdoors,Kraft Seeds,2052,4.5,303,White,Kraft Seeds LED Garden Light Max in White. Designed for everyday use with lightweight and eco friendly. Reliable garden & outdoors choice with a practical design.,kraft seeds led garden light white lightweight eco friendly garden & outdoors,39,product_1298.svg
1299,Mia Smart Watch Elite,Jewellery & Accessories,Mia,21361,4.4,434,Black,Mia Smart Watch Elite in Black. Designed for everyday use with adjustable and scratch resistant. Reliable jewellery & accessories choice with a practical design.,mia smart watch black adjustable scratch resistant jewellery & accessories,20,product_1299.svg
1300,Classmate Calculator Classic,Office & Stationery,Classmate,14937,4.3,565,Black,Classmate Calculator Classic in Black. Designed for everyday use with smooth writing and durable. Reliable office & stationery choice with a practical design.,classmate calculator black smooth writing durable office & stationery,37,product_1300.svg
1301,Anker Portable Projector Prime,Electronics,Anker,24666,4.2,696,Silver,Anker Portable Projector Prime in Silver. Designed for everyday use with noise cancellation and fast charging. Reliable electronics choice with a practical design.,anker portable projector silver noise cancellation fast charging electronics,18,product_1301.svg
1302,Apple 5G Smartphone X,Mobiles,Apple,34452,4.1,827,Blue,Apple 5G Smartphone X in Blue. Designed for everyday use with 5g and amoled display. Reliable mobiles choice with a practical design.,apple 5g smartphone blue 5g amoled display mobiles,35,product_1302.svg
1303,HP Monitor Ultra,Computers & Accessories,HP,143392,4.0,958,Silver,HP Monitor Ultra in Silver. Designed for everyday use with wireless and full hd. Reliable computers & accessories choice with a practical design.,hp monitor silver wireless full hd computers & accessories,16,product_1303.svg
1304,Levis Slim Fit Jeans Pro,Men's Fashion,Levis,3287,3.9,1089,White,Levis Slim Fit Jeans Pro in White. Designed for everyday use with slim fit and regular fit. Reliable men's fashion choice with a practical design.,levis slim fit jeans white slim fit regular fit men's fashion,33,product_1304.svg
1305,Mango Jeans Plus,Women's Fashion,Mango,4893,3.8,1220,White,Mango Jeans Plus in White. Designed for everyday use with cotton and regular fit. Reliable women's fashion choice with a practical design.,mango jeans white cotton regular fit women's fashion,14,product_1305.svg
1306,Crocs Slides Max,Footwear,Crocs,3290,3.7,1351,Blue,Crocs Slides Max in Blue. Designed for everyday use with memory foam and cushioned sole. Reliable footwear choice with a practical design.,crocs slides blue memory foam cushioned sole footwear,31,product_1306.svg
1307,The Body Shop Moisturizer Elite,Beauty & Personal Care,The Body Shop,1348,3.6,1482,Rose,The Body Shop Moisturizer Elite in Rose. Designed for everyday use with long lasting and long lasting. Reliable beauty & personal care choice with a practical design.,the body shop moisturizer rose long lasting long lasting beauty & personal care,12,product_1307.svg
1308,Borosil Storage Container Classic,Home & Kitchen,Borosil,7036,3.5,1613,Blue,Borosil Storage Container Classic in Blue. Designed for everyday use with food grade and dishwasher safe. Reliable home & kitchen choice with a practical design.,borosil storage container blue food grade dishwasher safe home & kitchen,29,product_1308.svg
1309,IFB Water Heater Prime,Home Appliances,IFB,43352,3.4,1744,Silver,IFB Water Heater Prime in Silver. Designed for everyday use with inverter and smart control. Reliable home appliances choice with a practical design.,ifb water heater silver inverter smart control home appliances,10,product_1309.svg
1310,Pepperfry Bookshelf X,Furniture,Pepperfry,7673,3.3,1875,Black,Pepperfry Bookshelf X in Black. Designed for everyday use with engineered wood and ergonomic. Reliable furniture choice with a practical design.,pepperfry bookshelf black engineered wood ergonomic furniture,27,product_1310.svg
1311,Nike Fitness Band Ultra,Sports & Fitness,Nike,3747,3.2,2006,Green,Nike Fitness Band Ultra in Green. Designed for everyday use with water resistant and anti-slip. Reliable sports & fitness choice with a practical design.,nike fitness band green water resistant anti-slip sports & fitness,8,product_1311.svg
1312,Penguin Programming Book Pro,Books,Penguin,1018,5.0,2137,Red,Penguin Programming Book Pro in Red. Designed for everyday use with latest edition and latest edition. Reliable books choice with a practical design.,penguin programming book red latest edition latest edition books,25,product_1312.svg
1313,LEGO Action Figure Plus,Toys & Games,LEGO,3330,4.9,2268,Multi,LEGO Action Figure Plus in Multi. Designed for everyday use with family game and educational. Reliable toys & games choice with a practical design.,lego action figure multi family game educational toys & games,6,product_1313.svg
1314,Goodyear Bike Helmet Max,Automotive,Goodyear,8503,4.8,2399,Blue,Goodyear Bike Helmet Max in Blue. Designed for everyday use with premium quality and water resistant. Reliable automotive choice with a practical design.,goodyear bike helmet blue premium quality water resistant automotive,23,product_1314.svg
1315,Amul Wheat Flour Elite,Grocery,Amul,1807,4.7,2530,Natural,Amul Wheat Flour Elite in Natural. Designed for everyday use with premium quality and no preservatives. Reliable grocery choice with a practical design.,amul wheat flour natural premium quality no preservatives grocery,40,product_1315.svg
1316,HealthKart Herbal Tea Classic,Health & Wellness,HealthKart,1648,4.6,2661,White,HealthKart Herbal Tea Classic in White. Designed for everyday use with premium quality and lab tested. Reliable health & wellness choice with a practical design.,healthkart herbal tea white premium quality lab tested health & wellness,21,product_1316.svg
1317,Pedigree Pet Carrier Prime,Pet Supplies,Pedigree,7386,4.5,2792,Red,Pedigree Pet Carrier Prime in Red. Designed for everyday use with comfortable and comfortable. Reliable pet supplies choice with a practical design.,pedigree pet carrier red comfortable comfortable pet supplies,38,product_1317.svg
1318,IKEA Garden Tool Set X,Garden & Outdoors,IKEA,3412,4.4,2923,White,IKEA Garden Tool Set X in White. Designed for everyday use with lightweight and eco friendly. Reliable garden & outdoors choice with a practical design.,ikea garden tool set white lightweight eco friendly garden & outdoors,19,product_1318.svg
1319,Mia Wallet Ultra,Jewellery & Accessories,Mia,8234,4.3,3054,Black,Mia Wallet Ultra in Black. Designed for everyday use with adjustable and scratch resistant. Reliable jewellery & accessories choice with a practical design.,mia wallet black adjustable scratch resistant jewellery & accessories,36,product_1319.svg
1320,Classmate Notebook Pro,Office & Stationery,Classmate,23611,4.2,3185,Black,Classmate Notebook Pro in Black. Designed for everyday use with smooth writing and durable. Reliable office & stationery choice with a practical design.,classmate notebook black smooth writing durable office & stationery,17,product_1320.svg
1321,Marshall Earbuds Plus,Electronics,Marshall,7840,4.1,3316,Silver,Marshall Earbuds Plus in Silver. Designed for everyday use with noise cancellation and bluetooth 5.3. Reliable electronics choice with a practical design.,marshall earbuds silver noise cancellation bluetooth 5.3 electronics,34,product_1321.svg
1322,Nothing Budget Smartphone Max,Mobiles,Nothing,71831,4.0,3447,Blue,Nothing Budget Smartphone Max in Blue. Designed for everyday use with 5g and dual sim. Reliable mobiles choice with a practical design.,nothing budget smartphone blue 5g dual sim mobiles,15,product_1322.svg
1323,Logitech Gaming Laptop Elite,Computers & Accessories,Logitech,142771,3.9,3578,Silver,Logitech Gaming Laptop Elite in Silver. Designed for everyday use with wireless and 16gb ram. Reliable computers & accessories choice with a practical design.,logitech gaming laptop silver wireless 16gb ram computers & accessories,32,product_1323.svg
1324,Jack & Jones Chinos Classic,Men's Fashion,Jack & Jones,5643,3.8,3709,Grey,Jack & Jones Chinos Classic in Grey. Designed for everyday use with slim fit and regular fit. Reliable men's fashion choice with a practical design.,jack & jones chinos grey slim fit regular fit men's fashion,13,product_1324.svg
1325,ONLY Co-ord Set Prime,Women's Fashion,ONLY,8455,3.7,3840,Beige,ONLY Co-ord Set Prime in Beige. Designed for everyday use with cotton and regular fit. Reliable women's fashion choice with a practical design.,only co-ord set beige cotton regular fit women's fashion,30,product_1325.svg
1326,Puma Walking Shoes X,Footwear,Puma,4359,3.6,3971,Blue,Puma Walking Shoes X in Blue. Designed for everyday use with memory foam and cushioned sole. Reliable footwear choice with a practical design.,puma walking shoes blue memory foam cushioned sole footwear,11,product_1326.svg
1327,Maybelline Hair Dryer Ultra,Beauty & Personal Care,Maybelline,3101,3.5,4102,Rose,Maybelline Hair Dryer Ultra in Rose. Designed for everyday use with long lasting and long lasting. Reliable beauty & personal care choice with a practical design.,maybelline hair dryer rose long lasting long lasting beauty & personal care,28,product_1327.svg
1328,Prestige Cookware Set Pro,Home & Kitchen,Prestige,303,3.4,4233,Blue,Prestige Cookware Set Pro in Blue. Designed for everyday use with food grade and dishwasher safe. Reliable home & kitchen choice with a practical design.,prestige cookware set blue food grade dishwasher safe home & kitchen,9,product_1328.svg
1329,Panasonic Air Purifier Plus,Home Appliances,Panasonic,26730,3.3,4364,Silver,Panasonic Air Purifier Plus in Silver. Designed for everyday use with inverter and smart control. Reliable home appliances choice with a practical design.,panasonic air purifier silver inverter smart control home appliances,26,product_1329.svg
1330,HomeTown TV Unit Max,Furniture,HomeTown,22050,3.2,4495,Grey,HomeTown TV Unit Max in Grey. Designed for everyday use with engineered wood and ergonomic. Reliable furniture choice with a practical design.,hometown tv unit grey engineered wood ergonomic furniture,7,product_1330.svg
1331,Cosco Cricket Bat Elite,Sports & Fitness,Cosco,5117,5.0,4626,Green,Cosco Cricket Bat Elite in Green. Designed for everyday use with water resistant and anti-slip. Reliable sports & fitness choice with a practical design.,cosco cricket bat green water resistant anti-slip sports & fitness,24,product_1331.svg
1332,Penguin Business Book Classic,Books,Penguin,2542,4.9,4757,Red,Penguin Business Book Classic in Red. Designed for everyday use with latest edition and latest edition. Reliable books choice with a practical design.,penguin business book red latest edition latest edition books,5,product_1332.svg
1333,LEGO Toy Gun Prime,Toys & Games,LEGO,5694,4.8,38,Multi,LEGO Toy Gun Prime in Multi. Designed for everyday use with family game and educational. Reliable toys & games choice with a practical design.,lego toy gun multi family game educational toys & games,22,product_1333.svg
1334,Castrol LED Headlight X,Automotive,Castrol,18875,4.7,169,Blue,Castrol LED Headlight X in Blue. Designed for everyday use with premium quality and water resistant. Reliable automotive choice with a practical design.,castrol led headlight blue premium quality water resistant automotive,39,product_1334.svg
1335,Aashirvaad Biscuits Ultra,Grocery,Aashirvaad,503,4.6,300,Natural,Aashirvaad Biscuits Ultra in Natural. Designed for everyday use with premium quality and no preservatives. Reliable grocery choice with a practical design.,aashirvaad biscuits natural premium quality no preservatives grocery,20,product_1335.svg
1336,Patanjali Massage Gun Pro,Health & Wellness,Patanjali,5905,4.5,431,White,Patanjali Massage Gun Pro in White. Designed for everyday use with premium quality and lab tested. Reliable health & wellness choice with a practical design.,patanjali massage gun white premium quality lab tested health & wellness,37,product_1336.svg
1337,Pedigree Leash Plus,Pet Supplies,Pedigree,1945,4.4,562,Red,Pedigree Leash Plus in Red. Designed for everyday use with comfortable and comfortable. Reliable pet supplies choice with a practical design.,pedigree leash red comfortable comfortable pet supplies,18,product_1337.svg
1338,Ugaoo Outdoor Chair Max,Garden & Outdoors,Ugaoo,4772,4.3,693,White,Ugaoo Outdoor Chair Max in White. Designed for everyday use with lightweight and eco friendly. Reliable garden & outdoors choice with a practical design.,ugaoo outdoor chair white lightweight eco friendly garden & outdoors,35,product_1338.svg
1339,Mia Smart Watch Elite,Jewellery & Accessories,Mia,19608,4.2,824,Black,Mia Smart Watch Elite in Black. Designed for everyday use with adjustable and scratch resistant. Reliable jewellery & accessories choice with a practical design.,mia smart watch black adjustable scratch resistant jewellery & accessories,16,product_1339.svg
1340,Classmate Calculator Classic,Office & Stationery,Classmate,7334,4.1,955,Black,Classmate Calculator Classic in Black. Designed for everyday use with smooth writing and durable. Reliable office & stationery choice with a practical design.,classmate calculator black smooth writing durable office & stationery,33,product_1340.svg
1341,Anker Portable Projector Prime,Electronics,Anker,20215,4.0,1086,Silver,Anker Portable Projector Prime in Silver. Designed for everyday use with noise cancellation and hi-fi audio. Reliable electronics choice with a practical design.,anker portable projector silver noise cancellation hi-fi audio electronics,14,product_1341.svg
1342,Apple Camera Phone X,Mobiles,Apple,109210,3.9,1217,Blue,Apple Camera Phone X in Blue. Designed for everyday use with 5g and fast charging. Reliable mobiles choice with a practical design.,apple camera phone blue 5g fast charging mobiles,31,product_1342.svg
1343,HP Monitor Ultra,Computers & Accessories,HP,142150,3.8,1348,Silver,HP Monitor Ultra in Silver. Designed for everyday use with wireless and backlit. Reliable computers & accessories choice with a practical design.,hp monitor silver wireless backlit computers & accessories,12,product_1343.svg
1344,Levis Slim Fit Jeans Pro,Men's Fashion,Levis,1498,3.7,1479,Black,Levis Slim Fit Jeans Pro in Black. Designed for everyday use with slim fit and regular fit. Reliable men's fashion choice with a practical design.,levis slim fit jeans black slim fit regular fit men's fashion,29,product_1344.svg
1345,Mango Jeans Plus,Women's Fashion,Mango,3416,3.6,1610,Pink,Mango Jeans Plus in Pink. Designed for everyday use with cotton and regular fit. Reliable women's fashion choice with a practical design.,mango jeans pink cotton regular fit women's fashion,10,product_1345.svg
1346,Crocs Slides Max,Footwear,Crocs,5428,3.5,1741,Blue,Crocs Slides Max in Blue. Designed for everyday use with memory foam and cushioned sole. Reliable footwear choice with a practical design.,crocs slides blue memory foam cushioned sole footwear,27,product_1346.svg
1347,The Body Shop Moisturizer Elite,Beauty & Personal Care,The Body Shop,4854,3.4,1872,Rose,The Body Shop Moisturizer Elite in Rose. Designed for everyday use with long lasting and long lasting. Reliable beauty & personal care choice with a practical design.,the body shop moisturizer rose long lasting long lasting beauty & personal care,8,product_1347.svg
1348,Borosil Storage Container Classic,Home & Kitchen,Borosil,6271,3.3,2003,Blue,Borosil Storage Container Classic in Blue. Designed for everyday use with food grade and dishwasher safe. Reliable home & kitchen choice with a practical design.,borosil storage container blue food grade dishwasher safe home & kitchen,25,product_1348.svg
1349,IFB Water Heater Prime,Home Appliances,IFB,10108,3.2,2134,Silver,IFB Water Heater Prime in Silver. Designed for everyday use with inverter and smart control. Reliable home appliances choice with a practical design.,ifb water heater silver inverter smart control home appliances,6,product_1349.svg
1350,IKEA Bookshelf X,Furniture,IKEA,36427,5.0,2265,Walnut,IKEA Bookshelf X in Walnut. Designed for everyday use with engineered wood and ergonomic. Reliable furniture choice with a practical design.,ikea bookshelf walnut engineered wood ergonomic furniture,23,product_1350.svg
1351,Nike Fitness Band Ultra,Sports & Fitness,Nike,6487,4.9,2396,Green,Nike Fitness Band Ultra in Green. Designed for everyday use with water resistant and anti-slip. Reliable sports & fitness choice with a practical design.,nike fitness band green water resistant anti-slip sports & fitness,40,product_1351.svg
1352,Penguin Programming Book Pro,Books,Penguin,1265,4.8,2527,Red,Penguin Programming Book Pro in Red. Designed for everyday use with latest edition and latest edition. Reliable books choice with a practical design.,penguin programming book red latest edition latest edition books,21,product_1352.svg
1353,LEGO Action Figure Plus,Toys & Games,LEGO,8058,4.7,2658,Multi,LEGO Action Figure Plus in Multi. Designed for everyday use with family game and educational. Reliable toys & games choice with a practical design.,lego action figure multi family game educational toys & games,38,product_1353.svg
1354,Goodyear Bike Helmet Max,Automotive,Goodyear,10746,4.6,2789,Blue,Goodyear Bike Helmet Max in Blue. Designed for everyday use with premium quality and water resistant. Reliable automotive choice with a practical design.,goodyear bike helmet blue premium quality water resistant automotive,19,product_1354.svg
1355,Amul Wheat Flour Elite,Grocery,Amul,1100,4.5,2920,Natural,Amul Wheat Flour Elite in Natural. Designed for everyday use with premium quality and no preservatives. Reliable grocery choice with a practical design.,amul wheat flour natural premium quality no preservatives grocery,36,product_1355.svg
1356,Himalaya Foam Roller Classic,Health & Wellness,Himalaya,3461,4.4,3051,White,Himalaya Foam Roller Classic in White. Designed for everyday use with premium quality and lab tested. Reliable health & wellness choice with a practical design.,himalaya foam roller white premium quality lab tested health & wellness,17,product_1356.svg
1357,Pedigree Pet Carrier Prime,Pet Supplies,Pedigree,4305,4.3,3182,Red,Pedigree Pet Carrier Prime in Red. Designed for everyday use with comfortable and comfortable. Reliable pet supplies choice with a practical design.,pedigree pet carrier red comfortable comfortable pet supplies,34,product_1357.svg
1358,Kraft Seeds Planter X,Garden & Outdoors,Kraft Seeds,6132,4.2,3313,White,Kraft Seeds Planter X in White. Designed for everyday use with lightweight and eco friendly. Reliable garden & outdoors choice with a practical design.,kraft seeds planter white lightweight eco friendly garden & outdoors,15,product_1358.svg
1359,Mia Wallet Ultra,Jewellery & Accessories,Mia,6481,4.1,3444,Black,Mia Wallet Ultra in Black. Designed for everyday use with adjustable and scratch resistant. Reliable jewellery & accessories choice with a practical design.,mia wallet black adjustable scratch resistant jewellery & accessories,32,product_1359.svg
1360,Classmate Notebook Pro,Office & Stationery,Classmate,16008,4.0,3575,Black,Classmate Notebook Pro in Black. Designed for everyday use with smooth writing and durable. Reliable office & stationery choice with a practical design.,classmate notebook black smooth writing durable office & stationery,13,product_1360.svg
1361,Marshall Earbuds Plus,Electronics,Marshall,3389,3.9,3706,Silver,Marshall Earbuds Plus in Silver. Designed for everyday use with noise cancellation and fast charging. Reliable electronics choice with a practical design.,marshall earbuds silver noise cancellation fast charging electronics,30,product_1361.svg
1362,Nothing 5G Smartphone Max,Mobiles,Nothing,25588,3.8,3837,Blue,Nothing 5G Smartphone Max in Blue. Designed for everyday use with 5g and amoled display. Reliable mobiles choice with a practical design.,nothing 5g smartphone blue 5g amoled display mobiles,11,product_1362.svg
1363,Logitech Gaming Laptop Elite,Computers & Accessories,Logitech,141529,3.7,3968,Silver,Logitech Gaming Laptop Elite in Silver. Designed for everyday use with wireless and full hd. Reliable computers & accessories choice with a practical design.,logitech gaming laptop silver wireless full hd computers & accessories,28,product_1363.svg
1364,Jack & Jones Chinos Classic,Men's Fashion,Jack & Jones,3854,3.6,4099,White,Jack & Jones Chinos Classic in White. Designed for everyday use with slim fit and regular fit. Reliable men's fashion choice with a practical design.,jack & jones chinos white slim fit regular fit men's fashion,9,product_1364.svg
1365,ONLY Co-ord Set Prime,Women's Fashion,ONLY,6978,3.5,4230,White,ONLY Co-ord Set Prime in White. Designed for everyday use with cotton and regular fit. Reliable women's fashion choice with a practical design.,only co-ord set white cotton regular fit women's fashion,26,product_1365.svg
1366,Puma Walking Shoes X,Footwear,Puma,6497,3.4,4361,Blue,Puma Walking Shoes X in Blue. Designed for everyday use with memory foam and cushioned sole. Reliable footwear choice with a practical design.,puma walking shoes blue memory foam cushioned sole footwear,7,product_1366.svg
1367,Maybelline Hair Dryer Ultra,Beauty & Personal Care,Maybelline,806,3.3,4492,Rose,Maybelline Hair Dryer Ultra in Rose. Designed for everyday use with long lasting and long lasting. Reliable beauty & personal care choice with a practical design.,maybelline hair dryer rose long lasting long lasting beauty & personal care,24,product_1367.svg
1368,Prestige Cookware Set Pro,Home & Kitchen,Prestige,12239,3.2,4623,Blue,Prestige Cookware Set Pro in Blue. Designed for everyday use with food grade and dishwasher safe. Reliable home & kitchen choice with a practical design.,prestige cookware set blue food grade dishwasher safe home & kitchen,5,product_1368.svg
1369,Panasonic Air Purifier Plus,Home Appliances,Panasonic,80987,5.0,4754,Silver,Panasonic Air Purifier Plus in Silver. Designed for everyday use with inverter and smart control. Reliable home appliances choice with a practical design.,panasonic air purifier silver inverter smart control home appliances,22,product_1369.svg
1370,Pepperfry TV Unit Max,Furniture,Pepperfry,2803,4.9,35,Black,Pepperfry TV Unit Max in Black. Designed for everyday use with engineered wood and ergonomic. Reliable furniture choice with a practical design.,pepperfry tv unit black engineered wood ergonomic furniture,39,product_1370.svg
1371,Cosco Cricket Bat Elite,Sports & Fitness,Cosco,7857,4.8,166,Green,Cosco Cricket Bat Elite in Green. Designed for everyday use with water resistant and anti-slip. Reliable sports & fitness choice with a practical design.,cosco cricket bat green water resistant anti-slip sports & fitness,20,product_1371.svg
1372,Penguin Business Book Classic,Books,Penguin,2789,4.7,297,Red,Penguin Business Book Classic in Red. Designed for everyday use with latest edition and latest edition. Reliable books choice with a practical design.,penguin business book red latest edition latest edition books,37,product_1372.svg
1373,LEGO Toy Gun Prime,Toys & Games,LEGO,671,4.6,428,Multi,LEGO Toy Gun Prime in Multi. Designed for everyday use with family game and educational. Reliable toys & games choice with a practical design.,lego toy gun multi family game educational toys & games,18,product_1373.svg
1374,Castrol LED Headlight X,Automotive,Castrol,2617,4.5,559,Blue,Castrol LED Headlight X in Blue. Designed for everyday use with premium quality and water resistant. Reliable automotive choice with a practical design.,castrol led headlight blue premium quality water resistant automotive,35,product_1374.svg
1375,Aashirvaad Biscuits Ultra,Grocery,Aashirvaad,1697,4.4,690,Natural,Aashirvaad Biscuits Ultra in Natural. Designed for everyday use with premium quality and no preservatives. Reliable grocery choice with a practical design.,aashirvaad biscuits natural premium quality no preservatives grocery,16,product_1375.svg
1376,HealthKart Vitamin Pack Pro,Health & Wellness,HealthKart,1017,4.3,821,White,HealthKart Vitamin Pack Pro in White. Designed for everyday use with premium quality and lab tested. Reliable health & wellness choice with a practical design.,healthkart vitamin pack white premium quality lab tested health & wellness,33,product_1376.svg
1377,Pedigree Leash Plus,Pet Supplies,Pedigree,6665,4.2,952,Red,Pedigree Leash Plus in Red. Designed for everyday use with comfortable and comfortable. Reliable pet supplies choice with a practical design.,pedigree leash red comfortable comfortable pet supplies,14,product_1377.svg
1378,IKEA Watering Can Max,Garden & Outdoors,IKEA,7492,4.1,1083,White,IKEA Watering Can Max in White. Designed for everyday use with lightweight and eco friendly. Reliable garden & outdoors choice with a practical design.,ikea watering can white lightweight eco friendly garden & outdoors,31,product_1378.svg
1379,Mia Smart Watch Elite,Jewellery & Accessories,Mia,17855,4.0,1214,Black,Mia Smart Watch Elite in Black. Designed for everyday use with adjustable and scratch resistant. Reliable jewellery & accessories choice with a practical design.,mia smart watch black adjustable scratch resistant jewellery & accessories,12,product_1379.svg
1380,Classmate Calculator Classic,Office & Stationery,Classmate,24682,3.9,1345,Black,Classmate Calculator Classic in Black. Designed for everyday use with smooth writing and durable. Reliable office & stationery choice with a practical design.,classmate calculator black smooth writing durable office & stationery,29,product_1380.svg
1381,Anker Portable Projector Prime,Electronics,Anker,15764,3.8,1476,Silver,Anker Portable Projector Prime in Silver. Designed for everyday use with noise cancellation and bluetooth 5.3. Reliable electronics choice with a practical design.,anker portable projector silver noise cancellation bluetooth 5.3 electronics,10,product_1381.svg
1382,Apple Budget Smartphone X,Mobiles,Apple,62967,3.7,1607,Blue,Apple Budget Smartphone X in Blue. Designed for everyday use with 5g and dual sim. Reliable mobiles choice with a practical design.,apple budget smartphone blue 5g dual sim mobiles,27,product_1382.svg
1383,HP Monitor Ultra,Computers & Accessories,HP,140908,3.6,1738,Silver,HP Monitor Ultra in Silver. Designed for everyday use with wireless and 16gb ram. Reliable computers & accessories choice with a practical design.,hp monitor silver wireless 16gb ram computers & accessories,8,product_1383.svg
1384,Levis Slim Fit Jeans Pro,Men's Fashion,Levis,6210,3.5,1869,Grey,Levis Slim Fit Jeans Pro in Grey. Designed for everyday use with slim fit and regular fit. Reliable men's fashion choice with a practical design.,levis slim fit jeans grey slim fit regular fit men's fashion,25,product_1384.svg
1385,Mango Jeans Plus,Women's Fashion,Mango,1939,3.4,2000,Beige,Mango Jeans Plus in Beige. Designed for everyday use with cotton and regular fit. Reliable women's fashion choice with a practical design.,mango jeans beige cotton regular fit women's fashion,6,product_1385.svg
1386,Crocs Slides Max,Footwear,Crocs,7566,3.3,2131,Blue,Crocs Slides Max in Blue. Designed for everyday use with memory foam and cushioned sole. Reliable footwear choice with a practical design.,crocs slides blue memory foam cushioned sole footwear,23,product_1386.svg
1387,The Body Shop Moisturizer Elite,Beauty & Personal Care,The Body Shop,2559,3.2,2262,Rose,The Body Shop Moisturizer Elite in Rose. Designed for everyday use with long lasting and long lasting. Reliable beauty & personal care choice with a practical design.,the body shop moisturizer rose long lasting long lasting beauty & personal care,40,product_1387.svg
1388,Borosil Storage Container Classic,Home & Kitchen,Borosil,5506,5.0,2393,Blue,Borosil Storage Container Classic in Blue. Designed for everyday use with food grade and dishwasher safe. Reliable home & kitchen choice with a practical design.,borosil storage container blue food grade dishwasher safe home & kitchen,21,product_1388.svg
1389,IFB Water Heater Prime,Home Appliances,IFB,64365,4.9,2524,Silver,IFB Water Heater Prime in Silver. Designed for everyday use with inverter and smart control. Reliable home appliances choice with a practical design.,ifb water heater silver inverter smart control home appliances,38,product_1389.svg
1390,HomeTown Bookshelf X,Furniture,HomeTown,17180,4.8,2655,Grey,HomeTown Bookshelf X in Grey. Designed for everyday use with engineered wood and ergonomic. Reliable furniture choice with a practical design.,hometown bookshelf grey engineered wood ergonomic furniture,19,product_1390.svg
1391,Nike Fitness Band Ultra,Sports & Fitness,Nike,9227,4.7,2786,Green,Nike Fitness Band Ultra in Green. Designed for everyday use with water resistant and anti-slip. Reliable sports & fitness choice with a practical design.,nike fitness band green water resistant anti-slip sports & fitness,36,product_1391.svg
1392,Penguin Programming Book Pro,Books,Penguin,1512,4.6,2917,Red,Penguin Programming Book Pro in Red. Designed for everyday use with latest edition and latest edition. Reliable books choice with a practical design.,penguin programming book red latest edition latest edition books,17,product_1392.svg
1393,LEGO Action Figure Plus,Toys & Games,LEGO,3035,4.5,3048,Multi,LEGO Action Figure Plus in Multi. Designed for everyday use with family game and educational. Reliable toys & games choice with a practical design.,lego action figure multi family game educational toys & games,34,product_1393.svg
1394,Goodyear Bike Helmet Max,Automotive,Goodyear,12989,4.4,3179,Blue,Goodyear Bike Helmet Max in Blue. Designed for everyday use with premium quality and water resistant. Reliable automotive choice with a practical design.,goodyear bike helmet blue premium quality water resistant automotive,15,product_1394.svg
1395,Amul Wheat Flour Elite,Grocery,Amul,393,4.3,3310,Natural,Amul Wheat Flour Elite in Natural. Designed for everyday use with premium quality and no preservatives. Reliable grocery choice with a practical design.,amul wheat flour natural premium quality no preservatives grocery,32,product_1395.svg
1396,Patanjali First Aid Kit Classic,Health & Wellness,Patanjali,5274,4.2,3441,White,Patanjali First Aid Kit Classic in White. Designed for everyday use with premium quality and lab tested. Reliable health & wellness choice with a practical design.,patanjali first aid kit white premium quality lab tested health & wellness,13,product_1396.svg
1397,Pedigree Pet Carrier Prime,Pet Supplies,Pedigree,1224,4.1,3572,Red,Pedigree Pet Carrier Prime in Red. Designed for everyday use with comfortable and comfortable. Reliable pet supplies choice with a practical design.,pedigree pet carrier red comfortable comfortable pet supplies,30,product_1397.svg
1398,Ugaoo Pruning Shears X,Garden & Outdoors,Ugaoo,1001,4.0,3703,White,Ugaoo Pruning Shears X in White. Designed for everyday use with lightweight and eco friendly. Reliable garden & outdoors choice with a practical design.,ugaoo pruning shears white lightweight eco friendly garden & outdoors,11,product_1398.svg
1399,Mia Wallet Ultra,Jewellery & Accessories,Mia,4728,3.9,3834,Black,Mia Wallet Ultra in Black. Designed for everyday use with adjustable and scratch resistant. Reliable jewellery & accessories choice with a practical design.,mia wallet black adjustable scratch resistant jewellery & accessories,28,product_1399.svg
1400,Classmate Notebook Pro,Office & Stationery,Classmate,8405,3.8,3965,Black,Classmate Notebook Pro in Black. Designed for everyday use with smooth writing and durable. Reliable office & stationery choice with a practical design.,classmate notebook black smooth writing durable office & stationery,9,product_1400.svg
1401,Marshall Earbuds Plus,Electronics,Marshall,28139,3.7,4096,Silver,Marshall Earbuds Plus in Silver. Designed for everyday use with noise cancellation and hi-fi audio. Reliable electronics choice with a practical design.,marshall earbuds silver noise cancellation hi-fi audio electronics,26,product_1401.svg
1402,Nothing Camera Phone Max,Mobiles,Nothing,100346,3.6,4227,Blue,Nothing Camera Phone Max in Blue. Designed for everyday use with 5g and fast charging. Reliable mobiles choice with a practical design.,nothing camera phone blue 5g fast charging mobiles,7,product_1402.svg
1403,Logitech Gaming Laptop Elite,Computers & Accessories,Logitech,140287,3.5,4358,Silver,Logitech Gaming Laptop Elite in Silver. Designed for everyday use with wireless and backlit. Reliable computers & accessories choice with a practical design.,logitech gaming laptop silver wireless backlit computers & accessories,24,product_1403.svg
1404,Jack & Jones Chinos Classic,Men's Fashion,Jack & Jones,2065,3.4,4489,Black,Jack & Jones Chinos Classic in Black. Designed for everyday use with slim fit and regular fit. Reliable men's fashion choice with a practical design.,jack & jones chinos black slim fit regular fit men's fashion,5,product_1404.svg
1405,ONLY Co-ord Set Prime,Women's Fashion,ONLY,5501,3.3,4620,Pink,ONLY Co-ord Set Prime in Pink. Designed for everyday use with cotton and regular fit. Reliable women's fashion choice with a practical design.,only co-ord set pink cotton regular fit women's fashion,22,product_1405.svg
1406,Puma Walking Shoes X,Footwear,Puma,8635,3.2,4751,Blue,Puma Walking Shoes X in Blue. Designed for everyday use with memory foam and cushioned sole. Reliable footwear choice with a practical design.,puma walking shoes blue memory foam cushioned sole footwear,39,product_1406.svg
1407,Maybelline Hair Dryer Ultra,Beauty & Personal Care,Maybelline,4312,5.0,32,Rose,Maybelline Hair Dryer Ultra in Rose. Designed for everyday use with long lasting and long lasting. Reliable beauty & personal care choice with a practical design.,maybelline hair dryer rose long lasting long lasting beauty & personal care,20,product_1407.svg
1408,Prestige Cookware Set Pro,Home & Kitchen,Prestige,11474,4.9,163,Blue,Prestige Cookware Set Pro in Blue. Designed for everyday use with food grade and dishwasher safe. Reliable home & kitchen choice with a practical design.,prestige cookware set blue food grade dishwasher safe home & kitchen,37,product_1408.svg
1409,Panasonic Air Purifier Plus,Home Appliances,Panasonic,47743,4.8,294,Silver,Panasonic Air Purifier Plus in Silver. Designed for everyday use with inverter and smart control. Reliable home appliances choice with a practical design.,panasonic air purifier silver inverter smart control home appliances,18,product_1409.svg
1410,IKEA TV Unit Max,Furniture,IKEA,31557,4.7,425,Walnut,IKEA TV Unit Max in Walnut. Designed for everyday use with engineered wood and ergonomic. Reliable furniture choice with a practical design.,ikea tv unit walnut engineered wood ergonomic furniture,35,product_1410.svg
1411,Cosco Cricket Bat Elite,Sports & Fitness,Cosco,10597,4.6,556,Green,Cosco Cricket Bat Elite in Green. Designed for everyday use with water resistant and anti-slip. Reliable sports & fitness choice with a practical design.,cosco cricket bat green water resistant anti-slip sports & fitness,16,product_1411.svg
1412,Penguin Business Book Classic,Books,Penguin,235,4.5,687,Red,Penguin Business Book Classic in Red. Designed for everyday use with latest edition and latest edition. Reliable books choice with a practical design.,penguin business book red latest edition latest edition books,33,product_1412.svg
1413,LEGO Toy Gun Prime,Toys & Games,LEGO,5399,4.4,818,Multi,LEGO Toy Gun Prime in Multi. Designed for everyday use with family game and educational. Reliable toys & games choice with a practical design.,lego toy gun multi family game educational toys & games,14,product_1413.svg
1414,Castrol LED Headlight X,Automotive,Castrol,4860,4.3,949,Blue,Castrol LED Headlight X in Blue. Designed for everyday use with premium quality and water resistant. Reliable automotive choice with a practical design.,castrol led headlight blue premium quality water resistant automotive,31,product_1414.svg
1415,Aashirvaad Biscuits Ultra,Grocery,Aashirvaad,990,4.2,1080,Natural,Aashirvaad Biscuits Ultra in Natural. Designed for everyday use with premium quality and no preservatives. Reliable grocery choice with a practical design.,aashirvaad biscuits natural premium quality no preservatives grocery,12,product_1415.svg
1416,Himalaya Protein Powder Pro,Health & Wellness,Himalaya,2830,4.1,1211,White,Himalaya Protein Powder Pro in White. Designed for everyday use with premium quality and lab tested. Reliable health & wellness choice with a practical design.,himalaya protein powder white premium quality lab tested health & wellness,29,product_1416.svg
1417,Pedigree Leash Plus,Pet Supplies,Pedigree,3584,4.0,1342,Red,Pedigree Leash Plus in Red. Designed for everyday use with comfortable and comfortable. Reliable pet supplies choice with a practical design.,pedigree leash red comfortable comfortable pet supplies,10,product_1417.svg
1418,Kraft Seeds Plant Seeds Max,Garden & Outdoors,Kraft Seeds,2361,3.9,1473,White,Kraft Seeds Plant Seeds Max in White. Designed for everyday use with lightweight and eco friendly. Reliable garden & outdoors choice with a practical design.,kraft seeds plant seeds white lightweight eco friendly garden & outdoors,27,product_1418.svg
1419,Mia Smart Watch Elite,Jewellery & Accessories,Mia,16102,3.8,1604,Black,Mia Smart Watch Elite in Black. Designed for everyday use with adjustable and scratch resistant. Reliable jewellery & accessories choice with a practical design.,mia smart watch black adjustable scratch resistant jewellery & accessories,8,product_1419.svg
1420,Classmate Calculator Classic,Office & Stationery,Classmate,17079,3.7,1735,Black,Classmate Calculator Classic in Black. Designed for everyday use with smooth writing and durable. Reliable office & stationery choice with a practical design.,classmate calculator black smooth writing durable office & stationery,25,product_1420.svg
1421,Anker Portable Projector Prime,Electronics,Anker,11313,3.6,1866,Silver,Anker Portable Projector Prime in Silver. Designed for everyday use with noise cancellation and fast charging. Reliable electronics choice with a practical design.,anker portable projector silver noise cancellation fast charging electronics,6,product_1421.svg
1422,Apple 5G Smartphone X,Mobiles,Apple,16724,3.5,1997,Blue,Apple 5G Smartphone X in Blue. Designed for everyday use with 5g and amoled display. Reliable mobiles choice with a practical design.,apple 5g smartphone blue 5g amoled display mobiles,23,product_1422.svg
1423,HP Monitor Ultra,Computers & Accessories,HP,139666,3.4,2128,Silver,HP Monitor Ultra in Silver. Designed for everyday use with wireless and full hd. Reliable computers & accessories choice with a practical design.,hp monitor silver wireless full hd computers & accessories,40,product_1423.svg
1424,Levis Slim Fit Jeans Pro,Men's Fashion,Levis,4421,3.3,2259,White,Levis Slim Fit Jeans Pro in White. Designed for everyday use with slim fit and regular fit. Reliable men's fashion choice with a practical design.,levis slim fit jeans white slim fit regular fit men's fashion,21,product_1424.svg
1425,Mango Jeans Plus,Women's Fashion,Mango,462,3.2,2390,White,Mango Jeans Plus in White. Designed for everyday use with cotton and regular fit. Reliable women's fashion choice with a practical design.,mango jeans white cotton regular fit women's fashion,38,product_1425.svg
1426,Crocs Slides Max,Footwear,Crocs,9704,5.0,2521,Blue,Crocs Slides Max in Blue. Designed for everyday use with memory foam and cushioned sole. Reliable footwear choice with a practical design.,crocs slides blue memory foam cushioned sole footwear,19,product_1426.svg
1427,The Body Shop Moisturizer Elite,Beauty & Personal Care,The Body Shop,264,4.9,2652,Rose,The Body Shop Moisturizer Elite in Rose. Designed for everyday use with long lasting and long lasting. Reliable beauty & personal care choice with a practical design.,the body shop moisturizer rose long lasting long lasting beauty & personal care,36,product_1427.svg
1428,Borosil Storage Container Classic,Home & Kitchen,Borosil,4741,4.8,2783,Blue,Borosil Storage Container Classic in Blue. Designed for everyday use with food grade and dishwasher safe. Reliable home & kitchen choice with a practical design.,borosil storage container blue food grade dishwasher safe home & kitchen,17,product_1428.svg
1429,IFB Water Heater Prime,Home Appliances,IFB,31121,4.7,2914,Silver,IFB Water Heater Prime in Silver. Designed for everyday use with inverter and smart control. Reliable home appliances choice with a practical design.,ifb water heater silver inverter smart control home appliances,34,product_1429.svg
1430,Pepperfry Bookshelf X,Furniture,Pepperfry,45934,4.6,3045,Black,Pepperfry Bookshelf X in Black. Designed for everyday use with engineered wood and ergonomic. Reliable furniture choice with a practical design.,pepperfry bookshelf black engineered wood ergonomic furniture,15,product_1430.svg
1431,Nike Fitness Band Ultra,Sports & Fitness,Nike,11967,4.5,3176,Green,Nike Fitness Band Ultra in Green. Designed for everyday use with water resistant and anti-slip. Reliable sports & fitness choice with a practical design.,nike fitness band green water resistant anti-slip sports & fitness,32,product_1431.svg
1432,Penguin Programming Book Pro,Books,Penguin,1759,4.4,3307,Red,Penguin Programming Book Pro in Red. Designed for everyday use with latest edition and latest edition. Reliable books choice with a practical design.,penguin programming book red latest edition latest edition books,13,product_1432.svg
1433,LEGO Action Figure Plus,Toys & Games,LEGO,7763,4.3,3438,Multi,LEGO Action Figure Plus in Multi. Designed for everyday use with family game and educational. Reliable toys & games choice with a practical design.,lego action figure multi family game educational toys & games,30,product_1433.svg
1434,Goodyear Bike Helmet Max,Automotive,Goodyear,15232,4.2,3569,Blue,Goodyear Bike Helmet Max in Blue. Designed for everyday use with premium quality and water resistant. Reliable automotive choice with a practical design.,goodyear bike helmet blue premium quality water resistant automotive,11,product_1434.svg
1435,Amul Wheat Flour Elite,Grocery,Amul,1587,4.1,3700,Natural,Amul Wheat Flour Elite in Natural. Designed for everyday use with premium quality and no preservatives. Reliable grocery choice with a practical design.,amul wheat flour natural premium quality no preservatives grocery,28,product_1435.svg
1436,HealthKart Digital Weighing Scale Classic,Health & Wellness,HealthKart,386,4.0,3831,White,HealthKart Digital Weighing Scale Classic in White. Designed for everyday use with premium quality and lab tested. Reliable health & wellness choice with a practical design.,healthkart digital weighing scale white premium quality lab tested health & wellness,9,product_1436.svg
1437,Pedigree Pet Carrier Prime,Pet Supplies,Pedigree,5944,3.9,3962,Red,Pedigree Pet Carrier Prime in Red. Designed for everyday use with comfortable and comfortable. Reliable pet supplies choice with a practical design.,pedigree pet carrier red comfortable comfortable pet supplies,26,product_1437.svg
1438,IKEA LED Garden Light X,Garden & Outdoors,IKEA,3721,3.8,4093,White,IKEA LED Garden Light X in White. Designed for everyday use with lightweight and eco friendly. Reliable garden & outdoors choice with a practical design.,ikea led garden light white lightweight eco friendly garden & outdoors,7,product_1438.svg
1439,Mia Wallet Ultra,Jewellery & Accessories,Mia,2975,3.7,4224,Black,Mia Wallet Ultra in Black. Designed for everyday use with adjustable and scratch resistant. Reliable jewellery & accessories choice with a practical design.,mia wallet black adjustable scratch resistant jewellery & accessories,24,product_1439.svg
1440,Classmate Notebook Pro,Office & Stationery,Classmate,802,3.6,4355,Black,Classmate Notebook Pro in Black. Designed for everyday use with smooth writing and durable. Reliable office & stationery choice with a practical design.,classmate notebook black smooth writing durable office & stationery,5,product_1440.svg
1441,Marshall Earbuds Plus,Electronics,Marshall,23688,3.5,4486,Silver,Marshall Earbuds Plus in Silver. Designed for everyday use with noise cancellation and bluetooth 5.3. Reliable electronics choice with a practical design.,marshall earbuds silver noise cancellation bluetooth 5.3 electronics,22,product_1441.svg
1442,Nothing Budget Smartphone Max,Mobiles,Nothing,54103,3.4,4617,Blue,Nothing Budget Smartphone Max in Blue. Designed for everyday use with 5g and dual sim. Reliable mobiles choice with a practical design.,nothing budget smartphone blue 5g dual sim mobiles,39,product_1442.svg
1443,Logitech Gaming Laptop Elite,Computers & Accessories,Logitech,139045,3.3,4748,Silver,Logitech Gaming Laptop Elite in Silver. Designed for everyday use with wireless and 16gb ram. Reliable computers & accessories choice with a practical design.,logitech gaming laptop silver wireless 16gb ram computers & accessories,20,product_1443.svg
1444,Jack & Jones Chinos Classic,Men's Fashion,Jack & Jones,6777,3.2,29,Grey,Jack & Jones Chinos Classic in Grey. Designed for everyday use with slim fit and regular fit. Reliable men's fashion choice with a practical design.,jack & jones chinos grey slim fit regular fit men's fashion,37,product_1444.svg
1445,ONLY Co-ord Set Prime,Women's Fashion,ONLY,4024,5.0,160,Beige,ONLY Co-ord Set Prime in Beige. Designed for everyday use with cotton and regular fit. Reliable women's fashion choice with a practical design.,only co-ord set beige cotton regular fit women's fashion,18,product_1445.svg
1446,Puma Walking Shoes X,Footwear,Puma,10773,4.9,291,Blue,Puma Walking Shoes X in Blue. Designed for everyday use with memory foam and cushioned sole. Reliable footwear choice with a practical design.,puma walking shoes blue memory foam cushioned sole footwear,35,product_1446.svg
1447,Maybelline Hair Dryer Ultra,Beauty & Personal Care,Maybelline,2017,4.8,422,Rose,Maybelline Hair Dryer Ultra in Rose. Designed for everyday use with long lasting and long lasting. Reliable beauty & personal care choice with a practical design.,maybelline hair dryer rose long lasting long lasting beauty & personal care,16,product_1447.svg
1448,Prestige Cookware Set Pro,Home & Kitchen,Prestige,10709,4.7,553,Blue,Prestige Cookware Set Pro in Blue. Designed for everyday use with food grade and dishwasher safe. Reliable home & kitchen choice with a practical design.,prestige cookware set blue food grade dishwasher safe home & kitchen,33,product_1448.svg
1449,Panasonic Air Purifier Plus,Home Appliances,Panasonic,14499,4.6,684,Silver,Panasonic Air Purifier Plus in Silver. Designed for everyday use with inverter and smart control. Reliable home appliances choice with a practical design.,panasonic air purifier silver inverter smart control home appliances,14,product_1449.svg
1450,HomeTown TV Unit Max,Furniture,HomeTown,12310,4.5,815,Grey,HomeTown TV Unit Max in Grey. Designed for everyday use with engineered wood and ergonomic. Reliable furniture choice with a practical design.,hometown tv unit grey engineered wood ergonomic furniture,31,product_1450.svg
1451,Cosco Cricket Bat Elite,Sports & Fitness,Cosco,13337,4.4,946,Green,Cosco Cricket Bat Elite in Green. Designed for everyday use with water resistant and anti-slip. Reliable sports & fitness choice with a practical design.,cosco cricket bat green water resistant anti-slip sports & fitness,12,product_1451.svg
1452,Penguin Business Book Classic,Books,Penguin,482,4.3,1077,Red,Penguin Business Book Classic in Red. Designed for everyday use with latest edition and latest edition. Reliable books choice with a practical design.,penguin business book red latest edition latest edition books,29,product_1452.svg
1453,LEGO Toy Gun Prime,Toys & Games,LEGO,376,4.2,1208,Multi,LEGO Toy Gun Prime in Multi. Designed for everyday use with family game and educational. Reliable toys & games choice with a practical design.,lego toy gun multi family game educational toys & games,10,product_1453.svg
1454,Castrol LED Headlight X,Automotive,Castrol,7103,4.1,1339,Blue,Castrol LED Headlight X in Blue. Designed for everyday use with premium quality and water resistant. Reliable automotive choice with a practical design.,castrol led headlight blue premium quality water resistant automotive,27,product_1454.svg
1455,Aashirvaad Biscuits Ultra,Grocery,Aashirvaad,283,4.0,1470,Natural,Aashirvaad Biscuits Ultra in Natural. Designed for everyday use with premium quality and no preservatives. Reliable grocery choice with a practical design.,aashirvaad biscuits natural premium quality no preservatives grocery,8,product_1455.svg
1456,Patanjali Herbal Tea Pro,Health & Wellness,Patanjali,4643,3.9,1601,White,Patanjali Herbal Tea Pro in White. Designed for everyday use with premium quality and lab tested. Reliable health & wellness choice with a practical design.,patanjali herbal tea white premium quality lab tested health & wellness,25,product_1456.svg
1457,Pedigree Leash Plus,Pet Supplies,Pedigree,503,3.8,1732,Red,Pedigree Leash Plus in Red. Designed for everyday use with comfortable and comfortable. Reliable pet supplies choice with a practical design.,pedigree leash red comfortable comfortable pet supplies,6,product_1457.svg
1458,Ugaoo Garden Tool Set Max,Garden & Outdoors,Ugaoo,5081,3.7,1863,White,Ugaoo Garden Tool Set Max in White. Designed for everyday use with lightweight and eco friendly. Reliable garden & outdoors choice with a practical design.,ugaoo garden tool set white lightweight eco friendly garden & outdoors,23,product_1458.svg
1459,Mia Smart Watch Elite,Jewellery & Accessories,Mia,14349,3.6,1994,Black,Mia Smart Watch Elite in Black. Designed for everyday use with adjustable and scratch resistant. Reliable jewellery & accessories choice with a practical design.,mia smart watch black adjustable scratch resistant jewellery & accessories,40,product_1459.svg
1460,Classmate Calculator Classic,Office & Stationery,Classmate,9476,3.5,2125,Black,Classmate Calculator Classic in Black. Designed for everyday use with smooth writing and durable. Reliable office & stationery choice with a practical design.,classmate calculator black smooth writing durable office & stationery,21,product_1460.svg
1461,Anker Portable Projector Prime,Electronics,Anker,6862,3.4,2256,Silver,Anker Portable Projector Prime in Silver. Designed for everyday use with noise cancellation and hi-fi audio. Reliable electronics choice with a practical design.,anker portable projector silver noise cancellation hi-fi audio electronics,38,product_1461.svg
1462,Apple Camera Phone X,Mobiles,Apple,91482,3.3,2387,Blue,Apple Camera Phone X in Blue. Designed for everyday use with 5g and fast charging. Reliable mobiles choice with a practical design.,apple camera phone blue 5g fast charging mobiles,19,product_1462.svg
1463,HP Monitor Ultra,Computers & Accessories,HP,138424,3.2,2518,Silver,HP Monitor Ultra in Silver. Designed for everyday use with wireless and backlit. Reliable computers & accessories choice with a practical design.,hp monitor silver wireless backlit computers & accessories,36,product_1463.svg
1464,Levis Slim Fit Jeans Pro,Men's Fashion,Levis,2632,5.0,2649,Black,Levis Slim Fit Jeans Pro in Black. Designed for everyday use with slim fit and regular fit. Reliable men's fashion choice with a practical design.,levis slim fit jeans black slim fit regular fit men's fashion,17,product_1464.svg
1465,Mango Jeans Plus,Women's Fashion,Mango,7586,4.9,2780,Pink,Mango Jeans Plus in Pink. Designed for everyday use with cotton and regular fit. Reliable women's fashion choice with a practical design.,mango jeans pink cotton regular fit women's fashion,34,product_1465.svg
1466,Crocs Slides Max,Footwear,Crocs,11842,4.8,2911,Blue,Crocs Slides Max in Blue. Designed for everyday use with memory foam and cushioned sole. Reliable footwear choice with a practical design.,crocs slides blue memory foam cushioned sole footwear,15,product_1466.svg
1467,The Body Shop Moisturizer Elite,Beauty & Personal Care,The Body Shop,3770,4.7,3042,Rose,The Body Shop Moisturizer Elite in Rose. Designed for everyday use with long lasting and long lasting. Reliable beauty & personal care choice with a practical design.,the body shop moisturizer rose long lasting long lasting beauty & personal care,32,product_1467.svg
1468,Borosil Storage Container Classic,Home & Kitchen,Borosil,3976,4.6,3173,Blue,Borosil Storage Container Classic in Blue. Designed for everyday use with food grade and dishwasher safe. Reliable home & kitchen choice with a practical design.,borosil storage container blue food grade dishwasher safe home & kitchen,13,product_1468.svg
1469,IFB Water Heater Prime,Home Appliances,IFB,85378,4.5,3304,Silver,IFB Water Heater Prime in Silver. Designed for everyday use with inverter and smart control. Reliable home appliances choice with a practical design.,ifb water heater silver inverter smart control home appliances,30,product_1469.svg
1470,IKEA Bookshelf X,Furniture,IKEA,26687,4.4,3435,Walnut,IKEA Bookshelf X in Walnut. Designed for everyday use with engineered wood and ergonomic. Reliable furniture choice with a practical design.,ikea bookshelf walnut engineered wood ergonomic furniture,11,product_1470.svg
1471,Nike Fitness Band Ultra,Sports & Fitness,Nike,14707,4.3,3566,Green,Nike Fitness Band Ultra in Green. Designed for everyday use with water resistant and anti-slip. Reliable sports & fitness choice with a practical design.,nike fitness band green water resistant anti-slip sports & fitness,28,product_1471.svg
1472,Penguin Programming Book Pro,Books,Penguin,2006,4.2,3697,Red,Penguin Programming Book Pro in Red. Designed for everyday use with latest edition and latest edition. Reliable books choice with a practical design.,penguin programming book red latest edition latest edition books,9,product_1472.svg
1473,LEGO Action Figure Plus,Toys & Games,LEGO,2740,4.1,3828,Multi,LEGO Action Figure Plus in Multi. Designed for everyday use with family game and educational. Reliable toys & games choice with a practical design.,lego action figure multi family game educational toys & games,26,product_1473.svg
1474,Goodyear Bike Helmet Max,Automotive,Goodyear,17475,4.0,3959,Blue,Goodyear Bike Helmet Max in Blue. Designed for everyday use with premium quality and water resistant. Reliable automotive choice with a practical design.,goodyear bike helmet blue premium quality water resistant automotive,7,product_1474.svg
1475,Amul Wheat Flour Elite,Grocery,Amul,880,3.9,4090,Natural,Amul Wheat Flour Elite in Natural. Designed for everyday use with premium quality and no preservatives. Reliable grocery choice with a practical design.,amul wheat flour natural premium quality no preservatives grocery,24,product_1475.svg
1476,Himalaya Massage Gun Classic,Health & Wellness,Himalaya,2199,3.8,4221,White,Himalaya Massage Gun Classic in White. Designed for everyday use with premium quality and lab tested. Reliable health & wellness choice with a practical design.,himalaya massage gun white premium quality lab tested health & wellness,5,product_1476.svg
1477,Pedigree Pet Carrier Prime,Pet Supplies,Pedigree,2863,3.7,4352,Red,Pedigree Pet Carrier Prime in Red. Designed for everyday use with comfortable and comfortable. Reliable pet supplies choice with a practical design.,pedigree pet carrier red comfortable comfortable pet supplies,22,product_1477.svg
1478,Kraft Seeds Outdoor Chair X,Garden & Outdoors,Kraft Seeds,6441,3.6,4483,White,Kraft Seeds Outdoor Chair X in White. Designed for everyday use with lightweight and eco friendly. Reliable garden & outdoors choice with a practical design.,kraft seeds outdoor chair white lightweight eco friendly garden & outdoors,39,product_1478.svg
1479,Mia Wallet Ultra,Jewellery & Accessories,Mia,1222,3.5,4614,Black,Mia Wallet Ultra in Black. Designed for everyday use with adjustable and scratch resistant. Reliable jewellery & accessories choice with a practical design.,mia wallet black adjustable scratch resistant jewellery & accessories,20,product_1479.svg
1480,Classmate Notebook Pro,Office & Stationery,Classmate,18150,3.4,4745,Black,Classmate Notebook Pro in Black. Designed for everyday use with smooth writing and durable. Reliable office & stationery choice with a practical design.,classmate notebook black smooth writing durable office & stationery,37,product_1480.svg
1481,Marshall Earbuds Plus,Electronics,Marshall,19237,3.3,26,Silver,Marshall Earbuds Plus in Silver. Designed for everyday use with noise cancellation and fast charging. Reliable electronics choice with a practical design.,marshall earbuds silver noise cancellation fast charging electronics,18,product_1481.svg
1482,Nothing 5G Smartphone Max,Mobiles,Nothing,128861,3.2,157,Blue,Nothing 5G Smartphone Max in Blue. Designed for everyday use with 5g and amoled display. Reliable mobiles choice with a practical design.,nothing 5g smartphone blue 5g amoled display mobiles,35,product_1482.svg
1483,Logitech Gaming Laptop Elite,Computers & Accessories,Logitech,137803,5.0,288,Silver,Logitech Gaming Laptop Elite in Silver. Designed for everyday use with wireless and full hd. Reliable computers & accessories choice with a practical design.,logitech gaming laptop silver wireless full hd computers & accessories,16,product_1483.svg
1484,Jack & Jones Chinos Classic,Men's Fashion,Jack & Jones,4988,4.9,419,White,Jack & Jones Chinos Classic in White. Designed for everyday use with slim fit and regular fit. Reliable men's fashion choice with a practical design.,jack & jones chinos white slim fit regular fit men's fashion,33,product_1484.svg
1485,ONLY Co-ord Set Prime,Women's Fashion,ONLY,2547,4.8,550,White,ONLY Co-ord Set Prime in White. Designed for everyday use with cotton and regular fit. Reliable women's fashion choice with a practical design.,only co-ord set white cotton regular fit women's fashion,14,product_1485.svg
1486,Puma Walking Shoes X,Footwear,Puma,12911,4.7,681,Blue,Puma Walking Shoes X in Blue. Designed for everyday use with memory foam and cushioned sole. Reliable footwear choice with a practical design.,puma walking shoes blue memory foam cushioned sole footwear,31,product_1486.svg
1487,Maybelline Hair Dryer Ultra,Beauty & Personal Care,Maybelline,5523,4.6,812,Rose,Maybelline Hair Dryer Ultra in Rose. Designed for everyday use with long lasting and long lasting. Reliable beauty & personal care choice with a practical design.,maybelline hair dryer rose long lasting long lasting beauty & personal care,12,product_1487.svg
1488,Prestige Cookware Set Pro,Home & Kitchen,Prestige,9944,4.5,943,Blue,Prestige Cookware Set Pro in Blue. Designed for everyday use with food grade and dishwasher safe. Reliable home & kitchen choice with a practical design.,prestige cookware set blue food grade dishwasher safe home & kitchen,29,product_1488.svg
1489,Panasonic Air Purifier Plus,Home Appliances,Panasonic,68756,4.4,1074,Silver,Panasonic Air Purifier Plus in Silver. Designed for everyday use with inverter and smart control. Reliable home appliances choice with a practical design.,panasonic air purifier silver inverter smart control home appliances,10,product_1489.svg
1490,Pepperfry TV Unit Max,Furniture,Pepperfry,41064,4.3,1205,Black,Pepperfry TV Unit Max in Black. Designed for everyday use with engineered wood and ergonomic. Reliable furniture choice with a practical design.,pepperfry tv unit black engineered wood ergonomic furniture,27,product_1490.svg
1491,Cosco Cricket Bat Elite,Sports & Fitness,Cosco,376,4.2,1336,Green,Cosco Cricket Bat Elite in Green. Designed for everyday use with water resistant and anti-slip. Reliable sports & fitness choice with a practical design.,cosco cricket bat green water resistant anti-slip sports & fitness,8,product_1491.svg
1492,Penguin Business Book Classic,Books,Penguin,729,4.1,1467,Red,Penguin Business Book Classic in Red. Designed for everyday use with latest edition and latest edition. Reliable books choice with a practical design.,penguin business book red latest edition latest edition books,25,product_1492.svg
1493,LEGO Toy Gun Prime,Toys & Games,LEGO,5104,4.0,1598,Multi,LEGO Toy Gun Prime in Multi. Designed for everyday use with family game and educational. Reliable toys & games choice with a practical design.,lego toy gun multi family game educational toys & games,6,product_1493.svg
1494,Castrol LED Headlight X,Automotive,Castrol,9346,3.9,1729,Blue,Castrol LED Headlight X in Blue. Designed for everyday use with premium quality and water resistant. Reliable automotive choice with a practical design.,castrol led headlight blue premium quality water resistant automotive,23,product_1494.svg
1495,Aashirvaad Biscuits Ultra,Grocery,Aashirvaad,1477,3.8,1860,Natural,Aashirvaad Biscuits Ultra in Natural. Designed for everyday use with premium quality and no preservatives. Reliable grocery choice with a practical design.,aashirvaad biscuits natural premium quality no preservatives grocery,40,product_1495.svg
1496,HealthKart Foam Roller Pro,Health & Wellness,HealthKart,6456,3.7,1991,White,HealthKart Foam Roller Pro in White. Designed for everyday use with premium quality and lab tested. Reliable health & wellness choice with a practical design.,healthkart foam roller white premium quality lab tested health & wellness,21,product_1496.svg
1497,Pedigree Leash Plus,Pet Supplies,Pedigree,5223,3.6,2122,Red,Pedigree Leash Plus in Red. Designed for everyday use with comfortable and comfortable. Reliable pet supplies choice with a practical design.,pedigree leash red comfortable comfortable pet supplies,38,product_1497.svg
1498,IKEA Planter Max,Garden & Outdoors,IKEA,7801,3.5,2253,White,IKEA Planter Max in White. Designed for everyday use with lightweight and eco friendly. Reliable garden & outdoors choice with a practical design.,ikea planter white lightweight eco friendly garden & outdoors,19,product_1498.svg
1499,Mia Smart Watch Elite,Jewellery & Accessories,Mia,12596,3.4,2384,Black,Mia Smart Watch Elite in Black. Designed for everyday use with adjustable and scratch resistant. Reliable jewellery & accessories choice with a practical design.,mia smart watch black adjustable scratch resistant jewellery & accessories,36,product_1499.svg
1500,Classmate Calculator Classic,Office & Stationery,Classmate,1873,3.3,2515,Black,Classmate Calculator Classic in Black. Designed for everyday use with smooth writing and durable. Reliable office & stationery choice with a practical design.,classmate calculator black smooth writing durable office & stationery,17,product_1500.svg
1501,Anker Portable Projector Prime,Electronics,Anker,2411,3.2,2646,Silver,Anker Portable Projector Prime in Silver. Designed for everyday use with noise cancellation and bluetooth 5.3. Reliable electronics choice with a practical design.,anker portable projector silver noise cancellation bluetooth 5.3 electronics,34,product_1501.svg
1502,Apple Budget Smartphone X,Mobiles,Apple,45239,5.0,2777,Blue,Apple Budget Smartphone X in Blue. Designed for everyday use with 5g and dual sim. Reliable mobiles choice with a practical design.,apple budget smartphone blue 5g dual sim mobiles,15,product_1502.svg
1503,HP Monitor Ultra,Computers & Accessories,HP,137182,4.9,2908,Silver,HP Monitor Ultra in Silver. Designed for everyday use with wireless and 16gb ram. Reliable computers & accessories choice with a practical design.,hp monitor silver wireless 16gb ram computers & accessories,32,product_1503.svg
1504,Levis Slim Fit Jeans Pro,Men's Fashion,Levis,843,4.8,3039,Grey,Levis Slim Fit Jeans Pro in Grey. Designed for everyday use with slim fit and regular fit. Reliable men's fashion choice with a practical design.,levis slim fit jeans grey slim fit regular fit men's fashion,13,product_1504.svg
1505,Mango Jeans Plus,Women's Fashion,Mango,6109,4.7,3170,Beige,Mango Jeans Plus in Beige. Designed for everyday use with cotton and regular fit. Reliable women's fashion choice with a practical design.,mango jeans beige cotton regular fit women's fashion,30,product_1505.svg
1506,Crocs Slides Max,Footwear,Crocs,13980,4.6,3301,Blue,Crocs Slides Max in Blue. Designed for everyday use with memory foam and cushioned sole. Reliable footwear choice with a practical design.,crocs slides blue memory foam cushioned sole footwear,11,product_1506.svg
1507,The Body Shop Moisturizer Elite,Beauty & Personal Care,The Body Shop,1475,4.5,3432,Rose,The Body Shop Moisturizer Elite in Rose. Designed for everyday use with long lasting and long lasting. Reliable beauty & personal care choice with a practical design.,the body shop moisturizer rose long lasting long lasting beauty & personal care,28,product_1507.svg
1508,Borosil Storage Container Classic,Home & Kitchen,Borosil,3211,4.4,3563,Blue,Borosil Storage Container Classic in Blue. Designed for everyday use with food grade and dishwasher safe. Reliable home & kitchen choice with a practical design.,borosil storage container blue food grade dishwasher safe home & kitchen,9,product_1508.svg
1509,IFB Water Heater Prime,Home Appliances,IFB,52134,4.3,3694,Silver,IFB Water Heater Prime in Silver. Designed for everyday use with inverter and smart control. Reliable home appliances choice with a practical design.,ifb water heater silver inverter smart control home appliances,26,product_1509.svg
1510,HomeTown Bookshelf X,Furniture,HomeTown,7440,4.2,3825,Grey,HomeTown Bookshelf X in Grey. Designed for everyday use with engineered wood and ergonomic. Reliable furniture choice with a practical design.,hometown bookshelf grey engineered wood ergonomic furniture,7,product_1510.svg
1511,Nike Fitness Band Ultra,Sports & Fitness,Nike,1746,4.1,3956,Green,Nike Fitness Band Ultra in Green. Designed for everyday use with water resistant and anti-slip. Reliable sports & fitness choice with a practical design.,nike fitness band green water resistant anti-slip sports & fitness,24,product_1511.svg
1512,Penguin Programming Book Pro,Books,Penguin,2253,4.0,4087,Red,Penguin Programming Book Pro in Red. Designed for everyday use with latest edition and latest edition. Reliable books choice with a practical design.,penguin programming book red latest edition latest edition books,5,product_1512.svg
1513,LEGO Action Figure Plus,Toys & Games,LEGO,7468,3.9,4218,Multi,LEGO Action Figure Plus in Multi. Designed for everyday use with family game and educational. Reliable toys & games choice with a practical design.,lego action figure multi family game educational toys & games,22,product_1513.svg
1514,Goodyear Bike Helmet Max,Automotive,Goodyear,1217,3.8,4349,Blue,Goodyear Bike Helmet Max in Blue. Designed for everyday use with premium quality and water resistant. Reliable automotive choice with a practical design.,goodyear bike helmet blue premium quality water resistant automotive,39,product_1514.svg
1515,Amul Wheat Flour Elite,Grocery,Amul,173,3.7,4480,Natural,Amul Wheat Flour Elite in Natural. Designed for everyday use with premium quality and no preservatives. Reliable grocery choice with a practical design.,amul wheat flour natural premium quality no preservatives grocery,20,product_1515.svg
1516,Patanjali Vitamin Pack Classic,Health & Wellness,Patanjali,4012,3.6,4611,White,Patanjali Vitamin Pack Classic in White. Designed for everyday use with premium quality and lab tested. Reliable health & wellness choice with a practical design.,patanjali vitamin pack white premium quality lab tested health & wellness,37,product_1516.svg
1517,Pedigree Pet Carrier Prime,Pet Supplies,Pedigree,7583,3.5,4742,Red,Pedigree Pet Carrier Prime in Red. Designed for everyday use with comfortable and comfortable. Reliable pet supplies choice with a practical design.,pedigree pet carrier red comfortable comfortable pet supplies,18,product_1517.svg
1518,Ugaoo Watering Can X,Garden & Outdoors,Ugaoo,1310,3.4,23,White,Ugaoo Watering Can X in White. Designed for everyday use with lightweight and eco friendly. Reliable garden & outdoors choice with a practical design.,ugaoo watering can white lightweight eco friendly garden & outdoors,35,product_1518.svg
1519,Mia Wallet Ultra,Jewellery & Accessories,Mia,23970,3.3,154,Black,Mia Wallet Ultra in Black. Designed for everyday use with adjustable and scratch resistant. Reliable jewellery & accessories choice with a practical design.,mia wallet black adjustable scratch resistant jewellery & accessories,16,product_1519.svg
1520,Classmate Notebook Pro,Office & Stationery,Classmate,10547,3.2,285,Black,Classmate Notebook Pro in Black. Designed for everyday use with smooth writing and durable. Reliable office & stationery choice with a practical design.,classmate notebook black smooth writing durable office & stationery,33,product_1520.svg
1521,Marshall Earbuds Plus,Electronics,Marshall,14786,5.0,416,Silver,Marshall Earbuds Plus in Silver. Designed for everyday use with noise cancellation and hi-fi audio. Reliable electronics choice with a practical design.,marshall earbuds silver noise cancellation hi-fi audio electronics,14,product_1521.svg
1522,Nothing Camera Phone Max,Mobiles,Nothing,82618,4.9,547,Blue,Nothing Camera Phone Max in Blue. Designed for everyday use with 5g and fast charging. Reliable mobiles choice with a practical design.,nothing camera phone blue 5g fast charging mobiles,31,product_1522.svg
1523,Logitech Gaming Laptop Elite,Computers & Accessories,Logitech,136561,4.8,678,Silver,Logitech Gaming Laptop Elite in Silver. Designed for everyday use with wireless and backlit. Reliable computers & accessories choice with a practical design.,logitech gaming laptop silver wireless backlit computers & accessories,12,product_1523.svg
1524,Jack & Jones Chinos Classic,Men's Fashion,Jack & Jones,3199,4.7,809,Black,Jack & Jones Chinos Classic in Black. Designed for everyday use with slim fit and regular fit. Reliable men's fashion choice with a practical design.,jack & jones chinos black slim fit regular fit men's fashion,29,product_1524.svg
1525,ONLY Co-ord Set Prime,Women's Fashion,ONLY,1070,4.6,940,Pink,ONLY Co-ord Set Prime in Pink. Designed for everyday use with cotton and regular fit. Reliable women's fashion choice with a practical design.,only co-ord set pink cotton regular fit women's fashion,10,product_1525.svg
1526,Puma Walking Shoes X,Footwear,Puma,748,4.5,1071,Blue,Puma Walking Shoes X in Blue. Designed for everyday use with memory foam and cushioned sole. Reliable footwear choice with a practical design.,puma walking shoes blue memory foam cushioned sole footwear,27,product_1526.svg
1527,Maybelline Hair Dryer Ultra,Beauty & Personal Care,Maybelline,3228,4.4,1202,Rose,Maybelline Hair Dryer Ultra in Rose. Designed for everyday use with long lasting and long lasting. Reliable beauty & personal care choice with a practical design.,maybelline hair dryer rose long lasting long lasting beauty & personal care,8,product_1527.svg
1528,Prestige Cookware Set Pro,Home & Kitchen,Prestige,9179,4.3,1333,Blue,Prestige Cookware Set Pro in Blue. Designed for everyday use with food grade and dishwasher safe. Reliable home & kitchen choice with a practical design.,prestige cookware set blue food grade dishwasher safe home & kitchen,25,product_1528.svg
1529,Panasonic Air Purifier Plus,Home Appliances,Panasonic,35512,4.2,1464,Silver,Panasonic Air Purifier Plus in Silver. Designed for everyday use with inverter and smart control. Reliable home appliances choice with a practical design.,panasonic air purifier silver inverter smart control home appliances,6,product_1529.svg
1530,IKEA TV Unit Max,Furniture,IKEA,21817,4.1,1595,Walnut,IKEA TV Unit Max in Walnut. Designed for everyday use with engineered wood and ergonomic. Reliable furniture choice with a practical design.,ikea tv unit walnut engineered wood ergonomic furniture,23,product_1530.svg
1531,Cosco Cricket Bat Elite,Sports & Fitness,Cosco,3116,4.0,1726,Green,Cosco Cricket Bat Elite in Green. Designed for everyday use with water resistant and anti-slip. Reliable sports & fitness choice with a practical design.,cosco cricket bat green water resistant anti-slip sports & fitness,40,product_1531.svg
1532,Penguin Business Book Classic,Books,Penguin,976,3.9,1857,Red,Penguin Business Book Classic in Red. Designed for everyday use with latest edition and latest edition. Reliable books choice with a practical design.,penguin business book red latest edition latest edition books,21,product_1532.svg
1533,LEGO Toy Gun Prime,Toys & Games,LEGO,9832,3.8,1988,Multi,LEGO Toy Gun Prime in Multi. Designed for everyday use with family game and educational. Reliable toys & games choice with a practical design.,lego toy gun multi family game educational toys & games,38,product_1533.svg
1534,Castrol LED Headlight X,Automotive,Castrol,11589,3.7,2119,Blue,Castrol LED Headlight X in Blue. Designed for everyday use with premium quality and water resistant. Reliable automotive choice with a practical design.,castrol led headlight blue premium quality water resistant automotive,19,product_1534.svg
1535,Aashirvaad Biscuits Ultra,Grocery,Aashirvaad,770,3.6,2250,Natural,Aashirvaad Biscuits Ultra in Natural. Designed for everyday use with premium quality and no preservatives. Reliable grocery choice with a practical design.,aashirvaad biscuits natural premium quality no preservatives grocery,36,product_1535.svg
1536,Himalaya First Aid Kit Pro,Health & Wellness,Himalaya,1568,3.5,2381,White,Himalaya First Aid Kit Pro in White. Designed for everyday use with premium quality and lab tested. Reliable health & wellness choice with a practical design.,himalaya first aid kit white premium quality lab tested health & wellness,17,product_1536.svg
1537,Pedigree Leash Plus,Pet Supplies,Pedigree,2142,3.4,2512,Red,Pedigree Leash Plus in Red. Designed for everyday use with comfortable and comfortable. Reliable pet supplies choice with a practical design.,pedigree leash red comfortable comfortable pet supplies,34,product_1537.svg
1538,Kraft Seeds Pruning Shears Max,Garden & Outdoors,Kraft Seeds,2670,3.3,2643,White,Kraft Seeds Pruning Shears Max in White. Designed for everyday use with lightweight and eco friendly. Reliable garden & outdoors choice with a practical design.,kraft seeds pruning shears white lightweight eco friendly garden & outdoors,15,product_1538.svg
1539,Mia Smart Watch Elite,Jewellery & Accessories,Mia,10843,3.2,2774,Black,Mia Smart Watch Elite in Black. Designed for everyday use with adjustable and scratch resistant. Reliable jewellery & accessories choice with a practical design.,mia smart watch black adjustable scratch resistant jewellery & accessories,32,product_1539.svg
1540,Classmate Calculator Classic,Office & Stationery,Classmate,19221,5.0,2905,Black,Classmate Calculator Classic in Black. Designed for everyday use with smooth writing and durable. Reliable office & stationery choice with a practical design.,classmate calculator black smooth writing durable office & stationery,13,product_1540.svg
1541,Anker Portable Projector Prime,Electronics,Anker,27161,4.9,3036,Silver,Anker Portable Projector Prime in Silver. Designed for everyday use with noise cancellation and fast charging. Reliable electronics choice with a practical design.,anker portable projector silver noise cancellation fast charging electronics,30,product_1541.svg
1542,Apple 5G Smartphone X,Mobiles,Apple,119997,4.8,3167,Blue,Apple 5G Smartphone X in Blue. Designed for everyday use with 5g and amoled display. Reliable mobiles choice with a practical design.,apple 5g smartphone blue 5g amoled display mobiles,11,product_1542.svg
1543,HP Monitor Ultra,Computers & Accessories,HP,135940,4.7,3298,Silver,HP Monitor Ultra in Silver. Designed for everyday use with wireless and full hd. Reliable computers & accessories choice with a practical design.,hp monitor silver wireless full hd computers & accessories,28,product_1543.svg
1544,Levis Slim Fit Jeans Pro,Men's Fashion,Levis,5555,4.6,3429,White,Levis Slim Fit Jeans Pro in White. Designed for everyday use with slim fit and regular fit. Reliable men's fashion choice with a practical design.,levis slim fit jeans white slim fit regular fit men's fashion,9,product_1544.svg
1545,Mango Jeans Plus,Women's Fashion,Mango,4632,4.5,3560,White,Mango Jeans Plus in White. Designed for everyday use with cotton and regular fit. Reliable women's fashion choice with a practical design.,mango jeans white cotton regular fit women's fashion,26,product_1545.svg
1546,Crocs Slides Max,Footwear,Crocs,1817,4.4,3691,Blue,Crocs Slides Max in Blue. Designed for everyday use with memory foam and cushioned sole. Reliable footwear choice with a practical design.,crocs slides blue memory foam cushioned sole footwear,7,product_1546.svg
1547,The Body Shop Moisturizer Elite,Beauty & Personal Care,The Body Shop,4981,4.3,3822,Rose,The Body Shop Moisturizer Elite in Rose. Designed for everyday use with long lasting and long lasting. Reliable beauty & personal care choice with a practical design.,the body shop moisturizer rose long lasting long lasting beauty & personal care,24,product_1547.svg
1548,Borosil Storage Container Classic,Home & Kitchen,Borosil,2446,4.2,3953,Blue,Borosil Storage Container Classic in Blue. Designed for everyday use with food grade and dishwasher safe. Reliable home & kitchen choice with a practical design.,borosil storage container blue food grade dishwasher safe home & kitchen,5,product_1548.svg
1549,IFB Water Heater Prime,Home Appliances,IFB,18890,4.1,4084,Silver,IFB Water Heater Prime in Silver. Designed for everyday use with inverter and smart control. Reliable home appliances choice with a practical design.,ifb water heater silver inverter smart control home appliances,22,product_1549.svg
1550,Pepperfry Bookshelf X,Furniture,Pepperfry,36194,4.0,4215,Black,Pepperfry Bookshelf X in Black. Designed for everyday use with engineered wood and ergonomic. Reliable furniture choice with a practical design.,pepperfry bookshelf black engineered wood ergonomic furniture,39,product_1550.svg
1551,Nike Fitness Band Ultra,Sports & Fitness,Nike,4486,3.9,4346,Green,Nike Fitness Band Ultra in Green. Designed for everyday use with water resistant and anti-slip. Reliable sports & fitness choice with a practical design.,nike fitness band green water resistant anti-slip sports & fitness,20,product_1551.svg
1552,Penguin Programming Book Pro,Books,Penguin,2500,3.8,4477,Red,Penguin Programming Book Pro in Red. Designed for everyday use with latest edition and latest edition. Reliable books choice with a practical design.,penguin programming book red latest edition latest edition books,37,product_1552.svg
1553,LEGO Action Figure Plus,Toys & Games,LEGO,2445,3.7,4608,Multi,LEGO Action Figure Plus in Multi. Designed for everyday use with family game and educational. Reliable toys & games choice with a practical design.,lego action figure multi family game educational toys & games,18,product_1553.svg
1554,Goodyear Bike Helmet Max,Automotive,Goodyear,3460,3.6,4739,Blue,Goodyear Bike Helmet Max in Blue. Designed for everyday use with premium quality and water resistant. Reliable automotive choice with a practical design.,goodyear bike helmet blue premium quality water resistant automotive,35,product_1554.svg
1555,Amul Wheat Flour Elite,Grocery,Amul,1367,3.5,20,Natural,Amul Wheat Flour Elite in Natural. Designed for everyday use with premium quality and no preservatives. Reliable grocery choice with a practical design.,amul wheat flour natural premium quality no preservatives grocery,16,product_1555.svg
1556,HealthKart Protein Powder Classic,Health & Wellness,HealthKart,5825,3.4,151,White,HealthKart Protein Powder Classic in White. Designed for everyday use with premium quality and lab tested. Reliable health & wellness choice with a practical design.,healthkart protein powder white premium quality lab tested health & wellness,33,product_1556.svg
1557,Pedigree Pet Carrier Prime,Pet Supplies,Pedigree,4502,3.3,282,Red,Pedigree Pet Carrier Prime in Red. Designed for everyday use with comfortable and comfortable. Reliable pet supplies choice with a practical design.,pedigree pet carrier red comfortable comfortable pet supplies,14,product_1557.svg
1558,IKEA Plant Seeds X,Garden & Outdoors,IKEA,4030,3.2,413,White,IKEA Plant Seeds X in White. Designed for everyday use with lightweight and eco friendly. Reliable garden & outdoors choice with a practical design.,ikea plant seeds white lightweight eco friendly garden & outdoors,31,product_1558.svg
1559,Mia Wallet Ultra,Jewellery & Accessories,Mia,22217,5.0,544,Black,Mia Wallet Ultra in Black. Designed for everyday use with adjustable and scratch resistant. Reliable jewellery & accessories choice with a practical design.,mia wallet black adjustable scratch resistant jewellery & accessories,12,product_1559.svg
1560,Classmate Notebook Pro,Office & Stationery,Classmate,2944,4.9,675,Black,Classmate Notebook Pro in Black. Designed for everyday use with smooth writing and durable. Reliable office & stationery choice with a practical design.,classmate notebook black smooth writing durable office & stationery,29,product_1560.svg
1561,Marshall Earbuds Plus,Electronics,Marshall,10335,4.8,806,Silver,Marshall Earbuds Plus in Silver. Designed for everyday use with noise cancellation and bluetooth 5.3. Reliable electronics choice with a practical design.,marshall earbuds silver noise cancellation bluetooth 5.3 electronics,10,product_1561.svg
1562,Nothing Budget Smartphone Max,Mobiles,Nothing,36375,4.7,937,Blue,Nothing Budget Smartphone Max in Blue. Designed for everyday use with 5g and dual sim. Reliable mobiles choice with a practical design.,nothing budget smartphone blue 5g dual sim mobiles,27,product_1562.svg
1563,Logitech Gaming Laptop Elite,Computers & Accessories,Logitech,135319,4.6,1068,Silver,Logitech Gaming Laptop Elite in Silver. Designed for everyday use with wireless and 16gb ram. Reliable computers & accessories choice with a practical design.,logitech gaming laptop silver wireless 16gb ram computers & accessories,8,product_1563.svg
1564,Jack & Jones Chinos Classic,Men's Fashion,Jack & Jones,1410,4.5,1199,Grey,Jack & Jones Chinos Classic in Grey. Designed for everyday use with slim fit and regular fit. Reliable men's fashion choice with a practical design.,jack & jones chinos grey slim fit regular fit men's fashion,25,product_1564.svg
1565,ONLY Co-ord Set Prime,Women's Fashion,ONLY,8194,4.4,1330,Beige,ONLY Co-ord Set Prime in Beige. Designed for everyday use with cotton and regular fit. Reliable women's fashion choice with a practical design.,only co-ord set beige cotton regular fit women's fashion,6,product_1565.svg
1566,Puma Walking Shoes X,Footwear,Puma,2886,4.3,1461,Blue,Puma Walking Shoes X in Blue. Designed for everyday use with memory foam and cushioned sole. Reliable footwear choice with a practical design.,puma walking shoes blue memory foam cushioned sole footwear,23,product_1566.svg
1567,Maybelline Hair Dryer Ultra,Beauty & Personal Care,Maybelline,933,4.2,1592,Rose,Maybelline Hair Dryer Ultra in Rose. Designed for everyday use with long lasting and long lasting. Reliable beauty & personal care choice with a practical design.,maybelline hair dryer rose long lasting long lasting beauty & personal care,40,product_1567.svg
1568,Prestige Cookware Set Pro,Home & Kitchen,Prestige,8414,4.1,1723,Blue,Prestige Cookware Set Pro in Blue. Designed for everyday use with food grade and dishwasher safe. Reliable home & kitchen choice with a practical design.,prestige cookware set blue food grade dishwasher safe home & kitchen,21,product_1568.svg
1569,Panasonic Air Purifier Plus,Home Appliances,Panasonic,89769,4.0,1854,Silver,Panasonic Air Purifier Plus in Silver. Designed for everyday use with inverter and smart control. Reliable home appliances choice with a practical design.,panasonic air purifier silver inverter smart control home appliances,38,product_1569.svg
1570,HomeTown TV Unit Max,Furniture,HomeTown,2570,3.9,1985,Grey,HomeTown TV Unit Max in Grey. Designed for everyday use with engineered wood and ergonomic. Reliable furniture choice with a practical design.,hometown tv unit grey engineered wood ergonomic furniture,19,product_1570.svg
1571,Cosco Cricket Bat Elite,Sports & Fitness,Cosco,5856,3.8,2116,Green,Cosco Cricket Bat Elite in Green. Designed for everyday use with water resistant and anti-slip. Reliable sports & fitness choice with a practical design.,cosco cricket bat green water resistant anti-slip sports & fitness,36,product_1571.svg
1572,Penguin Business Book Classic,Books,Penguin,1223,3.7,2247,Red,Penguin Business Book Classic in Red. Designed for everyday use with latest edition and latest edition. Reliable books choice with a practical design.,penguin business book red latest edition latest edition books,17,product_1572.svg
1573,LEGO Toy Gun Prime,Toys & Games,LEGO,4809,3.6,2378,Multi,LEGO Toy Gun Prime in Multi. Designed for everyday use with family game and educational. Reliable toys & games choice with a practical design.,lego toy gun multi family game educational toys & games,34,product_1573.svg
1574,Castrol LED Headlight X,Automotive,Castrol,13832,3.5,2509,Blue,Castrol LED Headlight X in Blue. Designed for everyday use with premium quality and water resistant. Reliable automotive choice with a practical design.,castrol led headlight blue premium quality water resistant automotive,15,product_1574.svg
1575,Aashirvaad Biscuits Ultra,Grocery,Aashirvaad,1964,3.4,2640,Natural,Aashirvaad Biscuits Ultra in Natural. Designed for everyday use with premium quality and no preservatives. Reliable grocery choice with a practical design.,aashirvaad biscuits natural premium quality no preservatives grocery,32,product_1575.svg
1576,Patanjali Digital Weighing Scale Pro,Health & Wellness,Patanjali,3381,3.3,2771,White,Patanjali Digital Weighing Scale Pro in White. Designed for everyday use with premium quality and lab tested. Reliable health & wellness choice with a practical design.,patanjali digital weighing scale white premium quality lab tested health & wellness,13,product_1576.svg
1577,Pedigree Leash Plus,Pet Supplies,Pedigree,6862,3.2,2902,Red,Pedigree Leash Plus in Red. Designed for everyday use with comfortable and comfortable. Reliable pet supplies choice with a practical design.,pedigree leash red comfortable comfortable pet supplies,30,product_1577.svg
1578,Ugaoo LED Garden Light Max,Garden & Outdoors,Ugaoo,5390,5.0,3033,White,Ugaoo LED Garden Light Max in White. Designed for everyday use with lightweight and eco friendly. Reliable garden & outdoors choice with a practical design.,ugaoo led garden light white lightweight eco friendly garden & outdoors,11,product_1578.svg
1579,Mia Smart Watch Elite,Jewellery & Accessories,Mia,9090,4.9,3164,Black,Mia Smart Watch Elite in Black. Designed for everyday use with adjustable and scratch resistant. Reliable jewellery & accessories choice with a practical design.,mia smart watch black adjustable scratch resistant jewellery & accessories,28,product_1579.svg
1580,Classmate Calculator Classic,Office & Stationery,Classmate,11618,4.8,3295,Black,Classmate Calculator Classic in Black. Designed for everyday use with smooth writing and durable. Reliable office & stationery choice with a practical design.,classmate calculator black smooth writing durable office & stationery,9,product_1580.svg
1581,Anker Portable Projector Prime,Electronics,Anker,22710,4.7,3426,Silver,Anker Portable Projector Prime in Silver. Designed for everyday use with noise cancellation and hi-fi audio. Reliable electronics choice with a practical design.,anker portable projector silver noise cancellation hi-fi audio electronics,26,product_1581.svg
1582,Apple Camera Phone X,Mobiles,Apple,73754,4.6,3557,Blue,Apple Camera Phone X in Blue. Designed for everyday use with 5g and fast charging. Reliable mobiles choice with a practical design.,apple camera phone blue 5g fast charging mobiles,7,product_1582.svg
1583,HP Monitor Ultra,Computers & Accessories,HP,134698,4.5,3688,Silver,HP Monitor Ultra in Silver. Designed for everyday use with wireless and backlit. Reliable computers & accessories choice with a practical design.,hp monitor silver wireless backlit computers & accessories,24,product_1583.svg
1584,Levis Slim Fit Jeans Pro,Men's Fashion,Levis,3766,4.4,3819,Black,Levis Slim Fit Jeans Pro in Black. Designed for everyday use with slim fit and regular fit. Reliable men's fashion choice with a practical design.,levis slim fit jeans black slim fit regular fit men's fashion,5,product_1584.svg
1585,Mango Jeans Plus,Women's Fashion,Mango,3155,4.3,3950,Pink,Mango Jeans Plus in Pink. Designed for everyday use with cotton and regular fit. Reliable women's fashion choice with a practical design.,mango jeans pink cotton regular fit women's fashion,22,product_1585.svg
1586,Crocs Slides Max,Footwear,Crocs,3955,4.2,4081,Blue,Crocs Slides Max in Blue. Designed for everyday use with memory foam and cushioned sole. Reliable footwear choice with a practical design.,crocs slides blue memory foam cushioned sole footwear,39,product_1586.svg
1587,The Body Shop Moisturizer Elite,Beauty & Personal Care,The Body Shop,2686,4.1,4212,Rose,The Body Shop Moisturizer Elite in Rose. Designed for everyday use with long lasting and long lasting. Reliable beauty & personal care choice with a practical design.,the body shop moisturizer rose long lasting long lasting beauty & personal care,20,product_1587.svg
1588,Borosil Storage Container Classic,Home & Kitchen,Borosil,1681,4.0,4343,Blue,Borosil Storage Container Classic in Blue. Designed for everyday use with food grade and dishwasher safe. Reliable home & kitchen choice with a practical design.,borosil storage container blue food grade dishwasher safe home & kitchen,37,product_1588.svg
1589,IFB Water Heater Prime,Home Appliances,IFB,73147,3.9,4474,Silver,IFB Water Heater Prime in Silver. Designed for everyday use with inverter and smart control. Reliable home appliances choice with a practical design.,ifb water heater silver inverter smart control home appliances,18,product_1589.svg
1590,IKEA Bookshelf X,Furniture,IKEA,16947,3.8,4605,Walnut,IKEA Bookshelf X in Walnut. Designed for everyday use with engineered wood and ergonomic. Reliable furniture choice with a practical design.,ikea bookshelf walnut engineered wood ergonomic furniture,35,product_1590.svg
1591,Nike Fitness Band Ultra,Sports & Fitness,Nike,7226,3.7,4736,Green,Nike Fitness Band Ultra in Green. Designed for everyday use with water resistant and anti-slip. Reliable sports & fitness choice with a practical design.,nike fitness band green water resistant anti-slip sports & fitness,16,product_1591.svg
1592,Penguin Programming Book Pro,Books,Penguin,2747,3.6,17,Red,Penguin Programming Book Pro in Red. Designed for everyday use with latest edition and latest edition. Reliable books choice with a practical design.,penguin programming book red latest edition latest edition books,33,product_1592.svg
1593,LEGO Action Figure Plus,Toys & Games,LEGO,7173,3.5,148,Multi,LEGO Action Figure Plus in Multi. Designed for everyday use with family game and educational. Reliable toys & games choice with a practical design.,lego action figure multi family game educational toys & games,14,product_1593.svg
1594,Goodyear Bike Helmet Max,Automotive,Goodyear,5703,3.4,279,Blue,Goodyear Bike Helmet Max in Blue. Designed for everyday use with premium quality and water resistant. Reliable automotive choice with a practical design.,goodyear bike helmet blue premium quality water resistant automotive,31,product_1594.svg
1595,Amul Wheat Flour Elite,Grocery,Amul,660,3.3,410,Natural,Amul Wheat Flour Elite in Natural. Designed for everyday use with premium quality and no preservatives. Reliable grocery choice with a practical design.,amul wheat flour natural premium quality no preservatives grocery,12,product_1595.svg
1596,Himalaya Herbal Tea Classic,Health & Wellness,Himalaya,937,3.2,541,White,Himalaya Herbal Tea Classic in White. Designed for everyday use with premium quality and lab tested. Reliable health & wellness choice with a practical design.,himalaya herbal tea white premium quality lab tested health & wellness,29,product_1596.svg
1597,Pedigree Pet Carrier Prime,Pet Supplies,Pedigree,1421,5.0,672,Red,Pedigree Pet Carrier Prime in Red. Designed for everyday use with comfortable and comfortable. Reliable pet supplies choice with a practical design.,pedigree pet carrier red comfortable comfortable pet supplies,10,product_1597.svg
1598,Kraft Seeds Garden Tool Set X,Garden & Outdoors,Kraft Seeds,6750,4.9,803,White,Kraft Seeds Garden Tool Set X in White. Designed for everyday use with lightweight and eco friendly. Reliable garden & outdoors choice with a practical design.,kraft seeds garden tool set white lightweight eco friendly garden & outdoors,27,product_1598.svg
1599,Mia Wallet Ultra,Jewellery & Accessories,Mia,20464,4.8,934,Black,Mia Wallet Ultra in Black. Designed for everyday use with adjustable and scratch resistant. Reliable jewellery & accessories choice with a practical design.,mia wallet black adjustable scratch resistant jewellery & accessories,8,product_1599.svg
1600,Classmate Notebook Pro,Office & Stationery,Classmate,20292,4.7,1065,Black,Classmate Notebook Pro in Black. Designed for everyday use with smooth writing and durable. Reliable office & stationery choice with a practical design.,classmate notebook black smooth writing durable office & stationery,25,product_1600.svg
1601,Marshall Earbuds Plus,Electronics,Marshall,5884,4.6,1196,Silver,Marshall Earbuds Plus in Silver. Designed for everyday use with noise cancellation and fast charging. Reliable electronics choice with a practical design.,marshall earbuds silver noise cancellation fast charging electronics,6,product_1601.svg
1602,Nothing 5G Smartphone Max,Mobiles,Nothing,111133,4.5,1327,Blue,Nothing 5G Smartphone Max in Blue. Designed for everyday use with 5g and amoled display. Reliable mobiles choice with a practical design.,nothing 5g smartphone blue 5g amoled display mobiles,23,product_1602.svg
1603,Logitech Gaming Laptop Elite,Computers & Accessories,Logitech,134077,4.4,1458,Silver,Logitech Gaming Laptop Elite in Silver. Designed for everyday use with wireless and full hd. Reliable computers & accessories choice with a practical design.,logitech gaming laptop silver wireless full hd computers & accessories,40,product_1603.svg
1604,Jack & Jones Chinos Classic,Men's Fashion,Jack & Jones,6122,4.3,1589,White,Jack & Jones Chinos Classic in White. Designed for everyday use with slim fit and regular fit. Reliable men's fashion choice with a practical design.,jack & jones chinos white slim fit regular fit men's fashion,21,product_1604.svg
1605,ONLY Co-ord Set Prime,Women's Fashion,ONLY,6717,4.2,1720,White,ONLY Co-ord Set Prime in White. Designed for everyday use with cotton and regular fit. Reliable women's fashion choice with a practical design.,only co-ord set white cotton regular fit women's fashion,38,product_1605.svg
1606,Puma Walking Shoes X,Footwear,Puma,5024,4.1,1851,Blue,Puma Walking Shoes X in Blue. Designed for everyday use with memory foam and cushioned sole. Reliable footwear choice with a practical design.,puma walking shoes blue memory foam cushioned sole footwear,19,product_1606.svg
1607,Maybelline Hair Dryer Ultra,Beauty & Personal Care,Maybelline,4439,4.0,1982,Rose,Maybelline Hair Dryer Ultra in Rose. Designed for everyday use with long lasting and long lasting. Reliable beauty & personal care choice with a practical design.,maybelline hair dryer rose long lasting long lasting beauty & personal care,36,product_1607.svg
1608,Prestige Cookware Set Pro,Home & Kitchen,Prestige,7649,3.9,2113,Blue,Prestige Cookware Set Pro in Blue. Designed for everyday use with food grade and dishwasher safe. Reliable home & kitchen choice with a practical design.,prestige cookware set blue food grade dishwasher safe home & kitchen,17,product_1608.svg
1609,Panasonic Air Purifier Plus,Home Appliances,Panasonic,56525,3.8,2244,Silver,Panasonic Air Purifier Plus in Silver. Designed for everyday use with inverter and smart control. Reliable home appliances choice with a practical design.,panasonic air purifier silver inverter smart control home appliances,34,product_1609.svg
1610,Pepperfry TV Unit Max,Furniture,Pepperfry,31324,3.7,2375,Black,Pepperfry TV Unit Max in Black. Designed for everyday use with engineered wood and ergonomic. Reliable furniture choice with a practical design.,pepperfry tv unit black engineered wood ergonomic furniture,15,product_1610.svg
1611,Cosco Cricket Bat Elite,Sports & Fitness,Cosco,8596,3.6,2506,Green,Cosco Cricket Bat Elite in Green. Designed for everyday use with water resistant and anti-slip. Reliable sports & fitness choice with a practical design.,cosco cricket bat green water resistant anti-slip sports & fitness,32,product_1611.svg
1612,Penguin Business Book Classic,Books,Penguin,1470,3.5,2637,Red,Penguin Business Book Classic in Red. Designed for everyday use with latest edition and latest edition. Reliable books choice with a practical design.,penguin business book red latest edition latest edition books,13,product_1612.svg
1613,LEGO Toy Gun Prime,Toys & Games,LEGO,9537,3.4,2768,Multi,LEGO Toy Gun Prime in Multi. Designed for everyday use with family game and educational. Reliable toys & games choice with a practical design.,lego toy gun multi family game educational toys & games,30,product_1613.svg
1614,Castrol LED Headlight X,Automotive,Castrol,16075,3.3,2899,Blue,Castrol LED Headlight X in Blue. Designed for everyday use with premium quality and water resistant. Reliable automotive choice with a practical design.,castrol led headlight blue premium quality water resistant automotive,11,product_1614.svg
1615,Aashirvaad Biscuits Ultra,Grocery,Aashirvaad,1257,3.2,3030,Natural,Aashirvaad Biscuits Ultra in Natural. Designed for everyday use with premium quality and no preservatives. Reliable grocery choice with a practical design.,aashirvaad biscuits natural premium quality no preservatives grocery,28,product_1615.svg
1616,HealthKart Massage Gun Pro,Health & Wellness,HealthKart,5194,5.0,3161,White,HealthKart Massage Gun Pro in White. Designed for everyday use with premium quality and lab tested. Reliable health & wellness choice with a practical design.,healthkart massage gun white premium quality lab tested health & wellness,9,product_1616.svg
1617,Pedigree Leash Plus,Pet Supplies,Pedigree,3781,4.9,3292,Red,Pedigree Leash Plus in Red. Designed for everyday use with comfortable and comfortable. Reliable pet supplies choice with a practical design.,pedigree leash red comfortable comfortable pet supplies,26,product_1617.svg
1618,IKEA Outdoor Chair Max,Garden & Outdoors,IKEA,259,4.8,3423,White,IKEA Outdoor Chair Max in White. Designed for everyday use with lightweight and eco friendly. Reliable garden & outdoors choice with a practical design.,ikea outdoor chair white lightweight eco friendly garden & outdoors,7,product_1618.svg
1619,Mia Smart Watch Elite,Jewellery & Accessories,Mia,7337,4.7,3554,Black,Mia Smart Watch Elite in Black. Designed for everyday use with adjustable and scratch resistant. Reliable jewellery & accessories choice with a practical design.,mia smart watch black adjustable scratch resistant jewellery & accessories,24,product_1619.svg
1620,Classmate Calculator Classic,Office & Stationery,Classmate,4015,4.6,3685,Black,Classmate Calculator Classic in Black. Designed for everyday use with smooth writing and durable. Reliable office & stationery choice with a practical design.,classmate calculator black smooth writing durable office & stationery,5,product_1620.svg
1621,Anker Portable Projector Prime,Electronics,Anker,18259,4.5,3816,Silver,Anker Portable Projector Prime in Silver. Designed for everyday use with noise cancellation and bluetooth 5.3. Reliable electronics choice with a practical design.,anker portable projector silver noise cancellation bluetooth 5.3 electronics,22,product_1621.svg
1622,Apple Budget Smartphone X,Mobiles,Apple,27511,4.4,3947,Blue,Apple Budget Smartphone X in Blue. Designed for everyday use with 5g and dual sim. Reliable mobiles choice with a practical design.,apple budget smartphone blue 5g dual sim mobiles,39,product_1622.svg
1623,HP Monitor Ultra,Computers & Accessories,HP,133456,4.3,4078,Silver,HP Monitor Ultra in Silver. Designed for everyday use with wireless and 16gb ram. Reliable computers & accessories choice with a practical design.,hp monitor silver wireless 16gb ram computers & accessories,20,product_1623.svg
1624,Levis Slim Fit Jeans Pro,Men's Fashion,Levis,1977,4.2,4209,Grey,Levis Slim Fit Jeans Pro in Grey. Designed for everyday use with slim fit and regular fit. Reliable men's fashion choice with a practical design.,levis slim fit jeans grey slim fit regular fit men's fashion,37,product_1624.svg
1625,Mango Jeans Plus,Women's Fashion,Mango,1678,4.1,4340,Beige,Mango Jeans Plus in Beige. Designed for everyday use with cotton and regular fit. Reliable women's fashion choice with a practical design.,mango jeans beige cotton regular fit women's fashion,18,product_1625.svg
1626,Crocs Slides Max,Footwear,Crocs,6093,4.0,4471,Blue,Crocs Slides Max in Blue. Designed for everyday use with memory foam and cushioned sole. Reliable footwear choice with a practical design.,crocs slides blue memory foam cushioned sole footwear,35,product_1626.svg
1627,The Body Shop Moisturizer Elite,Beauty & Personal Care,The Body Shop,391,3.9,4602,Rose,The Body Shop Moisturizer Elite in Rose. Designed for everyday use with long lasting and long lasting. Reliable beauty & personal care choice with a practical design.,the body shop moisturizer rose long lasting long lasting beauty & personal care,16,product_1627.svg
1628,Borosil Storage Container Classic,Home & Kitchen,Borosil,916,3.8,4733,Blue,Borosil Storage Container Classic in Blue. Designed for everyday use with food grade and dishwasher safe. Reliable home & kitchen choice with a practical design.,borosil storage container blue food grade dishwasher safe home & kitchen,33,product_1628.svg
1629,IFB Water Heater Prime,Home Appliances,IFB,39903,3.7,4864,Silver,IFB Water Heater Prime in Silver. Designed for everyday use with inverter and smart control. Reliable home appliances choice with a practical design.,ifb water heater silver inverter smart control home appliances,14,product_1629.svg
1630,HomeTown Bookshelf X,Furniture,HomeTown,45701,3.6,145,Grey,HomeTown Bookshelf X in Grey. Designed for everyday use with engineered wood and ergonomic. Reliable furniture choice with a practical design.,hometown bookshelf grey engineered wood ergonomic furniture,31,product_1630.svg
1631,Nike Fitness Band Ultra,Sports & Fitness,Nike,9966,3.5,276,Green,Nike Fitness Band Ultra in Green. Designed for everyday use with water resistant and anti-slip. Reliable sports & fitness choice with a practical design.,nike fitness band green water resistant anti-slip sports & fitness,12,product_1631.svg
1632,Penguin Programming Book Pro,Books,Penguin,2994,3.4,407,Red,Penguin Programming Book Pro in Red. Designed for everyday use with latest edition and latest edition. Reliable books choice with a practical design.,penguin programming book red latest edition latest edition books,29,product_1632.svg
1633,LEGO Action Figure Plus,Toys & Games,LEGO,2150,3.3,538,Multi,LEGO Action Figure Plus in Multi. Designed for everyday use with family game and educational. Reliable toys & games choice with a practical design.,lego action figure multi family game educational toys & games,10,product_1633.svg
1634,Goodyear Bike Helmet Max,Automotive,Goodyear,7946,3.2,669,Blue,Goodyear Bike Helmet Max in Blue. Designed for everyday use with premium quality and water resistant. Reliable automotive choice with a practical design.,goodyear bike helmet blue premium quality water resistant automotive,27,product_1634.svg
1635,Amul Wheat Flour Elite,Grocery,Amul,1854,5.0,800,Natural,Amul Wheat Flour Elite in Natural. Designed for everyday use with premium quality and no preservatives. Reliable grocery choice with a practical design.,amul wheat flour natural premium quality no preservatives grocery,8,product_1635.svg
1636,Patanjali Foam Roller Classic,Health & Wellness,Patanjali,2750,4.9,931,White,Patanjali Foam Roller Classic in White. Designed for everyday use with premium quality and lab tested. Reliable health & wellness choice with a practical design.,patanjali foam roller white premium quality lab tested health & wellness,25,product_1636.svg
1637,Pedigree Pet Carrier Prime,Pet Supplies,Pedigree,6141,4.8,1062,Red,Pedigree Pet Carrier Prime in Red. Designed for everyday use with comfortable and comfortable. Reliable pet supplies choice with a practical design.,pedigree pet carrier red comfortable comfortable pet supplies,6,product_1637.svg
1638,Ugaoo Planter X,Garden & Outdoors,Ugaoo,1619,4.7,1193,White,Ugaoo Planter X in White. Designed for everyday use with lightweight and eco friendly. Reliable garden & outdoors choice with a practical design.,ugaoo planter white lightweight eco friendly garden & outdoors,23,product_1638.svg
1639,Mia Wallet Ultra,Jewellery & Accessories,Mia,18711,4.6,1324,Black,Mia Wallet Ultra in Black. Designed for everyday use with adjustable and scratch resistant. Reliable jewellery & accessories choice with a practical design.,mia wallet black adjustable scratch resistant jewellery & accessories,40,product_1639.svg
1640,Classmate Notebook Pro,Office & Stationery,Classmate,12689,4.5,1455,Black,Classmate Notebook Pro in Black. Designed for everyday use with smooth writing and durable. Reliable office & stationery choice with a practical design.,classmate notebook black smooth writing durable office & stationery,21,product_1640.svg
1641,Marshall Earbuds Plus,Electronics,Marshall,1433,4.4,1586,Silver,Marshall Earbuds Plus in Silver. Designed for everyday use with noise cancellation and hi-fi audio. Reliable electronics choice with a practical design.,marshall earbuds silver noise cancellation hi-fi audio electronics,38,product_1641.svg
1642,Nothing Camera Phone Max,Mobiles,Nothing,64890,4.3,1717,Blue,Nothing Camera Phone Max in Blue. Designed for everyday use with 5g and fast charging. Reliable mobiles choice with a practical design.,nothing camera phone blue 5g fast charging mobiles,19,product_1642.svg
1643,Logitech Gaming Laptop Elite,Computers & Accessories,Logitech,132835,4.2,1848,Silver,Logitech Gaming Laptop Elite in Silver. Designed for everyday use with wireless and backlit. Reliable computers & accessories choice with a practical design.,logitech gaming laptop silver wireless backlit computers & accessories,36,product_1643.svg
1644,Jack & Jones Chinos Classic,Men's Fashion,Jack & Jones,4333,4.1,1979,Black,Jack & Jones Chinos Classic in Black. Designed for everyday use with slim fit and regular fit. Reliable men's fashion choice with a practical design.,jack & jones chinos black slim fit regular fit men's fashion,17,product_1644.svg
1645,ONLY Co-ord Set Prime,Women's Fashion,ONLY,5240,4.0,2110,Pink,ONLY Co-ord Set Prime in Pink. Designed for everyday use with cotton and regular fit. Reliable women's fashion choice with a practical design.,only co-ord set pink cotton regular fit women's fashion,34,product_1645.svg
1646,Puma Walking Shoes X,Footwear,Puma,7162,3.9,2241,Blue,Puma Walking Shoes X in Blue. Designed for everyday use with memory foam and cushioned sole. Reliable footwear choice with a practical design.,puma walking shoes blue memory foam cushioned sole footwear,15,product_1646.svg
1647,Maybelline Hair Dryer Ultra,Beauty & Personal Care,Maybelline,2144,3.8,2372,Rose,Maybelline Hair Dryer Ultra in Rose. Designed for everyday use with long lasting and long lasting. Reliable beauty & personal care choice with a practical design.,maybelline hair dryer rose long lasting long lasting beauty & personal care,32,product_1647.svg
1648,Prestige Cookware Set Pro,Home & Kitchen,Prestige,6884,3.7,2503,Blue,Prestige Cookware Set Pro in Blue. Designed for everyday use with food grade and dishwasher safe. Reliable home & kitchen choice with a practical design.,prestige cookware set blue food grade dishwasher safe home & kitchen,13,product_1648.svg
1649,Panasonic Air Purifier Plus,Home Appliances,Panasonic,23281,3.6,2634,Silver,Panasonic Air Purifier Plus in Silver. Designed for everyday use with inverter and smart control. Reliable home appliances choice with a practical design.,panasonic air purifier silver inverter smart control home appliances,30,product_1649.svg
1650,IKEA TV Unit Max,Furniture,IKEA,12077,3.5,2765,Walnut,IKEA TV Unit Max in Walnut. Designed for everyday use with engineered wood and ergonomic. Reliable furniture choice with a practical design.,ikea tv unit walnut engineered wood ergonomic furniture,11,product_1650.svg
1651,Cosco Cricket Bat Elite,Sports & Fitness,Cosco,11336,3.4,2896,Green,Cosco Cricket Bat Elite in Green. Designed for everyday use with water resistant and anti-slip. Reliable sports & fitness choice with a practical design.,cosco cricket bat green water resistant anti-slip sports & fitness,28,product_1651.svg
1652,Penguin Business Book Classic,Books,Penguin,1717,3.3,3027,Red,Penguin Business Book Classic in Red. Designed for everyday use with latest edition and latest edition. Reliable books choice with a practical design.,penguin business book red latest edition latest edition books,9,product_1652.svg
1653,LEGO Toy Gun Prime,Toys & Games,LEGO,4514,3.2,3158,Multi,LEGO Toy Gun Prime in Multi. Designed for everyday use with family game and educational. Reliable toys & games choice with a practical design.,lego toy gun multi family game educational toys & games,26,product_1653.svg
1654,Castrol LED Headlight X,Automotive,Castrol,18318,5.0,3289,Blue,Castrol LED Headlight X in Blue. Designed for everyday use with premium quality and water resistant. Reliable automotive choice with a practical design.,castrol led headlight blue premium quality water resistant automotive,7,product_1654.svg
1655,Aashirvaad Biscuits Ultra,Grocery,Aashirvaad,550,4.9,3420,Natural,Aashirvaad Biscuits Ultra in Natural. Designed for everyday use with premium quality and no preservatives. Reliable grocery choice with a practical design.,aashirvaad biscuits natural premium quality no preservatives grocery,24,product_1655.svg
1656,Himalaya Vitamin Pack Pro,Health & Wellness,Himalaya,306,4.8,3551,White,Himalaya Vitamin Pack Pro in White. Designed for everyday use with premium quality and lab tested. Reliable health & wellness choice with a practical design.,himalaya vitamin pack white premium quality lab tested health & wellness,5,product_1656.svg
1657,Pedigree Leash Plus,Pet Supplies,Pedigree,700,4.7,3682,Red,Pedigree Leash Plus in Red. Designed for everyday use with comfortable and comfortable. Reliable pet supplies choice with a practical design.,pedigree leash red comfortable comfortable pet supplies,22,product_1657.svg
1658,Kraft Seeds Watering Can Max,Garden & Outdoors,Kraft Seeds,2979,4.6,3813,White,Kraft Seeds Watering Can Max in White. Designed for everyday use with lightweight and eco friendly. Reliable garden & outdoors choice with a practical design.,kraft seeds watering can white lightweight eco friendly garden & outdoors,39,product_1658.svg
1659,Mia Smart Watch Elite,Jewellery & Accessories,Mia,5584,4.5,3944,Black,Mia Smart Watch Elite in Black. Designed for everyday use with adjustable and scratch resistant. Reliable jewellery & accessories choice with a practical design.,mia smart watch black adjustable scratch resistant jewellery & accessories,20,product_1659.svg
1660,Classmate Calculator Classic,Office & Stationery,Classmate,21363,4.4,4075,Black,Classmate Calculator Classic in Black. Designed for everyday use with smooth writing and durable. Reliable office & stationery choice with a practical design.,classmate calculator black smooth writing durable office & stationery,37,product_1660.svg
1661,Anker Portable Projector Prime,Electronics,Anker,13808,4.3,4206,Silver,Anker Portable Projector Prime in Silver. Designed for everyday use with noise cancellation and fast charging. Reliable electronics choice with a practical design.,anker portable projector silver noise cancellation fast charging electronics,18,product_1661.svg
1662,Apple 5G Smartphone X,Mobiles,Apple,102269,4.2,4337,Blue,Apple 5G Smartphone X in Blue. Designed for everyday use with 5g and amoled display. Reliable mobiles choice with a practical design.,apple 5g smartphone blue 5g amoled display mobiles,35,product_1662.svg
1663,HP Monitor Ultra,Computers & Accessories,HP,132214,4.1,4468,Silver,HP Monitor Ultra in Silver. Designed for everyday use with wireless and full hd. Reliable computers & accessories choice with a practical design.,hp monitor silver wireless full hd computers & accessories,16,product_1663.svg
1664,Levis Slim Fit Jeans Pro,Men's Fashion,Levis,6689,4.0,4599,White,Levis Slim Fit Jeans Pro in White. Designed for everyday use with slim fit and regular fit. Reliable men's fashion choice with a practical design.,levis slim fit jeans white slim fit regular fit men's fashion,33,product_1664.svg
1665,Mango Jeans Plus,Women's Fashion,Mango,8802,3.9,4730,White,Mango Jeans Plus in White. Designed for everyday use with cotton and regular fit. Reliable women's fashion choice with a practical design.,mango jeans white cotton regular fit women's fashion,14,product_1665.svg
1666,Crocs Slides Max,Footwear,Crocs,8231,3.8,4861,Blue,Crocs Slides Max in Blue. Designed for everyday use with memory foam and cushioned sole. Reliable footwear choice with a practical design.,crocs slides blue memory foam cushioned sole footwear,31,product_1666.svg
1667,The Body Shop Moisturizer Elite,Beauty & Personal Care,The Body Shop,3897,3.7,142,Rose,The Body Shop Moisturizer Elite in Rose. Designed for everyday use with long lasting and long lasting. Reliable beauty & personal care choice with a practical design.,the body shop moisturizer rose long lasting long lasting beauty & personal care,12,product_1667.svg
1668,Borosil Storage Container Classic,Home & Kitchen,Borosil,12852,3.6,273,Blue,Borosil Storage Container Classic in Blue. Designed for everyday use with food grade and dishwasher safe. Reliable home & kitchen choice with a practical design.,borosil storage container blue food grade dishwasher safe home & kitchen,29,product_1668.svg
1669,IFB Water Heater Prime,Home Appliances,IFB,6659,3.5,404,Silver,IFB Water Heater Prime in Silver. Designed for everyday use with inverter and smart control. Reliable home appliances choice with a practical design.,ifb water heater silver inverter smart control home appliances,10,product_1669.svg
1670,Pepperfry Bookshelf X,Furniture,Pepperfry,26454,3.4,535,Black,Pepperfry Bookshelf X in Black. Designed for everyday use with engineered wood and ergonomic. Reliable furniture choice with a practical design.,pepperfry bookshelf black engineered wood ergonomic furniture,27,product_1670.svg
1671,Nike Fitness Band Ultra,Sports & Fitness,Nike,12706,3.3,666,Green,Nike Fitness Band Ultra in Green. Designed for everyday use with water resistant and anti-slip. Reliable sports & fitness choice with a practical design.,nike fitness band green water resistant anti-slip sports & fitness,8,product_1671.svg
1672,Penguin Programming Book Pro,Books,Penguin,440,3.2,797,Red,Penguin Programming Book Pro in Red. Designed for everyday use with latest edition and latest edition. Reliable books choice with a practical design.,penguin programming book red latest edition latest edition books,25,product_1672.svg
1673,LEGO Action Figure Plus,Toys & Games,LEGO,6878,5.0,928,Multi,LEGO Action Figure Plus in Multi. Designed for everyday use with family game and educational. Reliable toys & games choice with a practical design.,lego action figure multi family game educational toys & games,6,product_1673.svg
1674,Goodyear Bike Helmet Max,Automotive,Goodyear,10189,4.9,1059,Blue,Goodyear Bike Helmet Max in Blue. Designed for everyday use with premium quality and water resistant. Reliable automotive choice with a practical design.,goodyear bike helmet blue premium quality water resistant automotive,23,product_1674.svg
1675,Amul Wheat Flour Elite,Grocery,Amul,1147,4.8,1190,Natural,Amul Wheat Flour Elite in Natural. Designed for everyday use with premium quality and no preservatives. Reliable grocery choice with a practical design.,amul wheat flour natural premium quality no preservatives grocery,40,product_1675.svg
1676,HealthKart First Aid Kit Classic,Health & Wellness,HealthKart,4563,4.7,1321,White,HealthKart First Aid Kit Classic in White. Designed for everyday use with premium quality and lab tested. Reliable health & wellness choice with a practical design.,healthkart first aid kit white premium quality lab tested health & wellness,21,product_1676.svg
1677,Pedigree Pet Carrier Prime,Pet Supplies,Pedigree,3060,4.6,1452,Red,Pedigree Pet Carrier Prime in Red. Designed for everyday use with comfortable and comfortable. Reliable pet supplies choice with a practical design.,pedigree pet carrier red comfortable comfortable pet supplies,38,product_1677.svg
1678,IKEA Pruning Shears X,Garden & Outdoors,IKEA,4339,4.5,1583,White,IKEA Pruning Shears X in White. Designed for everyday use with lightweight and eco friendly. Reliable garden & outdoors choice with a practical design.,ikea pruning shears white lightweight eco friendly garden & outdoors,19,product_1678.svg
1679,Mia Wallet Ultra,Jewellery & Accessories,Mia,16958,4.4,1714,Black,Mia Wallet Ultra in Black. Designed for everyday use with adjustable and scratch resistant. Reliable jewellery & accessories choice with a practical design.,mia wallet black adjustable scratch resistant jewellery & accessories,36,product_1679.svg
1680,Classmate Notebook Pro,Office & Stationery,Classmate,5086,4.3,1845,Black,Classmate Notebook Pro in Black. Designed for everyday use with smooth writing and durable. Reliable office & stationery choice with a practical design.,classmate notebook black smooth writing durable office & stationery,17,product_1680.svg
1681,Marshall Earbuds Plus,Electronics,Marshall,26183,4.2,1976,Silver,Marshall Earbuds Plus in Silver. Designed for everyday use with noise cancellation and bluetooth 5.3. Reliable electronics choice with a practical design.,marshall earbuds silver noise cancellation bluetooth 5.3 electronics,34,product_1681.svg
1682,Nothing Budget Smartphone Max,Mobiles,Nothing,18647,4.1,2107,Blue,Nothing Budget Smartphone Max in Blue. Designed for everyday use with 5g and dual sim. Reliable mobiles choice with a practical design.,nothing budget smartphone blue 5g dual sim mobiles,15,product_1682.svg
1683,Logitech Gaming Laptop Elite,Computers & Accessories,Logitech,131593,4.0,2238,Silver,Logitech Gaming Laptop Elite in Silver. Designed for everyday use with wireless and 16gb ram. Reliable computers & accessories choice with a practical design.,logitech gaming laptop silver wireless 16gb ram computers & accessories,32,product_1683.svg
1684,Jack & Jones Chinos Classic,Men's Fashion,Jack & Jones,2544,3.9,2369,Grey,Jack & Jones Chinos Classic in Grey. Designed for everyday use with slim fit and regular fit. Reliable men's fashion choice with a practical design.,jack & jones chinos grey slim fit regular fit men's fashion,13,product_1684.svg
1685,ONLY Co-ord Set Prime,Women's Fashion,ONLY,3763,3.8,2500,Beige,ONLY Co-ord Set Prime in Beige. Designed for everyday use with cotton and regular fit. Reliable women's fashion choice with a practical design.,only co-ord set beige cotton regular fit women's fashion,30,product_1685.svg
1686,Puma Walking Shoes X,Footwear,Puma,9300,3.7,2631,Blue,Puma Walking Shoes X in Blue. Designed for everyday use with memory foam and cushioned sole. Reliable footwear choice with a practical design.,puma walking shoes blue memory foam cushioned sole footwear,11,product_1686.svg
1687,Maybelline Hair Dryer Ultra,Beauty & Personal Care,Maybelline,5650,3.6,2762,Rose,Maybelline Hair Dryer Ultra in Rose. Designed for everyday use with long lasting and long lasting. Reliable beauty & personal care choice with a practical design.,maybelline hair dryer rose long lasting long lasting beauty & personal care,28,product_1687.svg
1688,Prestige Cookware Set Pro,Home & Kitchen,Prestige,6119,3.5,2893,Blue,Prestige Cookware Set Pro in Blue. Designed for everyday use with food grade and dishwasher safe. Reliable home & kitchen choice with a practical design.,prestige cookware set blue food grade dishwasher safe home & kitchen,9,product_1688.svg
1689,Panasonic Air Purifier Plus,Home Appliances,Panasonic,77538,3.4,3024,Silver,Panasonic Air Purifier Plus in Silver. Designed for everyday use with inverter and smart control. Reliable home appliances choice with a practical design.,panasonic air purifier silver inverter smart control home appliances,26,product_1689.svg
1690,HomeTown TV Unit Max,Furniture,HomeTown,40831,3.3,3155,Grey,HomeTown TV Unit Max in Grey. Designed for everyday use with engineered wood and ergonomic. Reliable furniture choice with a practical design.,hometown tv unit grey engineered wood ergonomic furniture,7,product_1690.svg
1691,Cosco Cricket Bat Elite,Sports & Fitness,Cosco,14076,3.2,3286,Green,Cosco Cricket Bat Elite in Green. Designed for everyday use with water resistant and anti-slip. Reliable sports & fitness choice with a practical design.,cosco cricket bat green water resistant anti-slip sports & fitness,24,product_1691.svg
1692,Penguin Business Book Classic,Books,Penguin,1964,5.0,3417,Red,Penguin Business Book Classic in Red. Designed for everyday use with latest edition and latest edition. Reliable books choice with a practical design.,penguin business book red latest edition latest edition books,5,product_1692.svg
1693,LEGO Toy Gun Prime,Toys & Games,LEGO,9242,4.9,3548,Multi,LEGO Toy Gun Prime in Multi. Designed for everyday use with family game and educational. Reliable toys & games choice with a practical design.,lego toy gun multi family game educational toys & games,22,product_1693.svg
1694,Castrol LED Headlight X,Automotive,Castrol,2060,4.8,3679,Blue,Castrol LED Headlight X in Blue. Designed for everyday use with premium quality and water resistant. Reliable automotive choice with a practical design.,castrol led headlight blue premium quality water resistant automotive,39,product_1694.svg
1695,Aashirvaad Biscuits Ultra,Grocery,Aashirvaad,1744,4.7,3810,Natural,Aashirvaad Biscuits Ultra in Natural. Designed for everyday use with premium quality and no preservatives. Reliable grocery choice with a practical design.,aashirvaad biscuits natural premium quality no preservatives grocery,20,product_1695.svg
1696,Patanjali Protein Powder Pro,Health & Wellness,Patanjali,2119,4.6,3941,White,Patanjali Protein Powder Pro in White. Designed for everyday use with premium quality and lab tested. Reliable health & wellness choice with a practical design.,patanjali protein powder white premium quality lab tested health & wellness,37,product_1696.svg
1697,Pedigree Leash Plus,Pet Supplies,Pedigree,5420,4.5,4072,Red,Pedigree Leash Plus in Red. Designed for everyday use with comfortable and comfortable. Reliable pet supplies choice with a practical design.,pedigree leash red comfortable comfortable pet supplies,18,product_1697.svg
1698,Ugaoo Plant Seeds Max,Garden & Outdoors,Ugaoo,5699,4.4,4203,White,Ugaoo Plant Seeds Max in White. Designed for everyday use with lightweight and eco friendly. Reliable garden & outdoors choice with a practical design.,ugaoo plant seeds white lightweight eco friendly garden & outdoors,35,product_1698.svg
1699,Mia Smart Watch Elite,Jewellery & Accessories,Mia,3831,4.3,4334,Black,Mia Smart Watch Elite in Black. Designed for everyday use with adjustable and scratch resistant. Reliable jewellery & accessories choice with a practical design.,mia smart watch black adjustable scratch resistant jewellery & accessories,16,product_1699.svg
1700,Classmate Calculator Classic,Office & Stationery,Classmate,13760,4.2,4465,Black,Classmate Calculator Classic in Black. Designed for everyday use with smooth writing and durable. Reliable office & stationery choice with a practical design.,classmate calculator black smooth writing durable office & stationery,33,product_1700.svg
1701,Anker Portable Projector Prime,Electronics,Anker,9357,4.1,4596,Silver,Anker Portable Projector Prime in Silver. Designed for everyday use with noise cancellation and hi-fi audio. Reliable electronics choice with a practical design.,anker portable projector silver noise cancellation hi-fi audio electronics,14,product_1701.svg
1702,Apple Camera Phone X,Mobiles,Apple,56026,4.0,4727,Blue,Apple Camera Phone X in Blue. Designed for everyday use with 5g and fast charging. Reliable mobiles choice with a practical design.,apple camera phone blue 5g fast charging mobiles,31,product_1702.svg
1703,HP Monitor Ultra,Computers & Accessories,HP,130972,3.9,4858,Silver,HP Monitor Ultra in Silver. Designed for everyday use with wireless and backlit. Reliable computers & accessories choice with a practical design.,hp monitor silver wireless backlit computers & accessories,12,product_1703.svg
1704,Levis Slim Fit Jeans Pro,Men's Fashion,Levis,4900,3.8,139,Black,Levis Slim Fit Jeans Pro in Black. Designed for everyday use with slim fit and regular fit. Reliable men's fashion choice with a practical design.,levis slim fit jeans black slim fit regular fit men's fashion,29,product_1704.svg
1705,Mango Jeans Plus,Women's Fashion,Mango,7325,3.7,270,Pink,Mango Jeans Plus in Pink. Designed for everyday use with cotton and regular fit. Reliable women's fashion choice with a practical design.,mango jeans pink cotton regular fit women's fashion,10,product_1705.svg
1706,Crocs Slides Max,Footwear,Crocs,10369,3.6,401,Blue,Crocs Slides Max in Blue. Designed for everyday use with memory foam and cushioned sole. Reliable footwear choice with a practical design.,crocs slides blue memory foam cushioned sole footwear,27,product_1706.svg
1707,The Body Shop Moisturizer Elite,Beauty & Personal Care,The Body Shop,1602,3.5,532,Rose,The Body Shop Moisturizer Elite in Rose. Designed for everyday use with long lasting and long lasting. Reliable beauty & personal care choice with a practical design.,the body shop moisturizer rose long lasting long lasting beauty & personal care,8,product_1707.svg
1708,Borosil Storage Container Classic,Home & Kitchen,Borosil,12087,3.4,663,Blue,Borosil Storage Container Classic in Blue. Designed for everyday use with food grade and dishwasher safe. Reliable home & kitchen choice with a practical design.,borosil storage container blue food grade dishwasher safe home & kitchen,25,product_1708.svg
1709,IFB Water Heater Prime,Home Appliances,IFB,60916,3.3,794,Silver,IFB Water Heater Prime in Silver. Designed for everyday use with inverter and smart control. Reliable home appliances choice with a practical design.,ifb water heater silver inverter smart control home appliances,6,product_1709.svg
1710,IKEA Bookshelf X,Furniture,IKEA,7207,3.2,925,Walnut,IKEA Bookshelf X in Walnut. Designed for everyday use with engineered wood and ergonomic. Reliable furniture choice with a practical design.,ikea bookshelf walnut engineered wood ergonomic furniture,23,product_1710.svg
1711,Nike Fitness Band Ultra,Sports & Fitness,Nike,15446,5.0,1056,Green,Nike Fitness Band Ultra in Green. Designed for everyday use with water resistant and anti-slip. Reliable sports & fitness choice with a practical design.,nike fitness band green water resistant anti-slip sports & fitness,40,product_1711.svg
1712,Penguin Programming Book Pro,Books,Penguin,687,4.9,1187,Red,Penguin Programming Book Pro in Red. Designed for everyday use with latest edition and latest edition. Reliable books choice with a practical design.,penguin programming book red latest edition latest edition books,21,product_1712.svg
1713,LEGO Action Figure Plus,Toys & Games,LEGO,1855,4.8,1318,Multi,LEGO Action Figure Plus in Multi. Designed for everyday use with family game and educational. Reliable toys & games choice with a practical design.,lego action figure multi family game educational toys & games,38,product_1713.svg
1714,Goodyear Bike Helmet Max,Automotive,Goodyear,12432,4.7,1449,Blue,Goodyear Bike Helmet Max in Blue. Designed for everyday use with premium quality and water resistant. Reliable automotive choice with a practical design.,goodyear bike helmet blue premium quality water resistant automotive,19,product_1714.svg
1715,Amul Wheat Flour Elite,Grocery,Amul,440,4.6,1580,Natural,Amul Wheat Flour Elite in Natural. Designed for everyday use with premium quality and no preservatives. Reliable grocery choice with a practical design.,amul wheat flour natural premium quality no preservatives grocery,36,product_1715.svg
1716,Himalaya Digital Weighing Scale Classic,Health & Wellness,Himalaya,6376,4.5,1711,White,Himalaya Digital Weighing Scale Classic in White. Designed for everyday use with premium quality and lab tested. Reliable health & wellness choice with a practical design.,himalaya digital weighing scale white premium quality lab tested health & wellness,17,product_1716.svg
1717,Pedigree Pet Carrier Prime,Pet Supplies,Pedigree,7780,4.4,1842,Red,Pedigree Pet Carrier Prime in Red. Designed for everyday use with comfortable and comfortable. Reliable pet supplies choice with a practical design.,pedigree pet carrier red comfortable comfortable pet supplies,34,product_1717.svg
1718,Kraft Seeds LED Garden Light X,Garden & Outdoors,Kraft Seeds,7059,4.3,1973,White,Kraft Seeds LED Garden Light X in White. Designed for everyday use with lightweight and eco friendly. Reliable garden & outdoors choice with a practical design.,kraft seeds led garden light white lightweight eco friendly garden & outdoors,15,product_1718.svg
1719,Mia Wallet Ultra,Jewellery & Accessories,Mia,15205,4.2,2104,Black,Mia Wallet Ultra in Black. Designed for everyday use with adjustable and scratch resistant. Reliable jewellery & accessories choice with a practical design.,mia wallet black adjustable scratch resistant jewellery & accessories,32,product_1719.svg
1720,Classmate Notebook Pro,Office & Stationery,Classmate,22434,4.1,2235,Black,Classmate Notebook Pro in Black. Designed for everyday use with smooth writing and durable. Reliable office & stationery choice with a practical design.,classmate notebook black smooth writing durable office & stationery,13,product_1720.svg
1721,Marshall Earbuds Plus,Electronics,Marshall,21732,4.0,2366,Silver,Marshall Earbuds Plus in Silver. Designed for everyday use with noise cancellation and fast charging. Reliable electronics choice with a practical design.,marshall earbuds silver noise cancellation fast charging electronics,30,product_1721.svg
1722,Nothing 5G Smartphone Max,Mobiles,Nothing,93405,3.9,2497,Blue,Nothing 5G Smartphone Max in Blue. Designed for everyday use with 5g and amoled display. Reliable mobiles choice with a practical design.,nothing 5g smartphone blue 5g amoled display mobiles,11,product_1722.svg
1723,Logitech Gaming Laptop Elite,Computers & Accessories,Logitech,130351,3.8,2628,Silver,Logitech Gaming Laptop Elite in Silver. Designed for everyday use with wireless and full hd. Reliable computers & accessories choice with a practical design.,logitech gaming laptop silver wireless full hd computers & accessories,28,product_1723.svg
1724,Jack & Jones Chinos Classic,Men's Fashion,Jack & Jones,755,3.7,2759,White,Jack & Jones Chinos Classic in White. Designed for everyday use with slim fit and regular fit. Reliable men's fashion choice with a practical design.,jack & jones chinos white slim fit regular fit men's fashion,9,product_1724.svg
1725,ONLY Co-ord Set Prime,Women's Fashion,ONLY,2286,3.6,2890,White,ONLY Co-ord Set Prime in White. Designed for everyday use with cotton and regular fit. Reliable women's fashion choice with a practical design.,only co-ord set white cotton regular fit women's fashion,26,product_1725.svg
1726,Puma Walking Shoes X,Footwear,Puma,11438,3.5,3021,Blue,Puma Walking Shoes X in Blue. Designed for everyday use with memory foam and cushioned sole. Reliable footwear choice with a practical design.,puma walking shoes blue memory foam cushioned sole footwear,7,product_1726.svg
1727,Maybelline Hair Dryer Ultra,Beauty & Personal Care,Maybelline,3355,3.4,3152,Rose,Maybelline Hair Dryer Ultra in Rose. Designed for everyday use with long lasting and long lasting. Reliable beauty & personal care choice with a practical design.,maybelline hair dryer rose long lasting long lasting beauty & personal care,24,product_1727.svg
1728,Prestige Cookware Set Pro,Home & Kitchen,Prestige,5354,3.3,3283,Blue,Prestige Cookware Set Pro in Blue. Designed for everyday use with food grade and dishwasher safe. Reliable home & kitchen choice with a practical design.,prestige cookware set blue food grade dishwasher safe home & kitchen,5,product_1728.svg
1729,Panasonic Air Purifier Plus,Home Appliances,Panasonic,44294,3.2,3414,Silver,Panasonic Air Purifier Plus in Silver. Designed for everyday use with inverter and smart control. Reliable home appliances choice with a practical design.,panasonic air purifier silver inverter smart control home appliances,22,product_1729.svg
1730,Pepperfry TV Unit Max,Furniture,Pepperfry,21584,5.0,3545,Black,Pepperfry TV Unit Max in Black. Designed for everyday use with engineered wood and ergonomic. Reliable furniture choice with a practical design.,pepperfry tv unit black engineered wood ergonomic furniture,39,product_1730.svg
1731,Cosco Cricket Bat Elite,Sports & Fitness,Cosco,1115,4.9,3676,Green,Cosco Cricket Bat Elite in Green. Designed for everyday use with water resistant and anti-slip. Reliable sports & fitness choice with a practical design.,cosco cricket bat green water resistant anti-slip sports & fitness,20,product_1731.svg
1732,Penguin Business Book Classic,Books,Penguin,2211,4.8,3807,Red,Penguin Business Book Classic in Red. Designed for everyday use with latest edition and latest edition. Reliable books choice with a practical design.,penguin business book red latest edition latest edition books,37,product_1732.svg
1733,LEGO Toy Gun Prime,Toys & Games,LEGO,4219,4.7,3938,Multi,LEGO Toy Gun Prime in Multi. Designed for everyday use with family game and educational. Reliable toys & games choice with a practical design.,lego toy gun multi family game educational toys & games,18,product_1733.svg
1734,Castrol LED Headlight X,Automotive,Castrol,4303,4.6,4069,Blue,Castrol LED Headlight X in Blue. Designed for everyday use with premium quality and water resistant. Reliable automotive choice with a practical design.,castrol led headlight blue premium quality water resistant automotive,35,product_1734.svg
1735,Aashirvaad Biscuits Ultra,Grocery,Aashirvaad,1037,4.5,4200,Natural,Aashirvaad Biscuits Ultra in Natural. Designed for everyday use with premium quality and no preservatives. Reliable grocery choice with a practical design.,aashirvaad biscuits natural premium quality no preservatives grocery,16,product_1735.svg
1736,HealthKart Herbal Tea Pro,Health & Wellness,HealthKart,3932,4.4,4331,White,HealthKart Herbal Tea Pro in White. Designed for everyday use with premium quality and lab tested. Reliable health & wellness choice with a practical design.,healthkart herbal tea white premium quality lab tested health & wellness,33,product_1736.svg
1737,Pedigree Leash Plus,Pet Supplies,Pedigree,2339,4.3,4462,Red,Pedigree Leash Plus in Red. Designed for everyday use with comfortable and comfortable. Reliable pet supplies choice with a practical design.,pedigree leash red comfortable comfortable pet supplies,14,product_1737.svg
1738,IKEA Garden Tool Set Max,Garden & Outdoors,IKEA,568,4.2,4593,White,IKEA Garden Tool Set Max in White. Designed for everyday use with lightweight and eco friendly. Reliable garden & outdoors choice with a practical design.,ikea garden tool set white lightweight eco friendly garden & outdoors,31,product_1738.svg
1739,Mia Smart Watch Elite,Jewellery & Accessories,Mia,2078,4.1,4724,Black,Mia Smart Watch Elite in Black. Designed for everyday use with adjustable and scratch resistant. Reliable jewellery & accessories choice with a practical design.,mia smart watch black adjustable scratch resistant jewellery & accessories,12,product_1739.svg
1740,Classmate Calculator Classic,Office & Stationery,Classmate,6157,4.0,4855,Black,Classmate Calculator Classic in Black. Designed for everyday use with smooth writing and durable. Reliable office & stationery choice with a practical design.,classmate calculator black smooth writing durable office & stationery,29,product_1740.svg
1741,Anker Portable Projector Prime,Electronics,Anker,4906,3.9,136,Silver,Anker Portable Projector Prime in Silver. Designed for everyday use with noise cancellation and bluetooth 5.3. Reliable electronics choice with a practical design.,anker portable projector silver noise cancellation bluetooth 5.3 electronics,10,product_1741.svg
1742,Apple Budget Smartphone X,Mobiles,Apple,9783,3.8,267,Blue,Apple Budget Smartphone X in Blue. Designed for everyday use with 5g and dual sim. Reliable mobiles choice with a practical design.,apple budget smartphone blue 5g dual sim mobiles,27,product_1742.svg
1743,HP Monitor Ultra,Computers & Accessories,HP,129730,3.7,398,Silver,HP Monitor Ultra in Silver. Designed for everyday use with wireless and 16gb ram. Reliable computers & accessories choice with a practical design.,hp monitor silver wireless 16gb ram computers & accessories,8,product_1743.svg
1744,Levis Slim Fit Jeans Pro,Men's Fashion,Levis,3111,3.6,529,Grey,Levis Slim Fit Jeans Pro in Grey. Designed for everyday use with slim fit and regular fit. Reliable men's fashion choice with a practical design.,levis slim fit jeans grey slim fit regular fit men's fashion,25,product_1744.svg
1745,Mango Jeans Plus,Women's Fashion,Mango,5848,3.5,660,Beige,Mango Jeans Plus in Beige. Designed for everyday use with cotton and regular fit. Reliable women's fashion choice with a practical design.,mango jeans beige cotton regular fit women's fashion,6,product_1745.svg
1746,Crocs Slides Max,Footwear,Crocs,12507,3.4,791,Blue,Crocs Slides Max in Blue. Designed for everyday use with memory foam and cushioned sole. Reliable footwear choice with a practical design.,crocs slides blue memory foam cushioned sole footwear,23,product_1746.svg
1747,The Body Shop Moisturizer Elite,Beauty & Personal Care,The Body Shop,5108,3.3,922,Rose,The Body Shop Moisturizer Elite in Rose. Designed for everyday use with long lasting and long lasting. Reliable beauty & personal care choice with a practical design.,the body shop moisturizer rose long lasting long lasting beauty & personal care,40,product_1747.svg
1748,Borosil Storage Container Classic,Home & Kitchen,Borosil,11322,3.2,1053,Blue,Borosil Storage Container Classic in Blue. Designed for everyday use with food grade and dishwasher safe. Reliable home & kitchen choice with a practical design.,borosil storage container blue food grade dishwasher safe home & kitchen,21,product_1748.svg
1749,IFB Water Heater Prime,Home Appliances,IFB,27672,5.0,1184,Silver,IFB Water Heater Prime in Silver. Designed for everyday use with inverter and smart control. Reliable home appliances choice with a practical design.,ifb water heater silver inverter smart control home appliances,38,product_1749.svg
1750,HomeTown Bookshelf X,Furniture,HomeTown,35961,4.9,1315,Grey,HomeTown Bookshelf X in Grey. Designed for everyday use with engineered wood and ergonomic. Reliable furniture choice with a practical design.,hometown bookshelf grey engineered wood ergonomic furniture,19,product_1750.svg
1751,Nike Fitness Band Ultra,Sports & Fitness,Nike,2485,4.8,1446,Green,Nike Fitness Band Ultra in Green. Designed for everyday use with water resistant and anti-slip. Reliable sports & fitness choice with a practical design.,nike fitness band green water resistant anti-slip sports & fitness,36,product_1751.svg
1752,Penguin Programming Book Pro,Books,Penguin,934,4.7,1577,Red,Penguin Programming Book Pro in Red. Designed for everyday use with latest edition and latest edition. Reliable books choice with a practical design.,penguin programming book red latest edition latest edition books,17,product_1752.svg
1753,LEGO Action Figure Plus,Toys & Games,LEGO,6583,4.6,1708,Multi,LEGO Action Figure Plus in Multi. Designed for everyday use with family game and educational. Reliable toys & games choice with a practical design.,lego action figure multi family game educational toys & games,34,product_1753.svg
1754,Goodyear Bike Helmet Max,Automotive,Goodyear,14675,4.5,1839,Blue,Goodyear Bike Helmet Max in Blue. Designed for everyday use with premium quality and water resistant. Reliable automotive choice with a practical design.,goodyear bike helmet blue premium quality water resistant automotive,15,product_1754.svg
1755,Amul Wheat Flour Elite,Grocery,Amul,1634,4.4,1970,Natural,Amul Wheat Flour Elite in Natural. Designed for everyday use with premium quality and no preservatives. Reliable grocery choice with a practical design.,amul wheat flour natural premium quality no preservatives grocery,32,product_1755.svg
1756,Patanjali Massage Gun Classic,Health & Wellness,Patanjali,1488,4.3,2101,White,Patanjali Massage Gun Classic in White. Designed for everyday use with premium quality and lab tested. Reliable health & wellness choice with a practical design.,patanjali massage gun white premium quality lab tested health & wellness,13,product_1756.svg
1757,Pedigree Pet Carrier Prime,Pet Supplies,Pedigree,4699,4.2,2232,Red,Pedigree Pet Carrier Prime in Red. Designed for everyday use with comfortable and comfortable. Reliable pet supplies choice with a practical design.,pedigree pet carrier red comfortable comfortable pet supplies,30,product_1757.svg
1758,Ugaoo Outdoor Chair X,Garden & Outdoors,Ugaoo,1928,4.1,2363,White,Ugaoo Outdoor Chair X in White. Designed for everyday use with lightweight and eco friendly. Reliable garden & outdoors choice with a practical design.,ugaoo outdoor chair white lightweight eco friendly garden & outdoors,11,product_1758.svg
1759,Mia Wallet Ultra,Jewellery & Accessories,Mia,13452,4.0,2494,Black,Mia Wallet Ultra in Black. Designed for everyday use with adjustable and scratch resistant. Reliable jewellery & accessories choice with a practical design.,mia wallet black adjustable scratch resistant jewellery & accessories,28,product_1759.svg
1760,Classmate Notebook Pro,Office & Stationery,Classmate,14831,3.9,2625,Black,Classmate Notebook Pro in Black. Designed for everyday use with smooth writing and durable. Reliable office & stationery choice with a practical design.,classmate notebook black smooth writing durable office & stationery,9,product_1760.svg
1761,Marshall Earbuds Plus,Electronics,Marshall,17281,3.8,2756,Silver,Marshall Earbuds Plus in Silver. Designed for everyday use with noise cancellation and hi-fi audio. Reliable electronics choice with a practical design.,marshall earbuds silver noise cancellation hi-fi audio electronics,26,product_1761.svg
1762,Nothing Camera Phone Max,Mobiles,Nothing,47162,3.7,2887,Blue,Nothing Camera Phone Max in Blue. Designed for everyday use with 5g and fast charging. Reliable mobiles choice with a practical design.,nothing camera phone blue 5g fast charging mobiles,7,product_1762.svg
1763,Logitech Gaming Laptop Elite,Computers & Accessories,Logitech,129109,3.6,3018,Silver,Logitech Gaming Laptop Elite in Silver. Designed for everyday use with wireless and backlit. Reliable computers & accessories choice with a practical design.,logitech gaming laptop silver wireless backlit computers & accessories,24,product_1763.svg
1764,Jack & Jones Chinos Classic,Men's Fashion,Jack & Jones,5467,3.5,3149,Black,Jack & Jones Chinos Classic in Black. Designed for everyday use with slim fit and regular fit. Reliable men's fashion choice with a practical design.,jack & jones chinos black slim fit regular fit men's fashion,5,product_1764.svg
1765,ONLY Co-ord Set Prime,Women's Fashion,ONLY,809,3.4,3280,Pink,ONLY Co-ord Set Prime in Pink. Designed for everyday use with cotton and regular fit. Reliable women's fashion choice with a practical design.,only co-ord set pink cotton regular fit women's fashion,22,product_1765.svg
1766,Puma Walking Shoes X,Footwear,Puma,13576,3.3,3411,Blue,Puma Walking Shoes X in Blue. Designed for everyday use with memory foam and cushioned sole. Reliable footwear choice with a practical design.,puma walking shoes blue memory foam cushioned sole footwear,39,product_1766.svg
1767,Maybelline Hair Dryer Ultra,Beauty & Personal Care,Maybelline,1060,3.2,3542,Rose,Maybelline Hair Dryer Ultra in Rose. Designed for everyday use with long lasting and long lasting. Reliable beauty & personal care choice with a practical design.,maybelline hair dryer rose long lasting long lasting beauty & personal care,20,product_1767.svg
1768,Prestige Cookware Set Pro,Home & Kitchen,Prestige,4589,5.0,3673,Blue,Prestige Cookware Set Pro in Blue. Designed for everyday use with food grade and dishwasher safe. Reliable home & kitchen choice with a practical design.,prestige cookware set blue food grade dishwasher safe home & kitchen,37,product_1768.svg
1769,Panasonic Air Purifier Plus,Home Appliances,Panasonic,11050,4.9,3804,Silver,Panasonic Air Purifier Plus in Silver. Designed for everyday use with inverter and smart control. Reliable home appliances choice with a practical design.,panasonic air purifier silver inverter smart control home appliances,18,product_1769.svg
1770,IKEA TV Unit Max,Furniture,IKEA,2337,4.8,3935,Walnut,IKEA TV Unit Max in Walnut. Designed for everyday use with engineered wood and ergonomic. Reliable furniture choice with a practical design.,ikea tv unit walnut engineered wood ergonomic furniture,35,product_1770.svg
1771,Cosco Cricket Bat Elite,Sports & Fitness,Cosco,3855,4.7,4066,Green,Cosco Cricket Bat Elite in Green. Designed for everyday use with water resistant and anti-slip. Reliable sports & fitness choice with a practical design.,cosco cricket bat green water resistant anti-slip sports & fitness,16,product_1771.svg
1772,Penguin Business Book Classic,Books,Penguin,2458,4.6,4197,Red,Penguin Business Book Classic in Red. Designed for everyday use with latest edition and latest edition. Reliable books choice with a practical design.,penguin business book red latest edition latest edition books,33,product_1772.svg
1773,LEGO Toy Gun Prime,Toys & Games,LEGO,8947,4.5,4328,Multi,LEGO Toy Gun Prime in Multi. Designed for everyday use with family game and educational. Reliable toys & games choice with a practical design.,lego toy gun multi family game educational toys & games,14,product_1773.svg
1774,Castrol LED Headlight X,Automotive,Castrol,6546,4.4,4459,Blue,Castrol LED Headlight X in Blue. Designed for everyday use with premium quality and water resistant. Reliable automotive choice with a practical design.,castrol led headlight blue premium quality water resistant automotive,31,product_1774.svg
1775,Aashirvaad Biscuits Ultra,Grocery,Aashirvaad,330,4.3,4590,Natural,Aashirvaad Biscuits Ultra in Natural. Designed for everyday use with premium quality and no preservatives. Reliable grocery choice with a practical design.,aashirvaad biscuits natural premium quality no preservatives grocery,12,product_1775.svg
1776,Himalaya Foam Roller Pro,Health & Wellness,Himalaya,5745,4.2,4721,White,Himalaya Foam Roller Pro in White. Designed for everyday use with premium quality and lab tested. Reliable health & wellness choice with a practical design.,himalaya foam roller white premium quality lab tested health & wellness,29,product_1776.svg
1777,Pedigree Leash Plus,Pet Supplies,Pedigree,7059,4.1,4852,Red,Pedigree Leash Plus in Red. Designed for everyday use with comfortable and comfortable. Reliable pet supplies choice with a practical design.,pedigree leash red comfortable comfortable pet supplies,10,product_1777.svg
1778,Kraft Seeds Planter Max,Garden & Outdoors,Kraft Seeds,3288,4.0,133,White,Kraft Seeds Planter Max in White. Designed for everyday use with lightweight and eco friendly. Reliable garden & outdoors choice with a practical design.,kraft seeds planter white lightweight eco friendly garden & outdoors,27,product_1778.svg
1779,Mia Smart Watch Elite,Jewellery & Accessories,Mia,24826,3.9,264,Black,Mia Smart Watch Elite in Black. Designed for everyday use with adjustable and scratch resistant. Reliable jewellery & accessories choice with a practical design.,mia smart watch black adjustable scratch resistant jewellery & accessories,8,product_1779.svg
1780,Classmate Calculator Classic,Office & Stationery,Classmate,23505,3.8,395,Black,Classmate Calculator Classic in Black. Designed for everyday use with smooth writing and durable. Reliable office & stationery choice with a practical design.,classmate calculator black smooth writing durable office & stationery,25,product_1780.svg
1781,Anker Portable Projector Prime,Electronics,Anker,29656,3.7,526,Silver,Anker Portable Projector Prime in Silver. Designed for everyday use with noise cancellation and fast charging. Reliable electronics choice with a practical design.,anker portable projector silver noise cancellation fast charging electronics,6,product_1781.svg
1782,Apple 5G Smartphone X,Mobiles,Apple,84541,3.6,657,Blue,Apple 5G Smartphone X in Blue. Designed for everyday use with 5g and amoled display. Reliable mobiles choice with a practical design.,apple 5g smartphone blue 5g amoled display mobiles,23,product_1782.svg
1783,HP Monitor Ultra,Computers & Accessories,HP,128488,3.5,788,Silver,HP Monitor Ultra in Silver. Designed for everyday use with wireless and full hd. Reliable computers & accessories choice with a practical design.,hp monitor silver wireless full hd computers & accessories,40,product_1783.svg
1784,Levis Slim Fit Jeans Pro,Men's Fashion,Levis,1322,3.4,919,White,Levis Slim Fit Jeans Pro in White. Designed for everyday use with slim fit and regular fit. Reliable men's fashion choice with a practical design.,levis slim fit jeans white slim fit regular fit men's fashion,21,product_1784.svg
1785,Mango Jeans Plus,Women's Fashion,Mango,4371,3.3,1050,White,Mango Jeans Plus in White. Designed for everyday use with cotton and regular fit. Reliable women's fashion choice with a practical design.,mango jeans white cotton regular fit women's fashion,38,product_1785.svg
1786,Crocs Slides Max,Footwear,Crocs,14645,3.2,1181,Blue,Crocs Slides Max in Blue. Designed for everyday use with memory foam and cushioned sole. Reliable footwear choice with a practical design.,crocs slides blue memory foam cushioned sole footwear,19,product_1786.svg
1787,The Body Shop Moisturizer Elite,Beauty & Personal Care,The Body Shop,2813,5.0,1312,Rose,The Body Shop Moisturizer Elite in Rose. Designed for everyday use with long lasting and long lasting. Reliable beauty & personal care choice with a practical design.,the body shop moisturizer rose long lasting long lasting beauty & personal care,36,product_1787.svg
1788,Borosil Storage Container Classic,Home & Kitchen,Borosil,10557,4.9,1443,Blue,Borosil Storage Container Classic in Blue. Designed for everyday use with food grade and dishwasher safe. Reliable home & kitchen choice with a practical design.,borosil storage container blue food grade dishwasher safe home & kitchen,17,product_1788.svg
1789,IFB Water Heater Prime,Home Appliances,IFB,81929,4.8,1574,Silver,IFB Water Heater Prime in Silver. Designed for everyday use with inverter and smart control. Reliable home appliances choice with a practical design.,ifb water heater silver inverter smart control home appliances,34,product_1789.svg
1790,Pepperfry Bookshelf X,Furniture,Pepperfry,16714,4.7,1705,Black,Pepperfry Bookshelf X in Black. Designed for everyday use with engineered wood and ergonomic. Reliable furniture choice with a practical design.,pepperfry bookshelf black engineered wood ergonomic furniture,15,product_1790.svg
1791,Nike Fitness Band Ultra,Sports & Fitness,Nike,5225,4.6,1836,Green,Nike Fitness Band Ultra in Green. Designed for everyday use with water resistant and anti-slip. Reliable sports & fitness choice with a practical design.,nike fitness band green water resistant anti-slip sports & fitness,32,product_1791.svg
1792,Penguin Programming Book Pro,Books,Penguin,1181,4.5,1967,Red,Penguin Programming Book Pro in Red. Designed for everyday use with latest edition and latest edition. Reliable books choice with a practical design.,penguin programming book red latest edition latest edition books,13,product_1792.svg
1793,LEGO Action Figure Plus,Toys & Games,LEGO,1560,4.4,2098,Multi,LEGO Action Figure Plus in Multi. Designed for everyday use with family game and educational. Reliable toys & games choice with a practical design.,lego action figure multi family game educational toys & games,30,product_1793.svg
1794,Goodyear Bike Helmet Max,Automotive,Goodyear,16918,4.3,2229,Blue,Goodyear Bike Helmet Max in Blue. Designed for everyday use with premium quality and water resistant. Reliable automotive choice with a practical design.,goodyear bike helmet blue premium quality water resistant automotive,11,product_1794.svg
1795,Amul Wheat Flour Elite,Grocery,Amul,927,4.2,2360,Natural,Amul Wheat Flour Elite in Natural. Designed for everyday use with premium quality and no preservatives. Reliable grocery choice with a practical design.,amul wheat flour natural premium quality no preservatives grocery,28,product_1795.svg
1796,HealthKart Vitamin Pack Classic,Health & Wellness,HealthKart,3301,4.1,2491,White,HealthKart Vitamin Pack Classic in White. Designed for everyday use with premium quality and lab tested. Reliable health & wellness choice with a practical design.,healthkart vitamin pack white premium quality lab tested health & wellness,9,product_1796.svg
1797,Pedigree Pet Carrier Prime,Pet Supplies,Pedigree,1618,4.0,2622,Red,Pedigree Pet Carrier Prime in Red. Designed for everyday use with comfortable and comfortable. Reliable pet supplies choice with a practical design.,pedigree pet carrier red comfortable comfortable pet supplies,26,product_1797.svg
1798,IKEA Watering Can X,Garden & Outdoors,IKEA,4648,3.9,2753,White,IKEA Watering Can X in White. Designed for everyday use with lightweight and eco friendly. Reliable garden & outdoors choice with a practical design.,ikea watering can white lightweight eco friendly garden & outdoors,7,product_1798.svg
1799,Mia Wallet Ultra,Jewellery & Accessories,Mia,11699,3.8,2884,Black,Mia Wallet Ultra in Black. Designed for everyday use with adjustable and scratch resistant. Reliable jewellery & accessories choice with a practical design.,mia wallet black adjustable scratch resistant jewellery & accessories,24,product_1799.svg
1800,Classmate Notebook Pro,Office & Stationery,Classmate,7228,3.7,3015,Black,Classmate Notebook Pro in Black. Designed for everyday use with smooth writing and durable. Reliable office & stationery choice with a practical design.,classmate notebook black smooth writing durable office & stationery,5,product_1800.svg
1801,Marshall Earbuds Plus,Electronics,Marshall,12830,3.6,3146,Silver,Marshall Earbuds Plus in Silver. Designed for everyday use with noise cancellation and bluetooth 5.3. Reliable electronics choice with a practical design.,marshall earbuds silver noise cancellation bluetooth 5.3 electronics,22,product_1801.svg
1802,Nothing Budget Smartphone Max,Mobiles,Nothing,121920,3.5,3277,Blue,Nothing Budget Smartphone Max in Blue. Designed for everyday use with 5g and dual sim. Reliable mobiles choice with a practical design.,nothing budget smartphone blue 5g dual sim mobiles,39,product_1802.svg
1803,Logitech Gaming Laptop Elite,Computers & Accessories,Logitech,127867,3.4,3408,Silver,Logitech Gaming Laptop Elite in Silver. Designed for everyday use with wireless and 16gb ram. Reliable computers & accessories choice with a practical design.,logitech gaming laptop silver wireless 16gb ram computers & accessories,20,product_1803.svg
1804,Jack & Jones Chinos Classic,Men's Fashion,Jack & Jones,3678,3.3,3539,Grey,Jack & Jones Chinos Classic in Grey. Designed for everyday use with slim fit and regular fit. Reliable men's fashion choice with a practical design.,jack & jones chinos grey slim fit regular fit men's fashion,37,product_1804.svg
1805,ONLY Co-ord Set Prime,Women's Fashion,ONLY,7933,3.2,3670,Beige,ONLY Co-ord Set Prime in Beige. Designed for everyday use with cotton and regular fit. Reliable women's fashion choice with a practical design.,only co-ord set beige cotton regular fit women's fashion,18,product_1805.svg
1806,Puma Walking Shoes X,Footwear,Puma,1413,5.0,3801,Blue,Puma Walking Shoes X in Blue. Designed for everyday use with memory foam and cushioned sole. Reliable footwear choice with a practical design.,puma walking shoes blue memory foam cushioned sole footwear,35,product_1806.svg
1807,Maybelline Hair Dryer Ultra,Beauty & Personal Care,Maybelline,4566,4.9,3932,Rose,Maybelline Hair Dryer Ultra in Rose. Designed for everyday use with long lasting and long lasting. Reliable beauty & personal care choice with a practical design.,maybelline hair dryer rose long lasting long lasting beauty & personal care,16,product_1807.svg
1808,Prestige Cookware Set Pro,Home & Kitchen,Prestige,3824,4.8,4063,Blue,Prestige Cookware Set Pro in Blue. Designed for everyday use with food grade and dishwasher safe. Reliable home & kitchen choice with a practical design.,prestige cookware set blue food grade dishwasher safe home & kitchen,33,product_1808.svg
1809,Panasonic Air Purifier Plus,Home Appliances,Panasonic,65307,4.7,4194,Silver,Panasonic Air Purifier Plus in Silver. Designed for everyday use with inverter and smart control. Reliable home appliances choice with a practical design.,panasonic air purifier silver inverter smart control home appliances,14,product_1809.svg
1810,HomeTown TV Unit Max,Furniture,HomeTown,31091,4.6,4325,Grey,HomeTown TV Unit Max in Grey. Designed for everyday use with engineered wood and ergonomic. Reliable furniture choice with a practical design.,hometown tv unit grey engineered wood ergonomic furniture,31,product_1810.svg
1811,Cosco Cricket Bat Elite,Sports & Fitness,Cosco,6595,4.5,4456,Green,Cosco Cricket Bat Elite in Green. Designed for everyday use with water resistant and anti-slip. Reliable sports & fitness choice with a practical design.,cosco cricket bat green water resistant anti-slip sports & fitness,12,product_1811.svg
1812,Penguin Business Book Classic,Books,Penguin,2705,4.4,4587,Red,Penguin Business Book Classic in Red. Designed for everyday use with latest edition and latest edition. Reliable books choice with a practical design.,penguin business book red latest edition latest edition books,29,product_1812.svg
1813,LEGO Toy Gun Prime,Toys & Games,LEGO,3924,4.3,4718,Multi,LEGO Toy Gun Prime in Multi. Designed for everyday use with family game and educational. Reliable toys & games choice with a practical design.,lego toy gun multi family game educational toys & games,10,product_1813.svg
1814,Castrol LED Headlight X,Automotive,Castrol,8789,4.2,4849,Blue,Castrol LED Headlight X in Blue. Designed for everyday use with premium quality and water resistant. Reliable automotive choice with a practical design.,castrol led headlight blue premium quality water resistant automotive,27,product_1814.svg
1815,Aashirvaad Biscuits Ultra,Grocery,Aashirvaad,1524,4.1,130,Natural,Aashirvaad Biscuits Ultra in Natural. Designed for everyday use with premium quality and no preservatives. Reliable grocery choice with a practical design.,aashirvaad biscuits natural premium quality no preservatives grocery,8,product_1815.svg
1816,Patanjali First Aid Kit Pro,Health & Wellness,Patanjali,857,4.0,261,White,Patanjali First Aid Kit Pro in White. Designed for everyday use with premium quality and lab tested. Reliable health & wellness choice with a practical design.,patanjali first aid kit white premium quality lab tested health & wellness,25,product_1816.svg
1817,Pedigree Leash Plus,Pet Supplies,Pedigree,3978,3.9,392,Red,Pedigree Leash Plus in Red. Designed for everyday use with comfortable and comfortable. Reliable pet supplies choice with a practical design.,pedigree leash red comfortable comfortable pet supplies,6,product_1817.svg
1818,Ugaoo Pruning Shears Max,Garden & Outdoors,Ugaoo,6008,3.8,523,White,Ugaoo Pruning Shears Max in White. Designed for everyday use with lightweight and eco friendly. Reliable garden & outdoors choice with a practical design.,ugaoo pruning shears white lightweight eco friendly garden & outdoors,23,product_1818.svg
1819,Mia Smart Watch Elite,Jewellery & Accessories,Mia,23073,3.7,654,Black,Mia Smart Watch Elite in Black. Designed for everyday use with adjustable and scratch resistant. Reliable jewellery & accessories choice with a practical design.,mia smart watch black adjustable scratch resistant jewellery & accessories,40,product_1819.svg
1820,Classmate Calculator Classic,Office & Stationery,Classmate,15902,3.6,785,Black,Classmate Calculator Classic in Black. Designed for everyday use with smooth writing and durable. Reliable office & stationery choice with a practical design.,classmate calculator black smooth writing durable office & stationery,21,product_1820.svg
1821,Anker Portable Projector Prime,Electronics,Anker,25205,3.5,916,Silver,Anker Portable Projector Prime in Silver. Designed for everyday use with noise cancellation and hi-fi audio. Reliable electronics choice with a practical design.,anker portable projector silver noise cancellation hi-fi audio electronics,38,product_1821.svg
1822,Apple Camera Phone X,Mobiles,Apple,38298,3.4,1047,Blue,Apple Camera Phone X in Blue. Designed for everyday use with 5g and fast charging. Reliable mobiles choice with a practical design.,apple camera phone blue 5g fast charging mobiles,19,product_1822.svg
1823,HP Monitor Ultra,Computers & Accessories,HP,127246,3.3,1178,Silver,HP Monitor Ultra in Silver. Designed for everyday use with wireless and backlit. Reliable computers & accessories choice with a practical design.,hp monitor silver wireless backlit computers & accessories,36,product_1823.svg
1824,Levis Slim Fit Jeans Pro,Men's Fashion,Levis,6034,3.2,1309,Black,Levis Slim Fit Jeans Pro in Black. Designed for everyday use with slim fit and regular fit. Reliable men's fashion choice with a practical design.,levis slim fit jeans black slim fit regular fit men's fashion,17,product_1824.svg
1825,Mango Jeans Plus,Women's Fashion,Mango,2894,5.0,1440,Pink,Mango Jeans Plus in Pink. Designed for everyday use with cotton and regular fit. Reliable women's fashion choice with a practical design.,mango jeans pink cotton regular fit women's fashion,34,product_1825.svg
1826,Crocs Slides Max,Footwear,Crocs,2482,4.9,1571,Blue,Crocs Slides Max in Blue. Designed for everyday use with memory foam and cushioned sole. Reliable footwear choice with a practical design.,crocs slides blue memory foam cushioned sole footwear,15,product_1826.svg
1827,The Body Shop Moisturizer Elite,Beauty & Personal Care,The Body Shop,518,4.8,1702,Rose,The Body Shop Moisturizer Elite in Rose. Designed for everyday use with long lasting and long lasting. Reliable beauty & personal care choice with a practical design.,the body shop moisturizer rose long lasting long lasting beauty & personal care,32,product_1827.svg
1828,Borosil Storage Container Classic,Home & Kitchen,Borosil,9792,4.7,1833,Blue,Borosil Storage Container Classic in Blue. Designed for everyday use with food grade and dishwasher safe. Reliable home & kitchen choice with a practical design.,borosil storage container blue food grade dishwasher safe home & kitchen,13,product_1828.svg
1829,IFB Water Heater Prime,Home Appliances,IFB,48685,4.6,1964,Silver,IFB Water Heater Prime in Silver. Designed for everyday use with inverter and smart control. Reliable home appliances choice with a practical design.,ifb water heater silver inverter smart control home appliances,30,product_1829.svg
1830,IKEA Bookshelf X,Furniture,IKEA,45468,4.5,2095,Walnut,IKEA Bookshelf X in Walnut. Designed for everyday use with engineered wood and ergonomic. Reliable furniture choice with a practical design.,ikea bookshelf walnut engineered wood ergonomic furniture,11,product_1830.svg
1831,Nike Fitness Band Ultra,Sports & Fitness,Nike,7965,4.4,2226,Green,Nike Fitness Band Ultra in Green. Designed for everyday use with water resistant and anti-slip. Reliable sports & fitness choice with a practical design.,nike fitness band green water resistant anti-slip sports & fitness,28,product_1831.svg
1832,Penguin Programming Book Pro,Books,Penguin,1428,4.3,2357,Red,Penguin Programming Book Pro in Red. Designed for everyday use with latest edition and latest edition. Reliable books choice with a practical design.,penguin programming book red latest edition latest edition books,9,product_1832.svg
1833,LEGO Action Figure Plus,Toys & Games,LEGO,6288,4.2,2488,Multi,LEGO Action Figure Plus in Multi. Designed for everyday use with family game and educational. Reliable toys & games choice with a practical design.,lego action figure multi family game educational toys & games,26,product_1833.svg
1834,Goodyear Bike Helmet Max,Automotive,Goodyear,660,4.1,2619,Blue,Goodyear Bike Helmet Max in Blue. Designed for everyday use with premium quality and water resistant. Reliable automotive choice with a practical design.,goodyear bike helmet blue premium quality water resistant automotive,7,product_1834.svg
1835,Amul Wheat Flour Elite,Grocery,Amul,220,4.0,2750,Natural,Amul Wheat Flour Elite in Natural. Designed for everyday use with premium quality and no preservatives. Reliable grocery choice with a practical design.,amul wheat flour natural premium quality no preservatives grocery,24,product_1835.svg
1836,Himalaya Protein Powder Classic,Health & Wellness,Himalaya,5114,3.9,2881,White,Himalaya Protein Powder Classic in White. Designed for everyday use with premium quality and lab tested. Reliable health & wellness choice with a practical design.,himalaya protein powder white premium quality lab tested health & wellness,5,product_1836.svg
1837,Pedigree Pet Carrier Prime,Pet Supplies,Pedigree,6338,3.8,3012,Red,Pedigree Pet Carrier Prime in Red. Designed for everyday use with comfortable and comfortable. Reliable pet supplies choice with a practical design.,pedigree pet carrier red comfortable comfortable pet supplies,22,product_1837.svg
1838,Kraft Seeds Plant Seeds X,Garden & Outdoors,Kraft Seeds,7368,3.7,3143,White,Kraft Seeds Plant Seeds X in White. Designed for everyday use with lightweight and eco friendly. Reliable garden & outdoors choice with a practical design.,kraft seeds plant seeds white lightweight eco friendly garden & outdoors,39,product_1838.svg
1839,Mia Wallet Ultra,Jewellery & Accessories,Mia,9946,3.6,3274,Black,Mia Wallet Ultra in Black. Designed for everyday use with adjustable and scratch resistant. Reliable jewellery & accessories choice with a practical design.,mia wallet black adjustable scratch resistant jewellery & accessories,20,product_1839.svg
1840,Classmate Notebook Pro,Office & Stationery,Classmate,24576,3.5,3405,Black,Classmate Notebook Pro in Black. Designed for everyday use with smooth writing and durable. Reliable office & stationery choice with a practical design.,classmate notebook black smooth writing durable office & stationery,37,product_1840.svg
1841,Marshall Earbuds Plus,Electronics,Marshall,8379,3.4,3536,Silver,Marshall Earbuds Plus in Silver. Designed for everyday use with noise cancellation and fast charging. Reliable electronics choice with a practical design.,marshall earbuds silver noise cancellation fast charging electronics,18,product_1841.svg
1842,Nothing 5G Smartphone Max,Mobiles,Nothing,75677,3.3,3667,Blue,Nothing 5G Smartphone Max in Blue. Designed for everyday use with 5g and amoled display. Reliable mobiles choice with a practical design.,nothing 5g smartphone blue 5g amoled display mobiles,35,product_1842.svg
1843,Logitech Gaming Laptop Elite,Computers & Accessories,Logitech,126625,3.2,3798,Silver,Logitech Gaming Laptop Elite in Silver. Designed for everyday use with wireless and full hd. Reliable computers & accessories choice with a practical design.,logitech gaming laptop silver wireless full hd computers & accessories,16,product_1843.svg
1844,Jack & Jones Chinos Classic,Men's Fashion,Jack & Jones,1889,5.0,3929,White,Jack & Jones Chinos Classic in White. Designed for everyday use with slim fit and regular fit. Reliable men's fashion choice with a practical design.,jack & jones chinos white slim fit regular fit men's fashion,33,product_1844.svg
1845,ONLY Co-ord Set Prime,Women's Fashion,ONLY,6456,4.9,4060,White,ONLY Co-ord Set Prime in White. Designed for everyday use with cotton and regular fit. Reliable women's fashion choice with a practical design.,only co-ord set white cotton regular fit women's fashion,14,product_1845.svg
1846,Puma Walking Shoes X,Footwear,Puma,3551,4.8,4191,Blue,Puma Walking Shoes X in Blue. Designed for everyday use with memory foam and cushioned sole. Reliable footwear choice with a practical design.,puma walking shoes blue memory foam cushioned sole footwear,31,product_1846.svg
1847,Maybelline Hair Dryer Ultra,Beauty & Personal Care,Maybelline,2271,4.7,4322,Rose,Maybelline Hair Dryer Ultra in Rose. Designed for everyday use with long lasting and long lasting. Reliable beauty & personal care choice with a practical design.,maybelline hair dryer rose long lasting long lasting beauty & personal care,12,product_1847.svg
1848,Prestige Cookware Set Pro,Home & Kitchen,Prestige,3059,4.6,4453,Blue,Prestige Cookware Set Pro in Blue. Designed for everyday use with food grade and dishwasher safe. Reliable home & kitchen choice with a practical design.,prestige cookware set blue food grade dishwasher safe home & kitchen,29,product_1848.svg
1849,Panasonic Air Purifier Plus,Home Appliances,Panasonic,32063,4.5,4584,Silver,Panasonic Air Purifier Plus in Silver. Designed for everyday use with inverter and smart control. Reliable home appliances choice with a practical design.,panasonic air purifier silver inverter smart control home appliances,10,product_1849.svg
1850,Pepperfry TV Unit Max,Furniture,Pepperfry,11844,4.4,4715,Black,Pepperfry TV Unit Max in Black. Designed for everyday use with engineered wood and ergonomic. Reliable furniture choice with a practical design.,pepperfry tv unit black engineered wood ergonomic furniture,27,product_1850.svg
1851,Cosco Cricket Bat Elite,Sports & Fitness,Cosco,9335,4.3,4846,Green,Cosco Cricket Bat Elite in Green. Designed for everyday use with water resistant and anti-slip. Reliable sports & fitness choice with a practical design.,cosco cricket bat green water resistant anti-slip sports & fitness,8,product_1851.svg
1852,Penguin Business Book Classic,Books,Penguin,2952,4.2,127,Red,Penguin Business Book Classic in Red. Designed for everyday use with latest edition and latest edition. Reliable books choice with a practical design.,penguin business book red latest edition latest edition books,25,product_1852.svg
1853,LEGO Toy Gun Prime,Toys & Games,LEGO,8652,4.1,258,Multi,LEGO Toy Gun Prime in Multi. Designed for everyday use with family game and educational. Reliable toys & games choice with a practical design.,lego toy gun multi family game educational toys & games,6,product_1853.svg
1854,Castrol LED Headlight X,Automotive,Castrol,11032,4.0,389,Blue,Castrol LED Headlight X in Blue. Designed for everyday use with premium quality and water resistant. Reliable automotive choice with a practical design.,castrol led headlight blue premium quality water resistant automotive,23,product_1854.svg
1855,Aashirvaad Biscuits Ultra,Grocery,Aashirvaad,817,3.9,520,Natural,Aashirvaad Biscuits Ultra in Natural. Designed for everyday use with premium quality and no preservatives. Reliable grocery choice with a practical design.,aashirvaad biscuits natural premium quality no preservatives grocery,40,product_1855.svg
1856,HealthKart Digital Weighing Scale Pro,Health & Wellness,HealthKart,2670,3.8,651,White,HealthKart Digital Weighing Scale Pro in White. Designed for everyday use with premium quality and lab tested. Reliable health & wellness choice with a practical design.,healthkart digital weighing scale white premium quality lab tested health & wellness,21,product_1856.svg
1857,Pedigree Leash Plus,Pet Supplies,Pedigree,897,3.7,782,Red,Pedigree Leash Plus in Red. Designed for everyday use with comfortable and comfortable. Reliable pet supplies choice with a practical design.,pedigree leash red comfortable comfortable pet supplies,38,product_1857.svg
1858,IKEA LED Garden Light Max,Garden & Outdoors,IKEA,877,3.6,913,White,IKEA LED Garden Light Max in White. Designed for everyday use with lightweight and eco friendly. Reliable garden & outdoors choice with a practical design.,ikea led garden light white lightweight eco friendly garden & outdoors,19,product_1858.svg
1859,Mia Smart Watch Elite,Jewellery & Accessories,Mia,21320,3.5,1044,Black,Mia Smart Watch Elite in Black. Designed for everyday use with adjustable and scratch resistant. Reliable jewellery & accessories choice with a practical design.,mia smart watch black adjustable scratch resistant jewellery & accessories,36,product_1859.svg
1860,Classmate Calculator Classic,Office & Stationery,Classmate,8299,3.4,1175,Black,Classmate Calculator Classic in Black. Designed for everyday use with smooth writing and durable. Reliable office & stationery choice with a practical design.,classmate calculator black smooth writing durable office & stationery,17,product_1860.svg
1861,Anker Portable Projector Prime,Electronics,Anker,20754,3.3,1306,Silver,Anker Portable Projector Prime in Silver. Designed for everyday use with noise cancellation and bluetooth 5.3. Reliable electronics choice with a practical design.,anker portable projector silver noise cancellation bluetooth 5.3 electronics,34,product_1861.svg
1862,Apple Budget Smartphone X,Mobiles,Apple,113056,3.2,1437,Blue,Apple Budget Smartphone X in Blue. Designed for everyday use with 5g and dual sim. Reliable mobiles choice with a practical design.,apple budget smartphone blue 5g dual sim mobiles,15,product_1862.svg
1863,HP Monitor Ultra,Computers & Accessories,HP,126004,5.0,1568,Silver,HP Monitor Ultra in Silver. Designed for everyday use with wireless and 16gb ram. Reliable computers & accessories choice with a practical design.,hp monitor silver wireless 16gb ram computers & accessories,32,product_1863.svg
1864,Levis Slim Fit Jeans Pro,Men's Fashion,Levis,4245,4.9,1699,Grey,Levis Slim Fit Jeans Pro in Grey. Designed for everyday use with slim fit and regular fit. Reliable men's fashion choice with a practical design.,levis slim fit jeans grey slim fit regular fit men's fashion,13,product_1864.svg
1865,Mango Jeans Plus,Women's Fashion,Mango,1417,4.8,1830,Beige,Mango Jeans Plus in Beige. Designed for everyday use with cotton and regular fit. Reliable women's fashion choice with a practical design.,mango jeans beige cotton regular fit women's fashion,30,product_1865.svg
1866,Crocs Slides Max,Footwear,Crocs,4620,4.7,1961,Blue,Crocs Slides Max in Blue. Designed for everyday use with memory foam and cushioned sole. Reliable footwear choice with a practical design.,crocs slides blue memory foam cushioned sole footwear,11,product_1866.svg
1867,The Body Shop Moisturizer Elite,Beauty & Personal Care,The Body Shop,4024,4.6,2092,Rose,The Body Shop Moisturizer Elite in Rose. Designed for everyday use with long lasting and long lasting. Reliable beauty & personal care choice with a practical design.,the body shop moisturizer rose long lasting long lasting beauty & personal care,28,product_1867.svg
1868,Borosil Storage Container Classic,Home & Kitchen,Borosil,9027,4.5,2223,Blue,Borosil Storage Container Classic in Blue. Designed for everyday use with food grade and dishwasher safe. Reliable home & kitchen choice with a practical design.,borosil storage container blue food grade dishwasher safe home & kitchen,9,product_1868.svg
1869,IFB Water Heater Prime,Home Appliances,IFB,15441,4.4,2354,Silver,IFB Water Heater Prime in Silver. Designed for everyday use with inverter and smart control. Reliable home appliances choice with a practical design.,ifb water heater silver inverter smart control home appliances,26,product_1869.svg
1870,HomeTown Bookshelf X,Furniture,HomeTown,26221,4.3,2485,Grey,HomeTown Bookshelf X in Grey. Designed for everyday use with engineered wood and ergonomic. Reliable furniture choice with a practical design.,hometown bookshelf grey engineered wood ergonomic furniture,7,product_1870.svg
1871,Nike Fitness Band Ultra,Sports & Fitness,Nike,10705,4.2,2616,Green,Nike Fitness Band Ultra in Green. Designed for everyday use with water resistant and anti-slip. Reliable sports & fitness choice with a practical design.,nike fitness band green water resistant anti-slip sports & fitness,24,product_1871.svg
1872,Penguin Programming Book Pro,Books,Penguin,1675,4.1,2747,Red,Penguin Programming Book Pro in Red. Designed for everyday use with latest edition and latest edition. Reliable books choice with a practical design.,penguin programming book red latest edition latest edition books,5,product_1872.svg
1873,LEGO Action Figure Plus,Toys & Games,LEGO,1265,4.0,2878,Multi,LEGO Action Figure Plus in Multi. Designed for everyday use with family game and educational. Reliable toys & games choice with a practical design.,lego action figure multi family game educational toys & games,22,product_1873.svg
1874,Goodyear Bike Helmet Max,Automotive,Goodyear,2903,3.9,3009,Blue,Goodyear Bike Helmet Max in Blue. Designed for everyday use with premium quality and water resistant. Reliable automotive choice with a practical design.,goodyear bike helmet blue premium quality water resistant automotive,39,product_1874.svg
1875,Amul Wheat Flour Elite,Grocery,Amul,1414,3.8,3140,Natural,Amul Wheat Flour Elite in Natural. Designed for everyday use with premium quality and no preservatives. Reliable grocery choice with a practical design.,amul wheat flour natural premium quality no preservatives grocery,20,product_1875.svg
1876,Patanjali Herbal Tea Classic,Health & Wellness,Patanjali,6927,3.7,3271,White,Patanjali Herbal Tea Classic in White. Designed for everyday use with premium quality and lab tested. Reliable health & wellness choice with a practical design.,patanjali herbal tea white premium quality lab tested health & wellness,37,product_1876.svg
1877,Pedigree Pet Carrier Prime,Pet Supplies,Pedigree,3257,3.6,3402,Red,Pedigree Pet Carrier Prime in Red. Designed for everyday use with comfortable and comfortable. Reliable pet supplies choice with a practical design.,pedigree pet carrier red comfortable comfortable pet supplies,18,product_1877.svg
1878,Ugaoo Garden Tool Set X,Garden & Outdoors,Ugaoo,2237,3.5,3533,White,Ugaoo Garden Tool Set X in White. Designed for everyday use with lightweight and eco friendly. Reliable garden & outdoors choice with a practical design.,ugaoo garden tool set white lightweight eco friendly garden & outdoors,35,product_1878.svg
1879,Mia Wallet Ultra,Jewellery & Accessories,Mia,8193,3.4,3664,Black,Mia Wallet Ultra in Black. Designed for everyday use with adjustable and scratch resistant. Reliable jewellery & accessories choice with a practical design.,mia wallet black adjustable scratch resistant jewellery & accessories,16,product_1879.svg
1880,Classmate Notebook Pro,Office & Stationery,Classmate,16973,3.3,3795,Black,Classmate Notebook Pro in Black. Designed for everyday use with smooth writing and durable. Reliable office & stationery choice with a practical design.,classmate notebook black smooth writing durable office & stationery,33,product_1880.svg
1881,Marshall Earbuds Plus,Electronics,Marshall,3928,3.2,3926,Silver,Marshall Earbuds Plus in Silver. Designed for everyday use with noise cancellation and hi-fi audio. Reliable electronics choice with a practical design.,marshall earbuds silver noise cancellation hi-fi audio electronics,14,product_1881.svg
1882,Nothing Camera Phone Max,Mobiles,Nothing,29434,5.0,4057,Blue,Nothing Camera Phone Max in Blue. Designed for everyday use with 5g and fast charging. Reliable mobiles choice with a practical design.,nothing camera phone blue 5g fast charging mobiles,31,product_1882.svg
1883,Logitech Gaming Laptop Elite,Computers & Accessories,Logitech,125383,4.9,4188,Silver,Logitech Gaming Laptop Elite in Silver. Designed for everyday use with wireless and backlit. Reliable computers & accessories choice with a practical design.,logitech gaming laptop silver wireless backlit computers & accessories,12,product_1883.svg
1884,Jack & Jones Chinos Classic,Men's Fashion,Jack & Jones,6601,4.8,4319,Black,Jack & Jones Chinos Classic in Black. Designed for everyday use with slim fit and regular fit. Reliable men's fashion choice with a practical design.,jack & jones chinos black slim fit regular fit men's fashion,29,product_1884.svg
1885,ONLY Co-ord Set Prime,Women's Fashion,ONLY,4979,4.7,4450,Pink,ONLY Co-ord Set Prime in Pink. Designed for everyday use with cotton and regular fit. Reliable women's fashion choice with a practical design.,only co-ord set pink cotton regular fit women's fashion,10,product_1885.svg
1886,Puma Walking Shoes X,Footwear,Puma,5689,4.6,4581,Blue,Puma Walking Shoes X in Blue. Designed for everyday use with memory foam and cushioned sole. Reliable footwear choice with a practical design.,puma walking shoes blue memory foam cushioned sole footwear,27,product_1886.svg
1887,Maybelline Hair Dryer Ultra,Beauty & Personal Care,Maybelline,5777,4.5,4712,Rose,Maybelline Hair Dryer Ultra in Rose. Designed for everyday use with long lasting and long lasting. Reliable beauty & personal care choice with a practical design.,maybelline hair dryer rose long lasting long lasting beauty & personal care,8,product_1887.svg
1888,Prestige Cookware Set Pro,Home & Kitchen,Prestige,2294,4.4,4843,Blue,Prestige Cookware Set Pro in Blue. Designed for everyday use with food grade and dishwasher safe. Reliable home & kitchen choice with a practical design.,prestige cookware set blue food grade dishwasher safe home & kitchen,25,product_1888.svg
1889,Panasonic Air Purifier Plus,Home Appliances,Panasonic,86320,4.3,124,Silver,Panasonic Air Purifier Plus in Silver. Designed for everyday use with inverter and smart control. Reliable home appliances choice with a practical design.,panasonic air purifier silver inverter smart control home appliances,6,product_1889.svg
1890,IKEA TV Unit Max,Furniture,IKEA,40598,4.2,255,Walnut,IKEA TV Unit Max in Walnut. Designed for everyday use with engineered wood and ergonomic. Reliable furniture choice with a practical design.,ikea tv unit walnut engineered wood ergonomic furniture,23,product_1890.svg
1891,Cosco Cricket Bat Elite,Sports & Fitness,Cosco,12075,4.1,386,Green,Cosco Cricket Bat Elite in Green. Designed for everyday use with water resistant and anti-slip. Reliable sports & fitness choice with a practical design.,cosco cricket bat green water resistant anti-slip sports & fitness,40,product_1891.svg
1892,Penguin Business Book Classic,Books,Penguin,398,4.0,517,Red,Penguin Business Book Classic in Red. Designed for everyday use with latest edition and latest edition. Reliable books choice with a practical design.,penguin business book red latest edition latest edition books,21,product_1892.svg
1893,LEGO Toy Gun Prime,Toys & Games,LEGO,3629,3.9,648,Multi,LEGO Toy Gun Prime in Multi. Designed for everyday use with family game and educational. Reliable toys & games choice with a practical design.,lego toy gun multi family game educational toys & games,38,product_1893.svg
1894,Castrol LED Headlight X,Automotive,Castrol,13275,3.8,779,Blue,Castrol LED Headlight X in Blue. Designed for everyday use with premium quality and water resistant. Reliable automotive choice with a practical design.,castrol led headlight blue premium quality water resistant automotive,19,product_1894.svg
1895,Aashirvaad Biscuits Ultra,Grocery,Aashirvaad,110,3.7,910,Natural,Aashirvaad Biscuits Ultra in Natural. Designed for everyday use with premium quality and no preservatives. Reliable grocery choice with a practical design.,aashirvaad biscuits natural premium quality no preservatives grocery,36,product_1895.svg
1896,Himalaya Massage Gun Pro,Health & Wellness,Himalaya,4483,3.6,1041,White,Himalaya Massage Gun Pro in White. Designed for everyday use with premium quality and lab tested. Reliable health & wellness choice with a practical design.,himalaya massage gun white premium quality lab tested health & wellness,17,product_1896.svg
1897,Pedigree Leash Plus,Pet Supplies,Pedigree,5617,3.5,1172,Red,Pedigree Leash Plus in Red. Designed for everyday use with comfortable and comfortable. Reliable pet supplies choice with a practical design.,pedigree leash red comfortable comfortable pet supplies,34,product_1897.svg
1898,Kraft Seeds Outdoor Chair Max,Garden & Outdoors,Kraft Seeds,3597,3.4,1303,White,Kraft Seeds Outdoor Chair Max in White. Designed for everyday use with lightweight and eco friendly. Reliable garden & outdoors choice with a practical design.,kraft seeds outdoor chair white lightweight eco friendly garden & outdoors,15,product_1898.svg
1899,Mia Smart Watch Elite,Jewellery & Accessories,Mia,19567,3.3,1434,Black,Mia Smart Watch Elite in Black. Designed for everyday use with adjustable and scratch resistant. Reliable jewellery & accessories choice with a practical design.,mia smart watch black adjustable scratch resistant jewellery & accessories,32,product_1899.svg
1900,Classmate Calculator Classic,Office & Stationery,Classmate,696,3.2,1565,Black,Classmate Calculator Classic in Black. Designed for everyday use with smooth writing and durable. Reliable office & stationery choice with a practical design.,classmate calculator black smooth writing durable office & stationery,13,product_1900.svg
1901,Anker Portable Projector Prime,Electronics,Anker,16303,5.0,1696,Silver,Anker Portable Projector Prime in Silver. Designed for everyday use with noise cancellation and fast charging. Reliable electronics choice with a practical design.,anker portable projector silver noise cancellation fast charging electronics,30,product_1901.svg
1902,Apple 5G Smartphone X,Mobiles,Apple,66813,4.9,1827,Blue,Apple 5G Smartphone X in Blue. Designed for everyday use with 5g and amoled display. Reliable mobiles choice with a practical design.,apple 5g smartphone blue 5g amoled display mobiles,11,product_1902.svg
1903,HP Monitor Ultra,Computers & Accessories,HP,124762,4.8,1958,Silver,HP Monitor Ultra in Silver. Designed for everyday use with wireless and full hd. Reliable computers & accessories choice with a practical design.,hp monitor silver wireless full hd computers & accessories,28,product_1903.svg
1904,Levis Slim Fit Jeans Pro,Men's Fashion,Levis,2456,4.7,2089,White,Levis Slim Fit Jeans Pro in White. Designed for everyday use with slim fit and regular fit. Reliable men's fashion choice with a practical design.,levis slim fit jeans white slim fit regular fit men's fashion,9,product_1904.svg
1905,Mango Jeans Plus,Women's Fashion,Mango,8541,4.6,2220,White,Mango Jeans Plus in White. Designed for everyday use with cotton and regular fit. Reliable women's fashion choice with a practical design.,mango jeans white cotton regular fit women's fashion,26,product_1905.svg
1906,Crocs Slides Max,Footwear,Crocs,6758,4.5,2351,Blue,Crocs Slides Max in Blue. Designed for everyday use with memory foam and cushioned sole. Reliable footwear choice with a practical design.,crocs slides blue memory foam cushioned sole footwear,7,product_1906.svg
1907,The Body Shop Moisturizer Elite,Beauty & Personal Care,The Body Shop,1729,4.4,2482,Rose,The Body Shop Moisturizer Elite in Rose. Designed for everyday use with long lasting and long lasting. Reliable beauty & personal care choice with a practical design.,the body shop moisturizer rose long lasting long lasting beauty & personal care,24,product_1907.svg
1908,Borosil Storage Container Classic,Home & Kitchen,Borosil,8262,4.3,2613,Blue,Borosil Storage Container Classic in Blue. Designed for everyday use with food grade and dishwasher safe. Reliable home & kitchen choice with a practical design.,borosil storage container blue food grade dishwasher safe home & kitchen,5,product_1908.svg
1909,IFB Water Heater Prime,Home Appliances,IFB,69698,4.2,2744,Silver,IFB Water Heater Prime in Silver. Designed for everyday use with inverter and smart control. Reliable home appliances choice with a practical design.,ifb water heater silver inverter smart control home appliances,22,product_1909.svg
1910,Pepperfry Bookshelf X,Furniture,Pepperfry,6974,4.1,2875,Black,Pepperfry Bookshelf X in Black. Designed for everyday use with engineered wood and ergonomic. Reliable furniture choice with a practical design.,pepperfry bookshelf black engineered wood ergonomic furniture,39,product_1910.svg
1911,Nike Fitness Band Ultra,Sports & Fitness,Nike,13445,4.0,3006,Green,Nike Fitness Band Ultra in Green. Designed for everyday use with water resistant and anti-slip. Reliable sports & fitness choice with a practical design.,nike fitness band green water resistant anti-slip sports & fitness,20,product_1911.svg
1912,Penguin Programming Book Pro,Books,Penguin,1922,3.9,3137,Red,Penguin Programming Book Pro in Red. Designed for everyday use with latest edition and latest edition. Reliable books choice with a practical design.,penguin programming book red latest edition latest edition books,37,product_1912.svg
1913,LEGO Action Figure Plus,Toys & Games,LEGO,5993,3.8,3268,Multi,LEGO Action Figure Plus in Multi. Designed for everyday use with family game and educational. Reliable toys & games choice with a practical design.,lego action figure multi family game educational toys & games,18,product_1913.svg
1914,Goodyear Bike Helmet Max,Automotive,Goodyear,5146,3.7,3399,Blue,Goodyear Bike Helmet Max in Blue. Designed for everyday use with premium quality and water resistant. Reliable automotive choice with a practical design.,goodyear bike helmet blue premium quality water resistant automotive,35,product_1914.svg
1915,Amul Wheat Flour Elite,Grocery,Amul,707,3.6,3530,Natural,Amul Wheat Flour Elite in Natural. Designed for everyday use with premium quality and no preservatives. Reliable grocery choice with a practical design.,amul wheat flour natural premium quality no preservatives grocery,16,product_1915.svg
1916,HealthKart Foam Roller Classic,Health & Wellness,HealthKart,2039,3.5,3661,White,HealthKart Foam Roller Classic in White. Designed for everyday use with premium quality and lab tested. Reliable health & wellness choice with a practical design.,healthkart foam roller white premium quality lab tested health & wellness,33,product_1916.svg
1917,Pedigree Pet Carrier Prime,Pet Supplies,Pedigree,7977,3.4,3792,Red,Pedigree Pet Carrier Prime in Red. Designed for everyday use with comfortable and comfortable. Reliable pet supplies choice with a practical design.,pedigree pet carrier red comfortable comfortable pet supplies,14,product_1917.svg
1918,IKEA Planter X,Garden & Outdoors,IKEA,4957,3.3,3923,White,IKEA Planter X in White. Designed for everyday use with lightweight and eco friendly. Reliable garden & outdoors choice with a practical design.,ikea planter white lightweight eco friendly garden & outdoors,31,product_1918.svg
1919,Mia Wallet Ultra,Jewellery & Accessories,Mia,6440,3.2,4054,Black,Mia Wallet Ultra in Black. Designed for everyday use with adjustable and scratch resistant. Reliable jewellery & accessories choice with a practical design.,mia wallet black adjustable scratch resistant jewellery & accessories,12,product_1919.svg
1920,Classmate Notebook Pro,Office & Stationery,Classmate,9370,5.0,4185,Black,Classmate Notebook Pro in Black. Designed for everyday use with smooth writing and durable. Reliable office & stationery choice with a practical design.,classmate notebook black smooth writing durable office & stationery,29,product_1920.svg
1921,Marshall Earbuds Plus,Electronics,Marshall,28678,4.9,4316,Silver,Marshall Earbuds Plus in Silver. Designed for everyday use with noise cancellation and bluetooth 5.3. Reliable electronics choice with a practical design.,marshall earbuds silver noise cancellation bluetooth 5.3 electronics,10,product_1921.svg
1922,Nothing Budget Smartphone Max,Mobiles,Nothing,104192,4.8,4447,Blue,Nothing Budget Smartphone Max in Blue. Designed for everyday use with 5g and dual sim. Reliable mobiles choice with a practical design.,nothing budget smartphone blue 5g dual sim mobiles,27,product_1922.svg
1923,Logitech Gaming Laptop Elite,Computers & Accessories,Logitech,124141,4.7,4578,Silver,Logitech Gaming Laptop Elite in Silver. Designed for everyday use with wireless and 16gb ram. Reliable computers & accessories choice with a practical design.,logitech gaming laptop silver wireless 16gb ram computers & accessories,8,product_1923.svg
1924,Jack & Jones Chinos Classic,Men's Fashion,Jack & Jones,4812,4.6,4709,Grey,Jack & Jones Chinos Classic in Grey. Designed for everyday use with slim fit and regular fit. Reliable men's fashion choice with a practical design.,jack & jones chinos grey slim fit regular fit men's fashion,25,product_1924.svg
1925,ONLY Co-ord Set Prime,Women's Fashion,ONLY,3502,4.5,4840,Beige,ONLY Co-ord Set Prime in Beige. Designed for everyday use with cotton and regular fit. Reliable women's fashion choice with a practical design.,only co-ord set beige cotton regular fit women's fashion,6,product_1925.svg
1926,Puma Walking Shoes X,Footwear,Puma,7827,4.4,121,Blue,Puma Walking Shoes X in Blue. Designed for everyday use with memory foam and cushioned sole. Reliable footwear choice with a practical design.,puma walking shoes blue memory foam cushioned sole footwear,23,product_1926.svg
1927,Maybelline Hair Dryer Ultra,Beauty & Personal Care,Maybelline,3482,4.3,252,Rose,Maybelline Hair Dryer Ultra in Rose. Designed for everyday use with long lasting and long lasting. Reliable beauty & personal care choice with a practical design.,maybelline hair dryer rose long lasting long lasting beauty & personal care,40,product_1927.svg
1928,Prestige Cookware Set Pro,Home & Kitchen,Prestige,1529,4.2,383,Blue,Prestige Cookware Set Pro in Blue. Designed for everyday use with food grade and dishwasher safe. Reliable home & kitchen choice with a practical design.,prestige cookware set blue food grade dishwasher safe home & kitchen,21,product_1928.svg
1929,Panasonic Air Purifier Plus,Home Appliances,Panasonic,53076,4.1,514,Silver,Panasonic Air Purifier Plus in Silver. Designed for everyday use with inverter and smart control. Reliable home appliances choice with a practical design.,panasonic air purifier silver inverter smart control home appliances,38,product_1929.svg
1930,HomeTown TV Unit Max,Furniture,HomeTown,21351,4.0,645,Grey,HomeTown TV Unit Max in Grey. Designed for everyday use with engineered wood and ergonomic. Reliable furniture choice with a practical design.,hometown tv unit grey engineered wood ergonomic furniture,19,product_1930.svg
1931,Cosco Cricket Bat Elite,Sports & Fitness,Cosco,14815,3.9,776,Green,Cosco Cricket Bat Elite in Green. Designed for everyday use with water resistant and anti-slip. Reliable sports & fitness choice with a practical design.,cosco cricket bat green water resistant anti-slip sports & fitness,36,product_1931.svg
1932,Penguin Business Book Classic,Books,Penguin,645,3.8,907,Red,Penguin Business Book Classic in Red. Designed for everyday use with latest edition and latest edition. Reliable books choice with a practical design.,penguin business book red latest edition latest edition books,17,product_1932.svg
1933,LEGO Toy Gun Prime,Toys & Games,LEGO,8357,3.7,1038,Multi,LEGO Toy Gun Prime in Multi. Designed for everyday use with family game and educational. Reliable toys & games choice with a practical design.,lego toy gun multi family game educational toys & games,34,product_1933.svg
1934,Castrol LED Headlight X,Automotive,Castrol,15518,3.6,1169,Blue,Castrol LED Headlight X in Blue. Designed for everyday use with premium quality and water resistant. Reliable automotive choice with a practical design.,castrol led headlight blue premium quality water resistant automotive,15,product_1934.svg
1935,Aashirvaad Biscuits Ultra,Grocery,Aashirvaad,1304,3.5,1300,Natural,Aashirvaad Biscuits Ultra in Natural. Designed for everyday use with premium quality and no preservatives. Reliable grocery choice with a practical design.,aashirvaad biscuits natural premium quality no preservatives grocery,32,product_1935.svg
1936,Patanjali Vitamin Pack Pro,Health & Wellness,Patanjali,6296,3.4,1431,White,Patanjali Vitamin Pack Pro in White. Designed for everyday use with premium quality and lab tested. Reliable health & wellness choice with a practical design.,patanjali vitamin pack white premium quality lab tested health & wellness,13,product_1936.svg
1937,Pedigree Leash Plus,Pet Supplies,Pedigree,2536,3.3,1562,Red,Pedigree Leash Plus in Red. Designed for everyday use with comfortable and comfortable. Reliable pet supplies choice with a practical design.,pedigree leash red comfortable comfortable pet supplies,30,product_1937.svg
1938,Ugaoo Watering Can Max,Garden & Outdoors,Ugaoo,6317,3.2,1693,White,Ugaoo Watering Can Max in White. Designed for everyday use with lightweight and eco friendly. Reliable garden & outdoors choice with a practical design.,ugaoo watering can white lightweight eco friendly garden & outdoors,11,product_1938.svg
1939,Mia Smart Watch Elite,Jewellery & Accessories,Mia,17814,5.0,1824,Black,Mia Smart Watch Elite in Black. Designed for everyday use with adjustable and scratch resistant. Reliable jewellery & accessories choice with a practical design.,mia smart watch black adjustable scratch resistant jewellery & accessories,28,product_1939.svg
1940,Classmate Calculator Classic,Office & Stationery,Classmate,18044,4.9,1955,Black,Classmate Calculator Classic in Black. Designed for everyday use with smooth writing and durable. Reliable office & stationery choice with a practical design.,classmate calculator black smooth writing durable office & stationery,9,product_1940.svg
1941,Anker Portable Projector Prime,Electronics,Anker,11852,4.8,2086,Silver,Anker Portable Projector Prime in Silver. Designed for everyday use with noise cancellation and hi-fi audio. Reliable electronics choice with a practical design.,anker portable projector silver noise cancellation hi-fi audio electronics,26,product_1941.svg
1942,Apple Camera Phone X,Mobiles,Apple,20570,4.7,2217,Blue,Apple Camera Phone X in Blue. Designed for everyday use with 5g and fast charging. Reliable mobiles choice with a practical design.,apple camera phone blue 5g fast charging mobiles,7,product_1942.svg
1943,HP Monitor Ultra,Computers & Accessories,HP,123520,4.6,2348,Silver,HP Monitor Ultra in Silver. Designed for everyday use with wireless and backlit. Reliable computers & accessories choice with a practical design.,hp monitor silver wireless backlit computers & accessories,24,product_1943.svg
1944,Levis Slim Fit Jeans Pro,Men's Fashion,Levis,667,4.5,2479,Black,Levis Slim Fit Jeans Pro in Black. Designed for everyday use with slim fit and regular fit. Reliable men's fashion choice with a practical design.,levis slim fit jeans black slim fit regular fit men's fashion,5,product_1944.svg
1945,Mango Jeans Plus,Women's Fashion,Mango,7064,4.4,2610,Pink,Mango Jeans Plus in Pink. Designed for everyday use with cotton and regular fit. Reliable women's fashion choice with a practical design.,mango jeans pink cotton regular fit women's fashion,22,product_1945.svg
1946,Crocs Slides Max,Footwear,Crocs,8896,4.3,2741,Blue,Crocs Slides Max in Blue. Designed for everyday use with memory foam and cushioned sole. Reliable footwear choice with a practical design.,crocs slides blue memory foam cushioned sole footwear,39,product_1946.svg
1947,The Body Shop Moisturizer Elite,Beauty & Personal Care,The Body Shop,5235,4.2,2872,Rose,The Body Shop Moisturizer Elite in Rose. Designed for everyday use with long lasting and long lasting. Reliable beauty & personal care choice with a practical design.,the body shop moisturizer rose long lasting long lasting beauty & personal care,20,product_1947.svg
1948,Borosil Storage Container Classic,Home & Kitchen,Borosil,7497,4.1,3003,Blue,Borosil Storage Container Classic in Blue. Designed for everyday use with food grade and dishwasher safe. Reliable home & kitchen choice with a practical design.,borosil storage container blue food grade dishwasher safe home & kitchen,37,product_1948.svg
1949,IFB Water Heater Prime,Home Appliances,IFB,36454,4.0,3134,Silver,IFB Water Heater Prime in Silver. Designed for everyday use with inverter and smart control. Reliable home appliances choice with a practical design.,ifb water heater silver inverter smart control home appliances,18,product_1949.svg
1950,IKEA Bookshelf X,Furniture,IKEA,35728,3.9,3265,Walnut,IKEA Bookshelf X in Walnut. Designed for everyday use with engineered wood and ergonomic. Reliable furniture choice with a practical design.,ikea bookshelf walnut engineered wood ergonomic furniture,35,product_1950.svg
1951,Nike Fitness Band Ultra,Sports & Fitness,Nike,484,3.8,3396,Green,Nike Fitness Band Ultra in Green. Designed for everyday use with water resistant and anti-slip. Reliable sports & fitness choice with a practical design.,nike fitness band green water resistant anti-slip sports & fitness,16,product_1951.svg
1952,Penguin Programming Book Pro,Books,Penguin,2169,3.7,3527,Red,Penguin Programming Book Pro in Red. Designed for everyday use with latest edition and latest edition. Reliable books choice with a practical design.,penguin programming book red latest edition latest edition books,33,product_1952.svg
1953,LEGO Action Figure Plus,Toys & Games,LEGO,970,3.6,3658,Multi,LEGO Action Figure Plus in Multi. Designed for everyday use with family game and educational. Reliable toys & games choice with a practical design.,lego action figure multi family game educational toys & games,14,product_1953.svg
1954,Goodyear Bike Helmet Max,Automotive,Goodyear,7389,3.5,3789,Blue,Goodyear Bike Helmet Max in Blue. Designed for everyday use with premium quality and water resistant. Reliable automotive choice with a practical design.,goodyear bike helmet blue premium quality water resistant automotive,31,product_1954.svg
1955,Amul Wheat Flour Elite,Grocery,Amul,1901,3.4,3920,Natural,Amul Wheat Flour Elite in Natural. Designed for everyday use with premium quality and no preservatives. Reliable grocery choice with a practical design.,amul wheat flour natural premium quality no preservatives grocery,12,product_1955.svg
1956,Himalaya First Aid Kit Classic,Health & Wellness,Himalaya,3852,3.3,4051,White,Himalaya First Aid Kit Classic in White. Designed for everyday use with premium quality and lab tested. Reliable health & wellness choice with a practical design.,himalaya first aid kit white premium quality lab tested health & wellness,29,product_1956.svg
1957,Pedigree Pet Carrier Prime,Pet Supplies,Pedigree,4896,3.2,4182,Red,Pedigree Pet Carrier Prime in Red. Designed for everyday use with comfortable and comfortable. Reliable pet supplies choice with a practical design.,pedigree pet carrier red comfortable comfortable pet supplies,10,product_1957.svg
1958,Kraft Seeds Pruning Shears X,Garden & Outdoors,Kraft Seeds,7677,5.0,4313,White,Kraft Seeds Pruning Shears X in White. Designed for everyday use with lightweight and eco friendly. Reliable garden & outdoors choice with a practical design.,kraft seeds pruning shears white lightweight eco friendly garden & outdoors,27,product_1958.svg
1959,Mia Wallet Ultra,Jewellery & Accessories,Mia,4687,4.9,4444,Black,Mia Wallet Ultra in Black. Designed for everyday use with adjustable and scratch resistant. Reliable jewellery & accessories choice with a practical design.,mia wallet black adjustable scratch resistant jewellery & accessories,8,product_1959.svg
1960,Classmate Notebook Pro,Office & Stationery,Classmate,1767,4.8,4575,Black,Classmate Notebook Pro in Black. Designed for everyday use with smooth writing and durable. Reliable office & stationery choice with a practical design.,classmate notebook black smooth writing durable office & stationery,25,product_1960.svg
1961,Marshall Earbuds Plus,Electronics,Marshall,24227,4.7,4706,Silver,Marshall Earbuds Plus in Silver. Designed for everyday use with noise cancellation and fast charging. Reliable electronics choice with a practical design.,marshall earbuds silver noise cancellation fast charging electronics,6,product_1961.svg
1962,Nothing 5G Smartphone Max,Mobiles,Nothing,57949,4.6,4837,Blue,Nothing 5G Smartphone Max in Blue. Designed for everyday use with 5g and amoled display. Reliable mobiles choice with a practical design.,nothing 5g smartphone blue 5g amoled display mobiles,23,product_1962.svg
1963,Logitech Gaming Laptop Elite,Computers & Accessories,Logitech,122899,4.5,118,Silver,Logitech Gaming Laptop Elite in Silver. Designed for everyday use with wireless and full hd. Reliable computers & accessories choice with a practical design.,logitech gaming laptop silver wireless full hd computers & accessories,40,product_1963.svg
1964,Jack & Jones Chinos Classic,Men's Fashion,Jack & Jones,3023,4.4,249,White,Jack & Jones Chinos Classic in White. Designed for everyday use with slim fit and regular fit. Reliable men's fashion choice with a practical design.,jack & jones chinos white slim fit regular fit men's fashion,21,product_1964.svg
1965,ONLY Co-ord Set Prime,Women's Fashion,ONLY,2025,4.3,380,White,ONLY Co-ord Set Prime in White. Designed for everyday use with cotton and regular fit. Reliable women's fashion choice with a practical design.,only co-ord set white cotton regular fit women's fashion,38,product_1965.svg
1966,Puma Walking Shoes X,Footwear,Puma,9965,4.2,511,Blue,Puma Walking Shoes X in Blue. Designed for everyday use with memory foam and cushioned sole. Reliable footwear choice with a practical design.,puma walking shoes blue memory foam cushioned sole footwear,19,product_1966.svg
1967,Maybelline Hair Dryer Ultra,Beauty & Personal Care,Maybelline,1187,4.1,642,Rose,Maybelline Hair Dryer Ultra in Rose. Designed for everyday use with long lasting and long lasting. Reliable beauty & personal care choice with a practical design.,maybelline hair dryer rose long lasting long lasting beauty & personal care,36,product_1967.svg
1968,Prestige Cookware Set Pro,Home & Kitchen,Prestige,764,4.0,773,Blue,Prestige Cookware Set Pro in Blue. Designed for everyday use with food grade and dishwasher safe. Reliable home & kitchen choice with a practical design.,prestige cookware set blue food grade dishwasher safe home & kitchen,17,product_1968.svg
1969,Panasonic Air Purifier Plus,Home Appliances,Panasonic,19832,3.9,904,Silver,Panasonic Air Purifier Plus in Silver. Designed for everyday use with inverter and smart control. Reliable home appliances choice with a practical design.,panasonic air purifier silver inverter smart control home appliances,34,product_1969.svg
1970,Pepperfry TV Unit Max,Furniture,Pepperfry,2104,3.8,1035,Black,Pepperfry TV Unit Max in Black. Designed for everyday use with engineered wood and ergonomic. Reliable furniture choice with a practical design.,pepperfry tv unit black engineered wood ergonomic furniture,15,product_1970.svg
1971,Cosco Cricket Bat Elite,Sports & Fitness,Cosco,1854,3.7,1166,Green,Cosco Cricket Bat Elite in Green. Designed for everyday use with water resistant and anti-slip. Reliable sports & fitness choice with a practical design.,cosco cricket bat green water resistant anti-slip sports & fitness,32,product_1971.svg
1972,Penguin Business Book Classic,Books,Penguin,892,3.6,1297,Red,Penguin Business Book Classic in Red. Designed for everyday use with latest edition and latest edition. Reliable books choice with a practical design.,penguin business book red latest edition latest edition books,13,product_1972.svg
1973,LEGO Toy Gun Prime,Toys & Games,LEGO,3334,3.5,1428,Multi,LEGO Toy Gun Prime in Multi. Designed for everyday use with family game and educational. Reliable toys & games choice with a practical design.,lego toy gun multi family game educational toys & games,30,product_1973.svg
1974,Castrol LED Headlight X,Automotive,Castrol,17761,3.4,1559,Blue,Castrol LED Headlight X in Blue. Designed for everyday use with premium quality and water resistant. Reliable automotive choice with a practical design.,castrol led headlight blue premium quality water resistant automotive,11,product_1974.svg
1975,Aashirvaad Biscuits Ultra,Grocery,Aashirvaad,597,3.3,1690,Natural,Aashirvaad Biscuits Ultra in Natural. Designed for everyday use with premium quality and no preservatives. Reliable grocery choice with a practical design.,aashirvaad biscuits natural premium quality no preservatives grocery,28,product_1975.svg
1976,HealthKart Protein Powder Pro,Health & Wellness,HealthKart,1408,3.2,1821,White,HealthKart Protein Powder Pro in White. Designed for everyday use with premium quality and lab tested. Reliable health & wellness choice with a practical design.,healthkart protein powder white premium quality lab tested health & wellness,9,product_1976.svg
1977,Pedigree Leash Plus,Pet Supplies,Pedigree,7256,5.0,1952,Red,Pedigree Leash Plus in Red. Designed for everyday use with comfortable and comfortable. Reliable pet supplies choice with a practical design.,pedigree leash red comfortable comfortable pet supplies,26,product_1977.svg
1978,IKEA Plant Seeds Max,Garden & Outdoors,IKEA,1186,4.9,2083,White,IKEA Plant Seeds Max in White. Designed for everyday use with lightweight and eco friendly. Reliable garden & outdoors choice with a practical design.,ikea plant seeds white lightweight eco friendly garden & outdoors,7,product_1978.svg
1979,Mia Smart Watch Elite,Jewellery & Accessories,Mia,16061,4.8,2214,Black,Mia Smart Watch Elite in Black. Designed for everyday use with adjustable and scratch resistant. Reliable jewellery & accessories choice with a practical design.,mia smart watch black adjustable scratch resistant jewellery & accessories,24,product_1979.svg
1980,Classmate Calculator Classic,Office & Stationery,Classmate,10441,4.7,2345,Black,Classmate Calculator Classic in Black. Designed for everyday use with smooth writing and durable. Reliable office & stationery choice with a practical design.,classmate calculator black smooth writing durable office & stationery,5,product_1980.svg
1981,Anker Portable Projector Prime,Electronics,Anker,7401,4.6,2476,Silver,Anker Portable Projector Prime in Silver. Designed for everyday use with noise cancellation and bluetooth 5.3. Reliable electronics choice with a practical design.,anker portable projector silver noise cancellation bluetooth 5.3 electronics,22,product_1981.svg
1982,Apple Budget Smartphone X,Mobiles,Apple,95328,4.5,2607,Blue,Apple Budget Smartphone X in Blue. Designed for everyday use with 5g and dual sim. Reliable mobiles choice with a practical design.,apple budget smartphone blue 5g dual sim mobiles,39,product_1982.svg
1983,HP Monitor Ultra,Computers & Accessories,HP,122278,4.4,2738,Silver,HP Monitor Ultra in Silver. Designed for everyday use with wireless and 16gb ram. Reliable computers & accessories choice with a practical design.,hp monitor silver wireless 16gb ram computers & accessories,20,product_1983.svg
1984,Levis Slim Fit Jeans Pro,Men's Fashion,Levis,5379,4.3,2869,Grey,Levis Slim Fit Jeans Pro in Grey. Designed for everyday use with slim fit and regular fit. Reliable men's fashion choice with a practical design.,levis slim fit jeans grey slim fit regular fit men's fashion,37,product_1984.svg
1985,Mango Jeans Plus,Women's Fashion,Mango,5587,4.2,3000,Beige,Mango Jeans Plus in Beige. Designed for everyday use with cotton and regular fit. Reliable women's fashion choice with a practical design.,mango jeans beige cotton regular fit women's fashion,18,product_1985.svg
1986,Crocs Slides Max,Footwear,Crocs,11034,4.1,3131,Blue,Crocs Slides Max in Blue. Designed for everyday use with memory foam and cushioned sole. Reliable footwear choice with a practical design.,crocs slides blue memory foam cushioned sole footwear,35,product_1986.svg
1987,The Body Shop Moisturizer Elite,Beauty & Personal Care,The Body Shop,2940,4.0,3262,Rose,The Body Shop Moisturizer Elite in Rose. Designed for everyday use with long lasting and long lasting. Reliable beauty & personal care choice with a practical design.,the body shop moisturizer rose long lasting long lasting beauty & personal care,16,product_1987.svg
1988,Borosil Storage Container Classic,Home & Kitchen,Borosil,6732,3.9,3393,Blue,Borosil Storage Container Classic in Blue. Designed for everyday use with food grade and dishwasher safe. Reliable home & kitchen choice with a practical design.,borosil storage container blue food grade dishwasher safe home & kitchen,33,product_1988.svg
1989,IFB Water Heater Prime,Home Appliances,IFB,3210,3.8,3524,Silver,IFB Water Heater Prime in Silver. Designed for everyday use with inverter and smart control. Reliable home appliances choice with a practical design.,ifb water heater silver inverter smart control home appliances,14,product_1989.svg
1990,HomeTown Bookshelf X,Furniture,HomeTown,16481,3.7,3655,Grey,HomeTown Bookshelf X in Grey. Designed for everyday use with engineered wood and ergonomic. Reliable furniture choice with a practical design.,hometown bookshelf grey engineered wood ergonomic furniture,31,product_1990.svg
1991,Nike Fitness Band Ultra,Sports & Fitness,Nike,3224,3.6,3786,Green,Nike Fitness Band Ultra in Green. Designed for everyday use with water resistant and anti-slip. Reliable sports & fitness choice with a practical design.,nike fitness band green water resistant anti-slip sports & fitness,12,product_1991.svg
1992,Penguin Programming Book Pro,Books,Penguin,2416,3.5,3917,Red,Penguin Programming Book Pro in Red. Designed for everyday use with latest edition and latest edition. Reliable books choice with a practical design.,penguin programming book red latest edition latest edition books,29,product_1992.svg
1993,LEGO Action Figure Plus,Toys & Games,LEGO,5698,3.4,4048,Multi,LEGO Action Figure Plus in Multi. Designed for everyday use with family game and educational. Reliable toys & games choice with a practical design.,lego action figure multi family game educational toys & games,10,product_1993.svg
1994,Goodyear Bike Helmet Max,Automotive,Goodyear,9632,3.3,4179,Blue,Goodyear Bike Helmet Max in Blue. Designed for everyday use with premium quality and water resistant. Reliable automotive choice with a practical design.,goodyear bike helmet blue premium quality water resistant automotive,27,product_1994.svg
1995,Amul Wheat Flour Elite,Grocery,Amul,1194,3.2,4310,Natural,Amul Wheat Flour Elite in Natural. Designed for everyday use with premium quality and no preservatives. Reliable grocery choice with a practical design.,amul wheat flour natural premium quality no preservatives grocery,8,product_1995.svg
1996,Patanjali Digital Weighing Scale Classic,Health & Wellness,Patanjali,5665,5.0,4441,White,Patanjali Digital Weighing Scale Classic in White. Designed for everyday use with premium quality and lab tested. Reliable health & wellness choice with a practical design.,patanjali digital weighing scale white premium quality lab tested health & wellness,25,product_1996.svg
1997,Pedigree Pet Carrier Prime,Pet Supplies,Pedigree,1815,4.9,4572,Red,Pedigree Pet Carrier Prime in Red. Designed for everyday use with comfortable and comfortable. Reliable pet supplies choice with a practical design.,pedigree pet carrier red comfortable comfortable pet supplies,6,product_1997.svg
1998,Ugaoo LED Garden Light X,Garden & Outdoors,Ugaoo,2546,4.8,4703,White,Ugaoo LED Garden Light X in White. Designed for everyday use with lightweight and eco friendly. Reliable garden & outdoors choice with a practical design.,ugaoo led garden light white lightweight eco friendly garden & outdoors,23,product_1998.svg
1999,Mia Wallet Ultra,Jewellery & Accessories,Mia,2934,4.7,4834,Black,Mia Wallet Ultra in Black. Designed for everyday use with adjustable and scratch resistant. Reliable jewellery & accessories choice with a practical design.,mia wallet black adjustable scratch resistant jewellery & accessories,40,product_1999.svg
2000,Classmate Notebook Pro,Office & Stationery,Classmate,19115,4.6,115,Black,Classmate Notebook Pro in Black. Designed for everyday use with smooth writing and durable. Reliable office & stationery choice with a practical design.,classmate notebook black smooth writing durable office & stationery,21,product_2000.svg
