productId,seller,sellerRating,price,deliveryDays,stock
1,KiranaOnline,4.0,9315,6,119
1,QuickCart Seller,4.2,8797,5,75
2,NovaMart,4.4,23270,2,17
2,MegaSave Retail,3.8,25889,5,91
2,QuickCart Seller,4.1,24379,3,50
2,ShopEasy India,4.5,26972,3,14
3,BharatMart,4.2,24587,5,95
3,KiranaOnline,4.1,23950,5,52
3,Elite Outlet,4.8,24745,2,79
4,BharatMart,4.4,6558,5,55
4,SunriseTraders,4.3,5945,3,66
4,KiranaOnline,4.0,6448,4,103
5,TrendyHub Retail,4.7,5290,3,65
5,KiranaOnline,3.9,5900,6,20
6,NovaMart,4.6,5743,5,37
6,Elite Outlet,4.8,5518,2,107
6,QuickCart Seller,4.2,5478,5,56
7,PrimeDeals Store,4.6,3536,3,63
7,QuickCart Seller,4.3,3664,3,30
7,TrendyHub Retail,4.5,3436,3,110
8,SunriseTraders,4.3,12496,5,17
8,KiranaOnline,4.0,13241,6,38
8,TrendyHub Retail,4.6,13906,5,112
9,BharatMart,4.4,72532,2,114
9,Elite Outlet,4.8,74058,1,5
9,PrimeDeals Store,4.7,75058,4,83
10,ShopEasy India,4.5,35810,4,86
10,BharatMart,4.3,30627,4,78
10,MegaSave Retail,3.9,35378,4,97
10,TrendyHub Retail,4.7,33763,3,21
11,QuickCart Seller,4.2,8419,2,105
11,KiranaOnline,4.1,8609,3,108
11,PrimeDeals Store,4.6,9411,2,18
11,BharatMart,4.3,8313,5,87
12,TrendyHub Retail,4.6,2898,3,20
12,QuickCart Seller,4.2,2779,4,26
12,KiranaOnline,3.9,2786,4,48
13,ShopEasy India,4.4,5285,4,27
13,Elite Outlet,4.7,5784,4,62
13,BharatMart,4.4,5837,3,91
14,UrbanKart Traders,4.2,18911,6,25
14,Elite Outlet,4.8,18139,1,73
14,KiranaOnline,4.0,17513,3,49
14,ShopEasy India,4.3,18789,6,109
15,NovaMart,4.5,1019,3,72
15,UrbanKart Traders,4.2,1074,5,34
15,Value Bazaar,3.8,947,4,47
16,Elite Outlet,4.8,6111,3,78
16,UrbanKart Traders,4.2,6095,4,40
16,TrendyHub Retail,4.6,6506,1,42
17,Elite Outlet,4.7,2144,5,26
17,KiranaOnline,3.9,2037,3,107
17,UrbanKart Traders,4.0,2242,4,40
18,BharatMart,4.2,1319,1,115
18,PrimeDeals Store,4.8,1450,2,6
18,Value Bazaar,3.8,1304,3,17
19,MegaSave Retail,3.9,3998,5,83
19,Value Bazaar,3.8,3862,5,81
19,Elite Outlet,4.8,4305,4,92
20,KiranaOnline,4.0,9312,3,99
20,Elite Outlet,4.9,9373,1,47
20,PrimeDeals Store,4.6,9871,4,20
21,SunriseTraders,4.2,19474,6,30
21,Value Bazaar,3.9,21715,2,84
22,TrendyHub Retail,4.6,66510,5,43
22,UrbanKart Traders,4.0,62745,3,54
23,SunriseTraders,4.3,22961,1,96
23,Elite Outlet,4.9,25182,2,37
23,ShopEasy India,4.5,23230,1,74
24,PrimeDeals Store,4.8,2081,4,75
24,Value Bazaar,3.8,2128,6,109
24,UrbanKart Traders,4.0,2061,5,45
25,TrendyHub Retail,4.7,554,5,91
25,Elite Outlet,4.8,527,4,116
26,Value Bazaar,4.0,6194,2,50
26,ShopEasy India,4.4,6361,5,119
26,KiranaOnline,4.1,6448,2,85
27,NovaMart,4.6,5495,4,106
27,TrendyHub Retail,4.5,4936,2,74
27,Value Bazaar,4.0,4855,5,120
28,ShopEasy India,4.3,5681,3,73
28,MegaSave Retail,3.9,6094,5,25
29,BharatMart,4.3,55081,1,80
29,QuickCart Seller,4.2,54311,5,42
29,UrbanKart Traders,4.1,55728,6,29
29,SunriseTraders,4.3,58449,5,87
30,SunriseTraders,4.1,47593,2,74
30,Value Bazaar,3.8,43596,2,90
30,KiranaOnline,4.1,48561,1,52
31,PrimeDeals Store,4.7,10928,1,18
31,ShopEasy India,4.5,10309,5,98
32,PrimeDeals Store,4.6,1436,3,68
32,MegaSave Retail,3.7,1506,6,92
33,MegaSave Retail,3.9,7471,4,44
33,Value Bazaar,3.8,8194,2,60
33,BharatMart,4.3,7849,5,97
33,QuickCart Seller,4.2,8041,3,30
34,ShopEasy India,4.5,10950,2,61
34,Value Bazaar,4.0,10957,2,39
34,Elite Outlet,4.7,10182,2,115
34,SunriseTraders,4.2,10122,4,34
35,UrbanKart Traders,4.2,1559,4,86
35,KiranaOnline,4.0,1489,5,91
36,BharatMart,4.4,4176,5,90
36,Elite Outlet,4.9,4007,2,87
36,NovaMart,4.4,4223,4,6
37,QuickCart Seller,4.1,4878,4,111
37,PrimeDeals Store,4.8,4602,5,48
38,ShopEasy India,4.3,2892,2,7
38,Elite Outlet,4.9,3066,3,84
39,BharatMart,4.3,14160,1,47
39,KiranaOnline,4.1,16384,2,91
39,ShopEasy India,4.3,14891,4,96
40,MegaSave Retail,3.7,16585,4,28
40,KiranaOnline,4.0,17365,2,65
40,UrbanKart Traders,4.1,16920,3,82
41,NovaMart,4.4,4277,1,108
41,Value Bazaar,3.9,4471,4,52
41,PrimeDeals Store,4.6,4535,2,32
42,SunriseTraders,4.3,104031,2,66
42,BharatMart,4.3,105420,6,81
42,KiranaOnline,3.9,96096,3,28
43,KiranaOnline,4.1,25212,6,72
43,UrbanKart Traders,4.1,23026,2,82
44,TrendyHub Retail,4.6,4666,1,32
44,NovaMart,4.6,4256,5,67
44,ShopEasy India,4.3,4516,5,51
44,MegaSave Retail,3.9,4280,5,74
45,MegaSave Retail,3.9,3860,2,107
45,KiranaOnline,4.1,4208,1,90
46,PrimeDeals Store,4.6,7556,2,63
46,QuickCart Seller,4.1,7663,5,92
46,UrbanKart Traders,4.0,7587,4,74
46,MegaSave Retail,3.9,7166,4,118
47,NovaMart,4.4,1101,4,10
47,Elite Outlet,4.8,1062,2,113
47,SunriseTraders,4.3,1187,2,101
48,KiranaOnline,4.1,11265,4,30
48,ShopEasy India,4.5,11941,2,68
49,UrbanKart Traders,4.2,40020,3,114
49,KiranaOnline,4.0,38478,3,99
50,KiranaOnline,3.9,14743,5,19
50,MegaSave Retail,3.9,13532,5,93
50,NovaMart,4.4,13265,4,29
51,SunriseTraders,4.2,12414,5,41
51,TrendyHub Retail,4.7,11570,3,63
51,KiranaOnline,4.1,12254,4,22
51,UrbanKart Traders,4.0,10933,2,50
52,MegaSave Retail,3.7,245,5,101
52,Elite Outlet,4.7,249,3,49
52,QuickCart Seller,4.2,260,5,17
53,PrimeDeals Store,4.6,713,3,54
53,TrendyHub Retail,4.7,701,5,83
53,BharatMart,4.3,614,5,22
53,Elite Outlet,4.7,658,1,115
54,TrendyHub Retail,4.7,2637,4,114
54,BharatMart,4.4,2795,2,65
55,QuickCart Seller,4.3,311,3,113
55,NovaMart,4.4,293,2,28
56,BharatMart,4.3,1496,1,32
56,MegaSave Retail,3.8,1373,4,22
56,NovaMart,4.4,1589,2,103
57,QuickCart Seller,4.2,7334,2,72
57,MegaSave Retail,3.7,6710,3,14
57,TrendyHub Retail,4.6,6933,4,107
58,SunriseTraders,4.3,3934,1,101
58,QuickCart Seller,4.3,4117,5,15
59,TrendyHub Retail,4.7,2366,4,19
59,ShopEasy India,4.5,2232,1,117
60,QuickCart Seller,4.3,1194,6,88
60,NovaMart,4.5,1123,2,26
60,KiranaOnline,4.0,1076,1,84
60,TrendyHub Retail,4.6,1124,2,118
61,KiranaOnline,4.0,16798,2,109
61,UrbanKart Traders,4.0,16181,4,64
61,QuickCart Seller,4.1,15361,3,76
62,Elite Outlet,4.7,15460,3,69
62,MegaSave Retail,3.9,16388,6,88
63,BharatMart,4.3,23847,2,77
63,TrendyHub Retail,4.7,25278,4,65
64,UrbanKart Traders,4.1,6310,1,53
64,Elite Outlet,4.7,7019,3,90
64,Value Bazaar,3.9,6711,3,100
64,QuickCart Seller,4.3,6235,2,19
65,ShopEasy India,4.5,7942,3,44
65,PrimeDeals Store,4.8,7166,1,99
65,MegaSave Retail,3.7,7547,2,90
66,UrbanKart Traders,4.2,8487,1,5
66,MegaSave Retail,3.8,8191,4,37
66,KiranaOnline,3.9,8614,6,53
67,TrendyHub Retail,4.5,2773,2,108
67,NovaMart,4.4,2840,2,103
67,MegaSave Retail,3.8,3061,3,62
68,SunriseTraders,4.3,5632,1,75
68,NovaMart,4.4,5125,4,96
68,PrimeDeals Store,4.8,5837,1,93
69,UrbanKart Traders,4.1,24245,4,55
69,BharatMart,4.2,24092,6,73
69,ShopEasy India,4.5,25538,2,62
70,KiranaOnline,3.9,28697,2,26
70,PrimeDeals Store,4.8,30419,1,53
71,Elite Outlet,4.7,12177,3,48
71,TrendyHub Retail,4.6,13818,2,93
71,MegaSave Retail,3.8,12982,6,70
72,Elite Outlet,4.8,1879,2,54
72,MegaSave Retail,3.8,1613,4,54
73,Value Bazaar,3.9,2939,5,116
73,ShopEasy India,4.3,2905,2,84
73,KiranaOnline,4.0,3256,2,70
74,TrendyHub Retail,4.5,12225,2,20
74,KiranaOnline,4.0,12605,4,117
75,SunriseTraders,4.1,838,6,102
75,ShopEasy India,4.4,865,4,17
75,Value Bazaar,3.9,954,2,107
76,NovaMart,4.4,5396,2,61
76,Value Bazaar,3.9,6046,2,75
76,MegaSave Retail,3.9,5649,6,16
77,NovaMart,4.6,1392,3,62
77,SunriseTraders,4.2,1543,6,57
78,Elite Outlet,4.7,5547,1,18
78,BharatMart,4.3,5175,5,82
79,PrimeDeals Store,4.8,14161,2,101
79,QuickCart Seller,4.1,14365,2,103
79,SunriseTraders,4.2,13182,5,115
80,ShopEasy India,4.3,9687,1,83
80,MegaSave Retail,3.7,9634,4,114
80,KiranaOnline,4.1,9317,6,98
81,UrbanKart Traders,4.0,27812,2,82
81,Value Bazaar,3.8,30724,5,48
81,KiranaOnline,4.1,30018,6,20
82,SunriseTraders,4.2,54280,4,52
82,Elite Outlet,4.9,58305,4,62
82,QuickCart Seller,4.2,53944,3,102
83,QuickCart Seller,4.3,20570,3,10
83,Value Bazaar,3.9,23434,3,74
83,PrimeDeals Store,4.8,21171,2,38
84,QuickCart Seller,4.1,2404,2,11
84,PrimeDeals Store,4.8,2805,5,74
84,TrendyHub Retail,4.6,2687,3,86
85,PrimeDeals Store,4.8,2553,4,13
85,UrbanKart Traders,4.2,2760,1,80
85,BharatMart,4.4,2740,1,61
86,KiranaOnline,4.1,9654,5,61
86,TrendyHub Retail,4.5,8955,2,39
86,PrimeDeals Store,4.7,10426,1,55
86,SunriseTraders,4.3,8943,6,57
87,NovaMart,4.4,4861,5,60
87,Elite Outlet,4.7,5024,3,84
87,UrbanKart Traders,4.0,4483,5,93
87,TrendyHub Retail,4.5,4948,2,54
88,SunriseTraders,4.3,10452,4,16
88,BharatMart,4.2,10808,3,16
89,KiranaOnline,4.1,6770,2,76
89,BharatMart,4.3,7627,2,24
90,PrimeDeals Store,4.6,41338,4,51
90,Elite Outlet,4.7,44898,5,65
91,Elite Outlet,4.7,16317,4,107
91,MegaSave Retail,3.8,15393,3,33
92,NovaMart,4.6,464,3,118
92,Elite Outlet,4.9,531,1,44
92,TrendyHub Retail,4.5,526,5,14
93,PrimeDeals Store,4.8,5630,4,13
93,QuickCart Seller,4.1,5324,6,88
93,UrbanKart Traders,4.0,5404,1,45
94,Elite Outlet,4.7,5148,3,57
94,Value Bazaar,4.0,4857,4,10
95,Elite Outlet,4.9,1527,2,85
95,MegaSave Retail,3.8,1587,3,37
95,NovaMart,4.5,1524,5,73
96,BharatMart,4.3,3413,4,10
96,Elite Outlet,4.8,3544,2,20
96,TrendyHub Retail,4.7,3420,2,20
96,SunriseTraders,4.1,3167,2,31
97,ShopEasy India,4.5,3565,1,72
97,NovaMart,4.5,3779,5,87
98,ShopEasy India,4.3,6617,3,59
98,MegaSave Retail,3.9,6833,2,55
99,Value Bazaar,3.9,25186,5,67
99,ShopEasy India,4.3,24270,4,98
99,MegaSave Retail,3.9,25759,5,75
100,ShopEasy India,4.3,19134,2,104
100,PrimeDeals Store,4.6,18051,2,112
101,PrimeDeals Store,4.7,11876,5,64
101,QuickCart Seller,4.2,12795,5,118
101,BharatMart,4.3,12082,2,16
102,Elite Outlet,4.7,85181,5,36
102,PrimeDeals Store,4.8,96319,5,33
103,Elite Outlet,4.7,21117,1,40
103,PrimeDeals Store,4.8,22384,5,101
104,QuickCart Seller,4.1,5180,3,27
104,BharatMart,4.3,4636,3,101
104,KiranaOnline,4.0,4539,4,13
105,TrendyHub Retail,4.6,6381,1,67
105,QuickCart Seller,4.1,5707,6,61
106,ShopEasy India,4.3,10197,3,9
106,MegaSave Retail,3.7,10228,7,66
106,UrbanKart Traders,4.1,10683,5,119
106,NovaMart,4.5,11078,5,119
107,SunriseTraders,4.2,547,2,36
107,ShopEasy India,4.4,630,1,44
108,ShopEasy India,4.5,4472,3,101
108,TrendyHub Retail,4.6,4317,3,17
109,Value Bazaar,4.0,74657,2,118
109,UrbanKart Traders,4.2,77144,1,95
110,UrbanKart Traders,4.2,8997,1,48
110,MegaSave Retail,3.9,9537,2,95
111,ShopEasy India,4.3,16736,2,67
111,MegaSave Retail,3.7,14660,4,115
111,KiranaOnline,3.9,15456,3,116
112,MegaSave Retail,3.8,2128,7,7
112,QuickCart Seller,4.2,2002,3,38
113,Value Bazaar,3.9,8288,6,17
113,TrendyHub Retail,4.6,7711,5,23
113,SunriseTraders,4.3,8160,4,30
114,QuickCart Seller,4.1,14258,6,119
114,BharatMart,4.4,15719,2,38
115,QuickCart Seller,4.2,194,5,78
115,SunriseTraders,4.1,210,4,27
116,QuickCart Seller,4.3,841,4,8
116,UrbanKart Traders,4.2,816,2,33
117,QuickCart Seller,4.1,5755,6,20
117,TrendyHub Retail,4.6,6274,4,62
117,MegaSave Retail,3.7,5767,2,73
117,Value Bazaar,3.8,5763,3,85
118,UrbanKart Traders,4.1,341,3,29
118,SunriseTraders,4.3,321,6,107
119,NovaMart,4.6,12187,1,93
119,SunriseTraders,4.3,11662,1,17
120,Value Bazaar,3.8,2013,2,32
120,SunriseTraders,4.2,2365,4,55
121,Value Bazaar,3.8,25345,5,116
121,ShopEasy India,4.3,23910,1,116
121,PrimeDeals Store,4.8,24318,1,95
122,TrendyHub Retail,4.7,133995,5,102
122,SunriseTraders,4.2,137521,2,102
122,ShopEasy India,4.5,124166,2,51
122,NovaMart,4.4,125318,3,81
123,Elite Outlet,4.9,20735,1,54
123,SunriseTraders,4.1,19960,4,8
123,KiranaOnline,3.9,20402,2,50
123,TrendyHub Retail,4.7,19564,5,20
124,KiranaOnline,4.0,769,2,70
124,UrbanKart Traders,4.2,815,4,115
125,ShopEasy India,4.5,1085,2,107
125,KiranaOnline,3.9,1080,5,28
125,SunriseTraders,4.1,1145,5,71
126,QuickCart Seller,4.3,12571,4,67
126,SunriseTraders,4.2,11328,1,44
126,ShopEasy India,4.5,11393,2,93
126,NovaMart,4.4,12107,2,101
127,PrimeDeals Store,4.7,2511,3,67
127,BharatMart,4.2,2426,3,56
127,UrbanKart Traders,4.0,2453,6,64
128,MegaSave Retail,3.8,9710,3,7
128,ShopEasy India,4.3,10394,6,6
129,TrendyHub Retail,4.5,59152,2,64
129,Value Bazaar,4.0,64707,4,54
129,SunriseTraders,4.2,61383,2,84
130,MegaSave Retail,3.7,24447,3,109
130,SunriseTraders,4.1,22441,2,45
130,PrimeDeals Store,4.7,22723,5,21
130,QuickCart Seller,4.3,23078,4,5
131,SunriseTraders,4.3,1392,3,43
131,KiranaOnline,4.0,1416,4,10
131,MegaSave Retail,3.8,1499,4,26
132,TrendyHub Retail,4.6,720,4,96
132,MegaSave Retail,3.8,680,2,104
132,KiranaOnline,4.0,743,4,90
132,NovaMart,4.4,699,3,21
133,TrendyHub Retail,4.5,346,5,59
133,NovaMart,4.6,367,3,38
134,NovaMart,4.4,7345,4,108
134,KiranaOnline,3.9,7786,3,113
135,NovaMart,4.6,794,1,85
135,PrimeDeals Store,4.6,800,3,61
135,SunriseTraders,4.2,758,2,94
136,ShopEasy India,4.4,5576,6,55
136,PrimeDeals Store,4.7,5290,5,13
136,Elite Outlet,4.8,5260,1,31
137,BharatMart,4.4,791,3,80
137,UrbanKart Traders,4.0,838,4,16
138,ShopEasy India,4.3,1703,5,67
138,BharatMart,4.2,1805,5,90
139,QuickCart Seller,4.2,23626,1,42
139,MegaSave Retail,3.7,22538,3,77
140,NovaMart,4.6,10460,2,60
140,BharatMart,4.4,10099,3,97
140,QuickCart Seller,4.1,9981,5,14
141,MegaSave Retail,3.8,8346,4,51
141,PrimeDeals Store,4.8,7874,2,102
142,TrendyHub Retail,4.5,47638,3,5
142,NovaMart,4.4,46818,1,105
142,PrimeDeals Store,4.7,41676,4,8
142,KiranaOnline,4.0,46681,6,70
143,BharatMart,4.4,21400,5,58
143,MegaSave Retail,3.7,22684,2,19
143,Value Bazaar,3.9,21786,6,96
144,PrimeDeals Store,4.6,2984,2,67
144,QuickCart Seller,4.2,3246,4,86
144,Elite Outlet,4.7,2974,4,49
144,SunriseTraders,4.1,3334,1,85
145,UrbanKart Traders,4.1,4715,5,99
145,Elite Outlet,4.7,4833,2,117
145,BharatMart,4.2,4569,2,85
146,Elite Outlet,4.8,13473,3,114
146,SunriseTraders,4.3,12650,2,41
147,NovaMart,4.4,4446,1,79
147,PrimeDeals Store,4.6,4194,1,53
148,KiranaOnline,4.1,3979,5,28
148,Value Bazaar,3.9,3688,5,14
148,SunriseTraders,4.3,4012,3,32
149,Elite Outlet,4.8,43418,3,51
149,Value Bazaar,3.8,45173,3,58
150,Elite Outlet,4.8,39166,3,36
150,MegaSave Retail,3.7,38125,6,39
150,KiranaOnline,3.9,34743,3,62
151,ShopEasy India,4.4,2760,4,73
151,Elite Outlet,4.7,2928,5,39
151,KiranaOnline,3.9,2744,2,110
152,Elite Outlet,4.7,2429,2,86
152,PrimeDeals Store,4.6,2575,1,39
153,MegaSave Retail,3.9,2756,3,56
153,Elite Outlet,4.9,2600,1,62
154,Value Bazaar,3.8,17309,6,40
154,SunriseTraders,4.3,17214,1,115
154,NovaMart,4.4,18871,5,28
154,KiranaOnline,4.0,16743,3,90
155,KiranaOnline,4.1,1389,4,91
155,TrendyHub Retail,4.6,1313,3,71
155,UrbanKart Traders,4.1,1399,4,80
155,Value Bazaar,4.0,1455,2,81
156,Elite Outlet,4.8,2673,1,52
156,Value Bazaar,3.9,2775,5,29
156,QuickCart Seller,4.3,2781,4,91
157,QuickCart Seller,4.1,3140,4,48
157,Elite Outlet,4.7,3100,1,104
157,SunriseTraders,4.1,3126,1,62
157,NovaMart,4.4,3334,2,86
158,ShopEasy India,4.3,3081,3,111
158,UrbanKart Traders,4.0,2813,5,63
159,Value Bazaar,3.8,10496,4,107
159,KiranaOnline,4.0,9710,4,16
160,SunriseTraders,4.3,18575,4,99
160,MegaSave Retail,3.9,19518,2,16
161,PrimeDeals Store,4.6,21434,1,78
161,Value Bazaar,3.8,20388,4,56
161,BharatMart,4.3,21031,5,44
161,QuickCart Seller,4.2,19493,3,22
162,UrbanKart Traders,4.1,93341,6,119
162,PrimeDeals Store,4.7,88058,3,33
163,NovaMart,4.4,21021,1,33
163,PrimeDeals Store,4.8,20251,2,27
164,PrimeDeals Store,4.8,5873,1,78
164,ShopEasy India,4.3,5784,5,31
164,BharatMart,4.4,5186,2,83
165,NovaMart,4.6,8119,3,55
165,PrimeDeals Store,4.6,8549,1,22
165,Elite Outlet,4.8,8981,1,97
165,BharatMart,4.4,8495,3,118
166,Elite Outlet,4.9,14530,1,120
166,QuickCart Seller,4.3,15402,3,35
167,QuickCart Seller,4.1,6123,1,96
167,MegaSave Retail,3.8,5835,5,50
167,TrendyHub Retail,4.7,5721,1,49
168,Elite Outlet,4.7,9130,4,9
168,KiranaOnline,4.0,9454,3,116
169,Value Bazaar,4.0,26849,3,73
169,NovaMart,4.5,27247,5,26
169,UrbanKart Traders,4.0,29168,3,107
170,MegaSave Retail,3.7,3981,6,31
170,KiranaOnline,3.9,4507,6,80
171,TrendyHub Retail,4.7,3955,4,52
171,SunriseTraders,4.1,4402,3,111
171,BharatMart,4.2,4004,3,44
172,BharatMart,4.2,1049,5,51
172,MegaSave Retail,3.8,925,5,26
172,Elite Outlet,4.8,1063,3,64
173,QuickCart Seller,4.3,5001,2,76
173,ShopEasy India,4.4,4718,2,51
174,SunriseTraders,4.1,9303,5,11
174,KiranaOnline,3.9,9657,6,107
175,ShopEasy India,4.4,1891,2,108
175,Elite Outlet,4.8,2160,1,48
175,NovaMart,4.5,2069,3,98
176,ShopEasy India,4.3,6448,3,25
176,TrendyHub Retail,4.6,6688,3,109
176,KiranaOnline,3.9,6516,3,33
177,KiranaOnline,3.9,5052,5,18
177,TrendyHub Retail,4.6,5444,2,92
177,PrimeDeals Store,4.6,5383,5,46
178,BharatMart,4.4,4306,3,99
178,SunriseTraders,4.3,4524,5,57
179,KiranaOnline,4.1,19986,6,99
179,Elite Outlet,4.8,22661,4,71
180,UrbanKart Traders,4.1,3010,6,65
180,MegaSave Retail,3.7,3191,7,62
181,TrendyHub Retail,4.5,3385,2,66
181,SunriseTraders,4.3,3193,2,62
182,KiranaOnline,4.0,120312,5,20
182,ShopEasy India,4.4,118850,3,12
182,NovaMart,4.4,115699,1,54
183,QuickCart Seller,4.2,19789,1,60
183,MegaSave Retail,3.9,18278,4,39
184,PrimeDeals Store,4.8,1386,3,32
184,BharatMart,4.3,1365,5,101
184,Value Bazaar,3.8,1460,4,110
185,PrimeDeals Store,4.7,3307,1,111
185,QuickCart Seller,4.2,3413,2,65
186,TrendyHub Retail,4.5,15603,4,78
186,Value Bazaar,3.8,14135,2,90
186,PrimeDeals Store,4.7,13937,3,101
187,QuickCart Seller,4.1,1884,5,63
187,Elite Outlet,4.7,1997,2,107
188,NovaMart,4.4,2993,2,91
188,Elite Outlet,4.8,2901,2,68
189,SunriseTraders,4.1,10875,1,109
189,TrendyHub Retail,4.5,11537,1,81
190,SunriseTraders,4.2,18361,3,53
190,NovaMart,4.5,18640,2,59
190,QuickCart Seller,4.1,19463,2,70
191,TrendyHub Retail,4.5,5782,4,77
191,MegaSave Retail,3.9,5868,4,83
191,Elite Outlet,4.8,5298,2,99
192,TrendyHub Retail,4.6,2710,3,87
192,QuickCart Seller,4.3,2683,1,108
192,PrimeDeals Store,4.7,2495,5,49
193,TrendyHub Retail,4.7,7971,2,24
193,PrimeDeals Store,4.7,7057,2,66
193,ShopEasy India,4.4,7185,5,45
193,NovaMart,4.4,7025,4,10
194,TrendyHub Retail,4.7,1268,2,16
194,KiranaOnline,4.1,1196,1,102
195,MegaSave Retail,3.7,648,5,54
195,NovaMart,4.6,674,1,89
195,QuickCart Seller,4.2,708,3,118
196,NovaMart,4.6,4580,5,75
196,PrimeDeals Store,4.7,4629,5,117
196,Value Bazaar,3.8,4328,2,87
197,TrendyHub Retail,4.5,7554,2,118
197,Elite Outlet,4.8,7840,1,30
198,KiranaOnline,4.1,5433,2,119
198,BharatMart,4.3,5865,5,54
199,BharatMart,4.2,7672,4,12
199,SunriseTraders,4.1,8067,2,66
199,UrbanKart Traders,4.1,8122,1,50
200,QuickCart Seller,4.2,12180,5,63
200,MegaSave Retail,3.9,11620,3,73
201,BharatMart,4.2,14661,2,30
201,TrendyHub Retail,4.5,16038,4,12
201,QuickCart Seller,4.2,16396,6,68
202,NovaMart,4.5,35430,5,73
202,BharatMart,4.4,37664,5,27
202,UrbanKart Traders,4.0,34156,6,36
202,ShopEasy India,4.3,38132,3,72
203,PrimeDeals Store,4.6,18393,5,9
203,QuickCart Seller,4.3,19775,1,85
203,ShopEasy India,4.3,18225,5,19
204,TrendyHub Retail,4.5,3651,3,103
204,Elite Outlet,4.9,3902,3,47
205,TrendyHub Retail,4.5,6699,3,21
205,NovaMart,4.6,6779,4,37
205,QuickCart Seller,4.2,6482,4,17
205,BharatMart,4.2,7044,5,89
206,UrbanKart Traders,4.2,1655,4,69
206,TrendyHub Retail,4.7,1646,1,17
206,ShopEasy India,4.4,1785,5,31
206,QuickCart Seller,4.3,1604,2,9
207,UrbanKart Traders,4.2,3437,6,117
207,MegaSave Retail,3.7,3299,3,65
207,PrimeDeals Store,4.8,3395,1,106
207,QuickCart Seller,4.2,3731,5,105
208,QuickCart Seller,4.3,9172,5,20
208,MegaSave Retail,3.9,9470,3,11
209,Value Bazaar,4.0,87197,2,15
209,QuickCart Seller,4.3,81538,3,22
209,UrbanKart Traders,4.1,80104,1,95
210,SunriseTraders,4.1,34859,5,19
210,NovaMart,4.4,31425,1,105
211,SunriseTraders,4.1,6721,4,94
211,KiranaOnline,4.1,7036,4,67
211,PrimeDeals Store,4.6,7263,2,8
212,ShopEasy India,4.3,1327,2,84
212,MegaSave Retail,3.7,1242,2,5
212,PrimeDeals Store,4.7,1155,2,74
213,MegaSave Retail,3.7,10425,3,8
213,Elite Outlet,4.9,9622,4,13
214,TrendyHub Retail,4.7,10823,3,112
214,Value Bazaar,3.9,11299,2,10
214,ShopEasy India,4.3,11217,3,24
214,Elite Outlet,4.7,11137,1,63
215,BharatMart,4.2,1284,3,47
215,Value Bazaar,3.8,1255,3,92
215,UrbanKart Traders,4.2,1199,2,17
216,NovaMart,4.6,1993,5,101
216,Value Bazaar,4.0,1880,6,19
217,ShopEasy India,4.4,2723,1,17
217,NovaMart,4.5,2569,1,64
218,PrimeDeals Store,4.8,7561,2,116
218,Value Bazaar,4.0,6840,2,96
219,BharatMart,4.2,19925,1,93
219,ShopEasy India,4.4,18682,2,39
220,KiranaOnline,4.0,20864,4,55
220,BharatMart,4.2,20216,3,20
221,PrimeDeals Store,4.8,29649,3,119
221,MegaSave Retail,3.9,27496,5,67
222,Value Bazaar,3.9,69931,3,21
222,Elite Outlet,4.7,68364,4,21
222,BharatMart,4.4,71186,3,106
223,Elite Outlet,4.7,19034,3,9
223,TrendyHub Retail,4.7,17501,2,33
223,MegaSave Retail,3.7,18084,7,48
224,NovaMart,4.4,6197,2,7
224,QuickCart Seller,4.2,5886,2,18
225,SunriseTraders,4.3,1838,1,98
225,PrimeDeals Store,4.6,1948,3,17
226,KiranaOnline,3.9,2849,6,60
226,Elite Outlet,4.8,3020,1,115
227,ShopEasy India,4.3,5592,4,69
227,PrimeDeals Store,4.8,5228,5,96
227,Value Bazaar,3.9,4940,2,18
228,Elite Outlet,4.8,2433,1,95
228,BharatMart,4.2,2227,1,61
228,SunriseTraders,4.1,2189,4,78
229,Elite Outlet,4.7,65501,3,29
229,SunriseTraders,4.2,65132,3,74
229,Value Bazaar,4.0,62661,6,109
230,Value Bazaar,4.0,44928,6,80
230,SunriseTraders,4.2,50134,1,25
230,TrendyHub Retail,4.5,50493,4,94
231,Elite Outlet,4.7,8403,3,14
231,BharatMart,4.4,8813,2,84
231,ShopEasy India,4.3,8306,3,52
232,UrbanKart Traders,4.2,2991,3,29
232,Elite Outlet,4.8,2822,3,84
233,QuickCart Seller,4.1,2507,5,18
233,UrbanKart Traders,4.0,2365,5,61
234,TrendyHub Retail,4.6,3389,5,15
234,UrbanKart Traders,4.2,3718,1,118
234,NovaMart,4.4,3415,2,111
235,QuickCart Seller,4.3,1909,6,103
235,Elite Outlet,4.8,1804,5,51
235,MegaSave Retail,3.7,1801,5,114
235,Value Bazaar,4.0,1854,4,21
236,QuickCart Seller,4.2,6529,5,47
236,KiranaOnline,4.0,6159,3,43
237,QuickCart Seller,4.3,5084,5,31
237,Value Bazaar,3.9,4908,3,105
237,TrendyHub Retail,4.5,5017,3,56
238,NovaMart,4.4,614,3,87
238,KiranaOnline,4.1,636,3,50
238,TrendyHub Retail,4.5,669,3,91
239,QuickCart Seller,4.1,6474,2,83
239,BharatMart,4.3,6866,1,6
239,UrbanKart Traders,4.0,6167,5,77
240,NovaMart,4.6,4202,5,81
240,Value Bazaar,3.8,4405,2,41
241,KiranaOnline,3.9,10832,5,42
241,TrendyHub Retail,4.5,11582,3,7
242,BharatMart,4.2,109555,5,103
242,MegaSave Retail,3.7,109670,3,36
242,SunriseTraders,4.3,114552,1,46
243,TrendyHub Retail,4.6,16887,4,15
243,UrbanKart Traders,4.2,17900,5,6
244,PrimeDeals Store,4.7,2052,2,92
244,Value Bazaar,3.8,1898,4,81
244,KiranaOnline,4.0,1799,2,45
245,Value Bazaar,4.0,5336,4,92
245,NovaMart,4.6,5522,3,101
246,UrbanKart Traders,4.1,3864,5,58
246,SunriseTraders,4.3,3697,1,59
247,Value Bazaar,3.8,1336,3,84
247,MegaSave Retail,3.8,1265,5,16
247,SunriseTraders,4.1,1299,3,46
247,TrendyHub Retail,4.6,1276,2,47
248,PrimeDeals Store,4.7,8339,4,71
248,Elite Outlet,4.7,7866,3,46
248,SunriseTraders,4.1,7731,2,56
248,BharatMart,4.4,7986,3,84
249,TrendyHub Retail,4.7,53258,1,108
249,PrimeDeals Store,4.6,53252,3,100
249,QuickCart Seller,4.1,50685,3,110
250,Value Bazaar,4.0,14667,5,80
250,NovaMart,4.4,13062,5,12
250,PrimeDeals Store,4.7,13847,2,19
250,ShopEasy India,4.4,13183,5,27
251,BharatMart,4.3,10303,2,34
251,MegaSave Retail,3.9,9076,6,83
251,UrbanKart Traders,4.2,9933,3,86
252,SunriseTraders,4.1,1541,2,97
252,NovaMart,4.5,1452,5,46
252,TrendyHub Retail,4.5,1492,5,83
253,Value Bazaar,3.8,4964,4,23
253,TrendyHub Retail,4.5,4541,2,14
253,NovaMart,4.5,4476,5,11
254,Value Bazaar,4.0,13928,5,75
254,NovaMart,4.4,13358,4,75
254,PrimeDeals Store,4.7,14200,4,37
254,Elite Outlet,4.9,14846,1,7
255,PrimeDeals Store,4.8,564,3,73
255,BharatMart,4.4,565,2,26
255,KiranaOnline,3.9,546,5,66
255,NovaMart,4.5,579,3,16
256,NovaMart,4.6,4049,2,104
256,Elite Outlet,4.8,3703,1,25
257,NovaMart,4.5,7122,5,27
257,MegaSave Retail,3.7,6775,2,103
257,TrendyHub Retail,4.7,7641,4,46
258,QuickCart Seller,4.1,1998,4,112
258,SunriseTraders,4.3,1883,2,98
259,UrbanKart Traders,4.0,17636,6,45
259,ShopEasy India,4.3,18651,2,46
259,QuickCart Seller,4.1,18650,2,19
259,PrimeDeals Store,4.8,18735,3,18
260,PrimeDeals Store,4.6,12262,2,45
260,ShopEasy India,4.5,12755,5,29
261,KiranaOnline,4.0,25011,2,65
261,UrbanKart Traders,4.0,25249,3,111
261,ShopEasy India,4.3,22424,2,26
261,Elite Outlet,4.9,23112,3,63
262,ShopEasy India,4.5,26164,2,10
262,TrendyHub Retail,4.7,26353,1,74
262,PrimeDeals Store,4.7,27802,2,10
262,SunriseTraders,4.3,25982,2,32
263,ShopEasy India,4.5,16804,2,60
263,MegaSave Retail,3.7,17347,6,14
263,Elite Outlet,4.9,18081,1,59
264,ShopEasy India,4.4,4171,3,94
264,SunriseTraders,4.2,4488,3,75
264,PrimeDeals Store,4.6,4530,2,15
265,PrimeDeals Store,4.8,8812,1,69
265,SunriseTraders,4.1,8867,3,18
265,TrendyHub Retail,4.7,9336,4,119
266,BharatMart,4.4,5160,1,102
266,QuickCart Seller,4.2,4646,5,32
267,BharatMart,4.3,3073,2,46
267,PrimeDeals Store,4.8,3166,3,17
268,SunriseTraders,4.3,1459,5,55
268,PrimeDeals Store,4.7,1547,1,94
268,NovaMart,4.5,1474,2,85
269,NovaMart,4.4,34755,1,5
269,TrendyHub Retail,4.7,31471,4,18
269,Value Bazaar,3.8,30498,3,86
269,Elite Outlet,4.8,30766,4,119
270,KiranaOnline,4.0,26848,2,95
270,ShopEasy India,4.5,29253,3,63
270,UrbanKart Traders,4.2,27604,3,74
270,SunriseTraders,4.3,29676,3,56
271,QuickCart Seller,4.3,10433,3,61
271,BharatMart,4.4,11935,6,38
271,ShopEasy India,4.3,10817,2,21
272,PrimeDeals Store,4.8,3005,3,53
272,NovaMart,4.6,2917,5,69
272,SunriseTraders,4.2,2772,5,77
273,Value Bazaar,3.9,7032,5,118
273,Elite Outlet,4.7,7149,2,30
273,BharatMart,4.2,6792,2,33
273,KiranaOnline,4.1,6859,2,118
274,BharatMart,4.2,5988,6,110
274,NovaMart,4.5,5413,5,20
275,Elite Outlet,4.8,1271,3,115
275,ShopEasy India,4.3,1094,5,53
276,BharatMart,4.3,1325,3,111
276,KiranaOnline,4.1,1473,5,102
276,SunriseTraders,4.2,1504,5,48
276,MegaSave Retail,3.7,1331,3,71
277,SunriseTraders,4.2,1631,3,65
277,UrbanKart Traders,4.2,1779,2,68
277,BharatMart,4.4,1634,6,24
278,BharatMart,4.2,3152,4,70
278,TrendyHub Retail,4.7,3636,4,74
279,Value Bazaar,3.9,4500,3,45
279,BharatMart,4.4,5185,5,91
279,TrendyHub Retail,4.6,4648,5,110
280,PrimeDeals Store,4.7,21459,2,69
280,MegaSave Retail,3.7,20601,3,60
280,BharatMart,4.2,21877,5,101
280,QuickCart Seller,4.3,22721,4,85
281,UrbanKart Traders,4.0,7012,5,71
281,PrimeDeals Store,4.8,7082,1,84
281,MegaSave Retail,3.9,7229,3,91
282,Elite Outlet,4.7,61030,4,110
282,NovaMart,4.4,63054,5,81
282,BharatMart,4.2,62767,2,52
283,SunriseTraders,4.3,17229,6,113
283,UrbanKart Traders,4.2,15279,2,109
283,TrendyHub Retail,4.6,17293,1,83
284,UrbanKart Traders,4.1,6458,6,46
284,Value Bazaar,3.8,7008,5,70
284,KiranaOnline,4.0,6821,3,26
284,ShopEasy India,4.5,6746,5,28
285,KiranaOnline,3.9,3673,2,59
285,Elite Outlet,4.7,3985,5,114
285,NovaMart,4.4,3936,6,9
286,UrbanKart Traders,4.1,6019,2,43
286,MegaSave Retail,3.8,5804,5,26
287,TrendyHub Retail,4.6,4799,3,65
287,ShopEasy India,4.3,5087,5,64
288,TrendyHub Retail,4.6,7741,1,47
288,QuickCart Seller,4.3,7257,5,111
289,QuickCart Seller,4.2,17022,3,91
289,ShopEasy India,4.4,17320,3,49
289,Value Bazaar,3.8,14728,5,58
290,TrendyHub Retail,4.6,44311,2,32
290,ShopEasy India,4.4,39320,4,104
291,PrimeDeals Store,4.7,12436,1,58
291,BharatMart,4.4,11732,4,34
292,MegaSave Retail,3.9,1626,4,98
292,SunriseTraders,4.3,1685,3,117
293,ShopEasy India,4.5,10109,3,79
293,QuickCart Seller,4.2,8993,3,86
293,NovaMart,4.4,9933,2,102
293,Value Bazaar,4.0,9502,5,110
294,TrendyHub Retail,4.7,15696,4,44
294,Elite Outlet,4.7,16925,2,117
294,NovaMart,4.4,16136,2,50
294,KiranaOnline,3.9,15642,4,66
295,PrimeDeals Store,4.6,1888,5,103
295,TrendyHub Retail,4.7,1830,5,95
295,Elite Outlet,4.9,1800,1,30
295,UrbanKart Traders,4.1,1897,2,104
296,Elite Outlet,4.9,5410,3,44
296,Value Bazaar,3.8,5588,3,95
297,QuickCart Seller,4.1,4079,2,50
297,TrendyHub Retail,4.5,4318,4,83
297,BharatMart,4.4,3810,3,32
298,TrendyHub Retail,4.6,5119,3,75
298,KiranaOnline,4.0,4878,6,119
298,ShopEasy India,4.3,4586,4,85
299,UrbanKart Traders,4.2,15652,5,68
299,Elite Outlet,4.9,17115,5,60
299,MegaSave Retail,3.7,15366,2,47
299,Value Bazaar,3.9,15752,4,54
300,QuickCart Seller,4.2,5720,2,92
300,MegaSave Retail,3.9,6063,6,95
301,Value Bazaar,3.9,20275,5,65
301,BharatMart,4.4,19127,3,92
302,MegaSave Retail,3.9,99607,6,19
302,ShopEasy India,4.4,102575,2,8
302,UrbanKart Traders,4.1,100853,5,33
302,QuickCart Seller,4.2,97304,5,29
303,Value Bazaar,3.8,14397,6,47
303,QuickCart Seller,4.3,15776,1,102
303,ShopEasy India,4.3,15648,3,90
303,PrimeDeals Store,4.8,15826,2,56
304,Value Bazaar,4.0,2360,5,60
304,QuickCart Seller,4.3,2363,3,71
304,PrimeDeals Store,4.7,2530,1,21
304,NovaMart,4.6,2639,5,113
305,ShopEasy India,4.3,7407,4,41
305,QuickCart Seller,4.2,7806,3,86
305,Value Bazaar,4.0,6851,4,29
306,SunriseTraders,4.2,7298,2,15
306,MegaSave Retail,3.8,6496,2,81
306,Elite Outlet,4.8,6668,2,17
307,ShopEasy India,4.3,718,3,98
307,TrendyHub Retail,4.7,676,1,54
307,Value Bazaar,3.9,756,2,112
307,NovaMart,4.4,698,5,92
308,UrbanKart Traders,4.0,711,2,104
308,TrendyHub Retail,4.6,767,5,62
308,ShopEasy India,4.5,705,2,61
309,NovaMart,4.4,93010,2,62
309,UrbanKart Traders,4.0,87803,2,15
309,KiranaOnline,3.9,87745,6,14
310,TrendyHub Retail,4.7,8722,2,60
310,PrimeDeals Store,4.7,9486,2,68
311,SunriseTraders,4.2,12715,3,98
311,NovaMart,4.6,13478,1,11
312,MegaSave Retail,3.8,436,5,97
312,QuickCart Seller,4.2,455,6,49
313,Value Bazaar,4.0,2301,4,20
313,TrendyHub Retail,4.6,2039,2,100
314,QuickCart Seller,4.1,7540,1,75
314,SunriseTraders,4.2,7517,2,44
314,NovaMart,4.5,8000,3,57
315,ShopEasy India,4.4,473,2,53
315,MegaSave Retail,3.7,492,7,35
315,Elite Outlet,4.8,512,3,117
316,TrendyHub Retail,4.7,3250,1,79
316,PrimeDeals Store,4.7,3519,1,59
317,BharatMart,4.4,6007,4,44
317,TrendyHub Retail,4.5,6290,3,70
317,ShopEasy India,4.5,6063,3,14
318,BharatMart,4.3,6451,5,60
318,Elite Outlet,4.9,5911,1,76
318,UrbanKart Traders,4.0,5568,4,42
319,BharatMart,4.2,3130,2,94
319,Value Bazaar,4.0,2953,2,35
320,KiranaOnline,4.0,14992,3,12
320,TrendyHub Retail,4.6,14184,1,55
321,SunriseTraders,4.2,2264,5,93
321,QuickCart Seller,4.2,2140,1,89
322,QuickCart Seller,4.3,17859,5,116
322,BharatMart,4.2,18538,6,105
322,Elite Outlet,4.8,18582,1,96
323,QuickCart Seller,4.2,15439,2,86
323,MegaSave Retail,3.8,15828,5,49
323,PrimeDeals Store,4.6,15110,1,65
324,QuickCart Seller,4.2,4672,1,26
324,NovaMart,4.4,4684,2,39
324,UrbanKart Traders,4.1,4993,2,14
325,QuickCart Seller,4.1,2323,3,30
325,NovaMart,4.6,2462,2,28
326,TrendyHub Retail,4.5,8614,2,101
326,KiranaOnline,3.9,7586,2,103
327,NovaMart,4.5,2676,2,10
327,TrendyHub Retail,4.7,2507,3,45
327,QuickCart Seller,4.2,2277,2,94
328,PrimeDeals Store,4.7,6564,5,79
328,TrendyHub Retail,4.5,7212,4,97
328,Elite Outlet,4.9,6938,4,103
329,SunriseTraders,4.1,64865,5,55
329,ShopEasy India,4.3,74988,4,93
329,PrimeDeals Store,4.6,75290,4,11
330,UrbanKart Traders,4.1,21370,3,80
330,Value Bazaar,3.8,23958,5,20
330,SunriseTraders,4.3,24016,3,87
331,BharatMart,4.3,16262,6,28
331,KiranaOnline,3.9,15298,2,68
331,ShopEasy India,4.3,14191,6,55
332,PrimeDeals Store,4.6,1964,5,81
332,NovaMart,4.4,1828,1,6
333,Elite Outlet,4.9,4812,1,45
333,BharatMart,4.4,4540,3,46
334,BharatMart,4.2,19485,5,42
334,PrimeDeals Store,4.6,18008,4,63
334,NovaMart,4.6,18104,2,32
334,KiranaOnline,4.1,18771,3,98
335,Value Bazaar,4.0,1096,5,98
335,BharatMart,4.2,1147,5,79
335,SunriseTraders,4.1,1068,4,19
336,KiranaOnline,4.1,727,2,24
336,Value Bazaar,3.9,777,2,116
337,TrendyHub Retail,4.5,1033,2,101
337,UrbanKart Traders,4.0,987,3,48
337,SunriseTraders,4.1,972,2,36
337,PrimeDeals Store,4.6,1002,4,89
338,UrbanKart Traders,4.1,7624,5,62
338,KiranaOnline,4.1,7375,4,35
338,ShopEasy India,4.4,7697,1,32
338,QuickCart Seller,4.3,7035,3,111
339,SunriseTraders,4.1,14589,4,47
339,Value Bazaar,3.9,15246,3,14
339,QuickCart Seller,4.1,14530,5,67
339,PrimeDeals Store,4.8,14459,3,96
340,PrimeDeals Store,4.7,23009,5,19
340,NovaMart,4.4,23016,5,108
340,QuickCart Seller,4.1,21919,4,44
340,TrendyHub Retail,4.7,21648,4,85
341,Elite Outlet,4.7,15536,5,92
341,SunriseTraders,4.3,14345,2,87
341,PrimeDeals Store,4.6,14978,3,43
342,KiranaOnline,4.1,59638,2,118
342,SunriseTraders,4.3,56262,3,17
343,Elite Outlet,4.9,15252,5,14
343,PrimeDeals Store,4.7,14956,2,61
343,ShopEasy India,4.3,13737,4,108
344,PrimeDeals Store,4.7,733,1,108
344,TrendyHub Retail,4.6,758,4,79
344,NovaMart,4.4,688,3,11
345,BharatMart,4.3,6417,2,71
345,UrbanKart Traders,4.0,6081,1,109
345,Value Bazaar,3.9,5799,4,50
346,QuickCart Seller,4.3,8564,3,87
346,TrendyHub Retail,4.7,9453,2,117
346,UrbanKart Traders,4.1,9489,3,52
347,KiranaOnline,3.9,3889,2,116
347,PrimeDeals Store,4.6,4103,5,58
347,SunriseTraders,4.2,4356,2,50
348,UrbanKart Traders,4.2,13512,5,49
348,BharatMart,4.2,12139,4,80
348,PrimeDeals Store,4.8,13049,3,15
349,BharatMart,4.3,50481,5,20
349,ShopEasy India,4.4,53237,4,72
350,QuickCart Seller,4.2,38684,2,20
350,BharatMart,4.2,36319,5,58
350,ShopEasy India,4.4,36486,3,15
350,KiranaOnline,4.1,34899,4,77
351,ShopEasy India,4.5,821,1,46
351,Value Bazaar,3.9,740,3,107
351,PrimeDeals Store,4.7,776,5,92
351,TrendyHub Retail,4.5,765,4,103
352,ShopEasy India,4.4,736,4,32
352,QuickCart Seller,4.1,648,5,49
352,Value Bazaar,4.0,670,3,106
352,MegaSave Retail,3.9,710,2,55
353,TrendyHub Retail,4.5,6389,5,67
353,PrimeDeals Store,4.6,7099,2,31
353,UrbanKart Traders,4.1,6886,2,113
354,Value Bazaar,4.0,10723,1,66
354,NovaMart,4.4,10562,1,21
354,Elite Outlet,4.9,9694,2,58
355,TrendyHub Retail,4.6,1562,2,32
355,Value Bazaar,3.9,1787,6,42
355,UrbanKart Traders,4.0,1584,5,40
356,QuickCart Seller,4.1,4754,4,40
356,PrimeDeals Store,4.7,5203,5,23
357,KiranaOnline,4.1,3085,5,25
357,MegaSave Retail,3.9,3064,5,87
357,Value Bazaar,3.9,3559,6,62
358,MegaSave Retail,3.7,923,4,50
358,QuickCart Seller,4.2,1011,2,39
358,KiranaOnline,4.1,973,6,18
359,TrendyHub Retail,4.7,1236,4,107
359,NovaMart,4.4,1221,1,58
359,UrbanKart Traders,4.0,1324,2,18
359,Value Bazaar,3.8,1307,3,26
360,NovaMart,4.6,6417,1,14
360,Value Bazaar,3.9,6590,2,116
360,PrimeDeals Store,4.8,6058,4,42
361,NovaMart,4.5,28673,1,13
361,PrimeDeals Store,4.6,25459,4,120
361,Value Bazaar,3.8,27477,2,23
362,Value Bazaar,3.8,88323,5,97
362,PrimeDeals Store,4.6,99414,4,60
363,SunriseTraders,4.3,13342,4,82
363,MegaSave Retail,3.9,12972,3,18
363,PrimeDeals Store,4.8,14695,3,113
364,ShopEasy India,4.4,3311,1,95
364,SunriseTraders,4.2,3045,4,16
364,UrbanKart Traders,4.1,3301,2,51
365,QuickCart Seller,4.3,836,3,39
365,Elite Outlet,4.7,850,4,81
365,Value Bazaar,4.0,900,1,75
365,KiranaOnline,3.9,846,6,51
366,Elite Outlet,4.9,9929,3,93
366,SunriseTraders,4.1,9609,5,13
367,Elite Outlet,4.9,6136,3,19
367,Value Bazaar,4.0,6504,5,101
368,BharatMart,4.2,6417,6,77
368,Elite Outlet,4.8,6073,1,119
369,PrimeDeals Store,4.7,38666,1,70
369,ShopEasy India,4.5,37529,2,101
369,Elite Outlet,4.7,35592,1,30
369,NovaMart,4.5,39013,2,104
370,NovaMart,4.6,4255,4,119
370,ShopEasy India,4.3,3831,3,42
370,KiranaOnline,3.9,3956,6,68
371,MegaSave Retail,3.8,2243,5,96
371,TrendyHub Retail,4.7,2040,4,111
371,Elite Outlet,4.9,2083,1,54
371,BharatMart,4.3,2319,3,20
372,KiranaOnline,4.1,2152,5,37
372,TrendyHub Retail,4.6,2392,1,13
372,QuickCart Seller,4.1,2136,5,42
373,UrbanKart Traders,4.2,9129,5,11
373,TrendyHub Retail,4.5,10017,2,24
373,Elite Outlet,4.9,8841,2,113
374,QuickCart Seller,4.1,2167,3,79
374,BharatMart,4.3,2102,4,69
375,UrbanKart Traders,4.2,409,3,68
375,KiranaOnline,4.1,386,5,13
376,Value Bazaar,4.0,2381,6,34
376,ShopEasy India,4.5,2524,4,33
377,TrendyHub Retail,4.6,5468,5,11
377,PrimeDeals Store,4.8,6047,1,84
377,QuickCart Seller,4.3,6056,5,33
377,NovaMart,4.6,6129,2,82
378,NovaMart,4.5,2171,3,64
378,ShopEasy India,4.4,2395,5,90
378,Elite Outlet,4.7,2340,2,16
378,KiranaOnline,3.9,2240,2,115
379,SunriseTraders,4.3,12335,6,68
379,UrbanKart Traders,4.1,11786,5,40
379,KiranaOnline,4.0,13423,5,22
380,MegaSave Retail,3.8,15765,4,102
380,SunriseTraders,4.3,14873,4,89
381,UrbanKart Traders,4.0,10724,6,22
381,ShopEasy India,4.5,9575,5,68
381,MegaSave Retail,3.7,10625,4,107
382,ShopEasy India,4.5,9369,3,79
382,Value Bazaar,4.0,8911,3,59
382,MegaSave Retail,3.7,8471,6,85
383,Elite Outlet,4.8,12209,4,10
383,ShopEasy India,4.5,13485,5,72
384,PrimeDeals Store,4.7,5323,2,51
384,MegaSave Retail,3.8,5642,6,5
385,TrendyHub Retail,4.7,4665,3,33
385,PrimeDeals Store,4.7,4463,1,100
385,QuickCart Seller,4.3,4401,6,64
386,QuickCart Seller,4.1,10424,6,120
386,TrendyHub Retail,4.5,11107,1,88
387,BharatMart,4.2,2023,1,42
387,MegaSave Retail,3.8,1800,4,8
387,ShopEasy India,4.4,1786,2,94
387,KiranaOnline,4.1,1780,3,74
388,KiranaOnline,4.1,13231,2,35
388,SunriseTraders,4.3,12482,2,30
389,Elite Outlet,4.7,21373,3,8
389,QuickCart Seller,4.3,21332,4,46
389,TrendyHub Retail,4.6,20442,4,9
390,KiranaOnline,3.9,17297,3,33
390,BharatMart,4.3,18844,1,45
390,NovaMart,4.5,18006,1,82
390,Value Bazaar,4.0,17607,4,11
391,UrbanKart Traders,4.1,3403,6,106
391,NovaMart,4.4,3485,2,69
391,PrimeDeals Store,4.8,3816,4,84
391,ShopEasy India,4.5,3621,1,45
392,NovaMart,4.4,996,3,54
392,Elite Outlet,4.8,947,3,57
393,ShopEasy India,4.4,1716,5,56
393,QuickCart Seller,4.1,1966,2,12
393,SunriseTraders,4.2,1784,3,29
394,ShopEasy India,4.3,12263,1,32
394,BharatMart,4.3,13308,3,52
394,Value Bazaar,3.8,12511,2,102
395,ShopEasy India,4.3,965,5,28
395,Elite Outlet,4.9,1014,4,53
396,SunriseTraders,4.3,7243,5,104
396,QuickCart Seller,4.2,7382,6,98
396,Elite Outlet,4.9,7161,2,43
396,ShopEasy India,4.4,6653,5,19
397,ShopEasy India,4.3,242,4,67
397,Value Bazaar,3.9,243,6,58
397,TrendyHub Retail,4.5,255,4,117
397,KiranaOnline,3.9,254,6,98
398,TrendyHub Retail,4.6,3899,1,58
398,PrimeDeals Store,4.8,3619,3,6
398,KiranaOnline,3.9,3654,3,120
399,PrimeDeals Store,4.6,25745,1,104
399,MegaSave Retail,3.7,22603,7,30
400,TrendyHub Retail,4.6,23478,1,28
400,Value Bazaar,4.0,24985,1,42
400,BharatMart,4.4,23381,4,55
401,KiranaOnline,3.9,21729,2,67
401,ShopEasy India,4.4,20948,3,106
402,NovaMart,4.6,45859,4,26
402,BharatMart,4.2,48611,3,32
403,Elite Outlet,4.7,12460,4,115
403,QuickCart Seller,4.2,11445,4,114
403,TrendyHub Retail,4.7,12601,1,79
403,UrbanKart Traders,4.1,11385,4,20
404,Value Bazaar,3.9,1174,6,97
404,SunriseTraders,4.3,1197,6,18
404,UrbanKart Traders,4.0,1339,5,72
405,BharatMart,4.3,8238,2,96
405,KiranaOnline,4.0,7808,3,85
406,ShopEasy India,4.5,11889,5,52
406,Value Bazaar,3.8,13136,4,52
407,Elite Outlet,4.8,3515,2,38
407,ShopEasy India,4.3,3917,5,50
407,BharatMart,4.3,3592,4,42
408,ShopEasy India,4.4,5599,3,95
408,BharatMart,4.2,5003,3,94
408,Elite Outlet,4.8,5141,3,114
409,PrimeDeals Store,4.7,3583,1,27
409,TrendyHub Retail,4.5,3747,2,73
409,NovaMart,4.5,3893,4,101
409,BharatMart,4.2,4095,5,119
410,PrimeDeals Store,4.6,33204,3,53
410,MegaSave Retail,3.8,35196,3,99
411,TrendyHub Retail,4.6,4859,2,96
411,Elite Outlet,4.8,5151,4,33
412,PrimeDeals Store,4.8,2642,3,58
412,MegaSave Retail,3.9,2613,2,101
412,TrendyHub Retail,4.7,2770,1,105
413,NovaMart,4.6,3994,3,5
413,SunriseTraders,4.2,4534,3,96
413,MegaSave Retail,3.8,4340,3,11
414,ShopEasy India,4.5,4572,1,74
414,QuickCart Seller,4.2,4448,2,63
414,BharatMart,4.2,4293,4,82
415,KiranaOnline,4.1,1456,2,69
415,BharatMart,4.3,1670,2,109
415,NovaMart,4.5,1554,3,35
416,BharatMart,4.3,4718,2,56
416,ShopEasy India,4.4,4560,1,71
416,Elite Outlet,4.7,4735,1,99
417,ShopEasy India,4.5,2707,1,25
417,MegaSave Retail,3.9,2401,4,105
417,QuickCart Seller,4.2,2584,2,87
417,Elite Outlet,4.9,2699,1,59
418,NovaMart,4.5,5035,2,16
418,MegaSave Retail,3.8,4750,3,21
419,ShopEasy India,4.3,11088,3,27
419,KiranaOnline,4.1,10133,3,29
419,UrbanKart Traders,4.2,10430,6,111
419,QuickCart Seller,4.2,10770,3,104
420,PrimeDeals Store,4.7,7614,2,30
420,TrendyHub Retail,4.7,7827,4,57
420,Value Bazaar,3.8,7546,6,91
420,SunriseTraders,4.3,7056,5,67
421,MegaSave Retail,3.7,5820,4,66
421,BharatMart,4.3,5597,5,76
421,Value Bazaar,4.0,5299,4,34
421,Elite Outlet,4.8,5533,3,118
422,Value Bazaar,3.9,78209,6,75
422,Elite Outlet,4.9,82885,1,38
422,TrendyHub Retail,4.6,80488,3,52
423,MegaSave Retail,3.9,11656,6,42
423,Value Bazaar,3.9,11272,4,24
423,Elite Outlet,4.9,12332,4,103
424,QuickCart Seller,4.3,3981,2,66
424,NovaMart,4.4,3756,4,46
425,BharatMart,4.3,3384,1,25
425,KiranaOnline,4.1,3192,3,63
426,Elite Outlet,4.7,14429,4,49
426,UrbanKart Traders,4.0,13998,2,96
427,NovaMart,4.4,5855,5,52
427,MegaSave Retail,3.9,5533,5,28
427,Value Bazaar,3.9,5545,4,48
428,Value Bazaar,3.9,11076,4,107
428,PrimeDeals Store,4.7,10417,3,73
429,TrendyHub Retail,4.6,70159,4,34
429,Value Bazaar,3.8,72936,3,26
429,PrimeDeals Store,4.8,74938,2,89
430,BharatMart,4.2,43838,5,27
430,Elite Outlet,4.8,47047,4,68
430,UrbanKart Traders,4.1,43943,2,38
430,QuickCart Seller,4.2,50347,4,34
431,SunriseTraders,4.2,6593,4,41
431,ShopEasy India,4.5,6989,5,107
432,UrbanKart Traders,4.0,1194,4,21
432,MegaSave Retail,3.7,1170,3,29
432,Elite Outlet,4.7,1158,1,94
433,UrbanKart Traders,4.1,6425,2,48
433,QuickCart Seller,4.1,6810,3,108
434,ShopEasy India,4.5,14079,2,57
434,SunriseTraders,4.1,15635,4,68
434,Value Bazaar,4.0,15091,5,100
435,BharatMart,4.4,263,1,101
435,QuickCart Seller,4.1,251,5,70
435,SunriseTraders,4.2,234,4,48
435,KiranaOnline,4.0,235,3,58
436,Value Bazaar,4.0,1987,5,12
436,MegaSave Retail,3.8,1904,5,113
437,MegaSave Retail,3.8,5192,4,86
437,UrbanKart Traders,4.1,4898,2,12
438,UrbanKart Traders,4.2,6771,5,33
438,MegaSave Retail,3.9,6103,5,34
438,KiranaOnline,4.1,6830,5,68
438,PrimeDeals Store,4.7,6630,3,54
439,BharatMart,4.4,20872,2,39
439,UrbanKart Traders,4.1,20879,1,40
439,TrendyHub Retail,4.6,23847,5,21
440,MegaSave Retail,3.8,17069,4,76
440,NovaMart,4.6,15347,4,86
440,KiranaOnline,4.0,17308,2,73
440,Elite Outlet,4.7,16132,3,34
441,MegaSave Retail,3.9,18063,4,54
441,KiranaOnline,3.9,17618,2,92
441,UrbanKart Traders,4.0,18482,4,30
441,SunriseTraders,4.1,18654,5,47
442,QuickCart Seller,4.2,124585,3,71
442,BharatMart,4.4,119722,1,33
442,Elite Outlet,4.7,125919,4,88
443,UrbanKart Traders,4.1,10267,3,34
443,QuickCart Seller,4.3,11468,2,61
444,PrimeDeals Store,4.8,6188,2,15
444,TrendyHub Retail,4.5,6385,4,48
445,ShopEasy India,4.5,7042,5,90
445,QuickCart Seller,4.2,6958,4,32
445,MegaSave Retail,3.8,6445,2,5
445,KiranaOnline,4.0,6132,2,26
446,KiranaOnline,3.9,13363,3,76
446,QuickCart Seller,4.1,14119,3,66
446,SunriseTraders,4.3,15247,5,67
446,Elite Outlet,4.8,14109,2,49
447,SunriseTraders,4.3,1374,5,73
447,PrimeDeals Store,4.7,1298,3,29
447,Elite Outlet,4.9,1501,1,37
447,BharatMart,4.2,1408,2,26
448,QuickCart Seller,4.1,4448,5,50
448,SunriseTraders,4.3,4540,3,13
448,PrimeDeals Store,4.8,4354,1,52
448,UrbanKart Traders,4.2,4428,3,102
449,Elite Outlet,4.8,56528,2,95
449,NovaMart,4.6,62029,2,54
449,KiranaOnline,3.9,57214,4,96
449,BharatMart,4.2,53520,3,38
450,KiranaOnline,3.9,14354,2,102
450,TrendyHub Retail,4.6,13863,2,9
451,BharatMart,4.2,7398,4,8
451,Value Bazaar,4.0,7856,3,52
451,UrbanKart Traders,4.0,7787,3,99
452,TrendyHub Retail,4.5,2757,3,118
452,NovaMart,4.6,2679,5,58
452,PrimeDeals Store,4.6,2667,1,9
452,Value Bazaar,3.8,2718,6,109
453,ShopEasy India,4.4,8471,1,15
453,TrendyHub Retail,4.5,9675,2,107
453,SunriseTraders,4.3,9095,6,101
453,BharatMart,4.4,8784,2,87
454,UrbanKart Traders,4.1,6662,6,33
454,BharatMart,4.2,6285,6,47
455,NovaMart,4.5,843,4,10
455,UrbanKart Traders,4.0,870,6,63
456,BharatMart,4.3,5972,4,27
456,SunriseTraders,4.3,5872,4,36
456,UrbanKart Traders,4.1,6521,2,54
456,KiranaOnline,3.9,5852,4,54
457,QuickCart Seller,4.2,7418,5,73
457,Elite Outlet,4.7,7875,1,73
457,NovaMart,4.5,6900,2,82
458,QuickCart Seller,4.1,8276,1,63
458,MegaSave Retail,3.7,7044,3,22
458,TrendyHub Retail,4.5,7290,5,112
459,QuickCart Seller,4.3,9536,5,88
459,TrendyHub Retail,4.5,9849,1,56
459,UrbanKart Traders,4.0,9810,2,91
460,QuickCart Seller,4.1,24528,4,72
460,UrbanKart Traders,4.1,25787,4,96
460,ShopEasy India,4.5,23480,1,104
461,UrbanKart Traders,4.1,1294,4,52
461,MegaSave Retail,3.8,1341,3,24
461,PrimeDeals Store,4.7,1350,1,62
462,KiranaOnline,4.0,34844,3,100
462,PrimeDeals Store,4.6,38684,1,75
463,PrimeDeals Store,4.7,10192,3,19
463,TrendyHub Retail,4.6,10290,2,51
463,Value Bazaar,4.0,10804,4,21
464,BharatMart,4.3,1993,2,78
464,SunriseTraders,4.2,1850,5,16
465,QuickCart Seller,4.2,1444,3,49
465,MegaSave Retail,3.8,1540,3,6
466,QuickCart Seller,4.1,1348,4,79
466,NovaMart,4.4,1368,2,26
466,KiranaOnline,4.1,1429,6,22
466,MegaSave Retail,3.8,1377,6,70
467,PrimeDeals Store,4.7,3094,1,13
467,MegaSave Retail,3.7,3182,2,85
467,QuickCart Seller,4.2,3378,5,57
468,KiranaOnline,4.1,9940,2,74
468,PrimeDeals Store,4.7,10676,3,119
468,Elite Outlet,4.8,10286,4,61
468,Value Bazaar,4.0,11064,5,23
469,QuickCart Seller,4.1,40221,4,80
469,Elite Outlet,4.7,40469,1,37
469,NovaMart,4.4,44236,2,5
470,Elite Outlet,4.8,28566,5,94
470,BharatMart,4.4,27045,3,77
471,TrendyHub Retail,4.5,8554,3,59
471,ShopEasy India,4.5,9129,5,32
471,Elite Outlet,4.7,9028,3,64
471,Value Bazaar,3.9,8755,6,77
472,NovaMart,4.4,1374,2,65
472,BharatMart,4.2,1332,6,88
472,ShopEasy India,4.3,1332,6,24
473,BharatMart,4.4,1636,2,6
473,NovaMart,4.4,1505,4,10
474,Value Bazaar,3.8,18855,5,111
474,QuickCart Seller,4.2,17788,4,24
475,Elite Outlet,4.9,1429,3,112
475,KiranaOnline,4.1,1362,5,117
475,SunriseTraders,4.2,1456,5,7
476,TrendyHub Retail,4.5,3567,2,49
476,QuickCart Seller,4.3,3863,1,89
476,BharatMart,4.3,3601,4,8
476,PrimeDeals Store,4.8,3696,4,12
477,TrendyHub Retail,4.5,1941,4,19
477,MegaSave Retail,3.9,1831,3,83
478,QuickCart Seller,4.3,1278,2,30
478,Value Bazaar,3.8,1166,3,102
478,ShopEasy India,4.5,1214,1,118
479,PrimeDeals Store,4.7,19256,4,54
479,Value Bazaar,4.0,20155,4,87
479,Elite Outlet,4.7,19319,1,32
480,Elite Outlet,4.9,8293,5,38
480,ShopEasy India,4.3,8044,5,24
480,Value Bazaar,4.0,7998,6,89
481,TrendyHub Retail,4.5,12737,4,119
481,SunriseTraders,4.1,13111,1,112
481,ShopEasy India,4.4,13744,3,34
482,QuickCart Seller,4.2,72206,5,41
482,UrbanKart Traders,4.2,75413,3,117
483,SunriseTraders,4.1,9300,2,13
483,KiranaOnline,3.9,9691,4,88
483,Elite Outlet,4.7,9862,1,43
483,PrimeDeals Store,4.7,9307,2,86
484,NovaMart,4.5,4407,2,63
484,Elite Outlet,4.9,4125,1,41
484,KiranaOnline,4.0,3939,3,109
484,TrendyHub Retail,4.7,4216,4,70
485,TrendyHub Retail,4.6,4935,4,104
485,ShopEasy India,4.4,5462,6,89
485,Value Bazaar,3.8,4847,4,113
486,PrimeDeals Store,4.6,2234,1,86
486,KiranaOnline,4.0,2368,3,97
487,MegaSave Retail,3.7,4958,4,59
487,KiranaOnline,4.1,4620,2,75
488,Value Bazaar,3.9,3411,4,114
488,KiranaOnline,4.1,3447,3,98
488,TrendyHub Retail,4.6,3548,3,88
489,KiranaOnline,3.9,26194,6,34
489,QuickCart Seller,4.2,25470,4,74
489,BharatMart,4.2,26580,5,81
490,QuickCart Seller,4.2,43298,6,30
490,ShopEasy India,4.4,44627,1,75
490,SunriseTraders,4.1,39089,4,25
491,MegaSave Retail,3.9,10415,6,111
491,NovaMart,4.5,9706,4,73
492,TrendyHub Retail,4.7,2941,5,75
492,ShopEasy India,4.3,3170,6,79
492,KiranaOnline,4.0,3165,3,76
493,TrendyHub Retail,4.7,3912,4,96
493,NovaMart,4.4,4008,5,8
493,PrimeDeals Store,4.7,3828,4,98
493,QuickCart Seller,4.1,3665,2,24
494,MegaSave Retail,3.7,8245,3,67
494,TrendyHub Retail,4.7,8740,4,37
495,Elite Outlet,4.9,150,1,101
495,NovaMart,4.5,141,4,68
496,SunriseTraders,4.3,1374,4,47
496,MegaSave Retail,3.7,1242,4,6
496,PrimeDeals Store,4.7,1286,5,114
497,Elite Outlet,4.8,4528,3,19
497,QuickCart Seller,4.1,4304,5,54
497,NovaMart,4.5,3950,4,29
498,NovaMart,4.6,2451,1,119
498,UrbanKart Traders,4.2,2755,2,55
498,TrendyHub Retail,4.7,2571,4,116
499,BharatMart,4.4,7286,3,58
499,KiranaOnline,4.1,6928,4,15
499,Value Bazaar,3.9,7733,6,54
499,QuickCart Seller,4.3,6879,4,90
500,TrendyHub Retail,4.7,16113,2,83
500,SunriseTraders,4.2,18100,2,80
501,Value Bazaar,4.0,27373,1,96
501,Elite Outlet,4.8,28270,1,68
501,UrbanKart Traders,4.0,27831,6,82
502,TrendyHub Retail,4.5,121957,5,27
502,QuickCart Seller,4.2,106584,3,63
502,Elite Outlet,4.8,120779,3,17
502,Value Bazaar,3.9,102858,6,32
503,KiranaOnline,3.9,9532,3,105
503,NovaMart,4.4,9375,4,75
503,BharatMart,4.4,9041,4,79
504,BharatMart,4.3,6514,2,14
504,NovaMart,4.4,6145,1,41
505,PrimeDeals Store,4.6,9092,5,70
505,UrbanKart Traders,4.2,9140,3,95
505,SunriseTraders,4.3,8279,6,97
506,QuickCart Seller,4.1,3672,3,37
506,PrimeDeals Store,4.8,3382,3,76
507,UrbanKart Traders,4.1,774,2,32
507,SunriseTraders,4.1,832,4,40
507,NovaMart,4.5,849,3,47
508,ShopEasy India,4.5,10330,2,103
508,Elite Outlet,4.9,10325,4,120
508,SunriseTraders,4.2,9921,3,53
508,BharatMart,4.3,10386,4,115
509,NovaMart,4.6,8251,4,86
509,Elite Outlet,4.9,8903,4,14
509,BharatMart,4.4,8473,1,66
510,QuickCart Seller,4.2,7962,3,77
510,Value Bazaar,4.0,9212,2,64
510,NovaMart,4.6,8214,4,10
511,BharatMart,4.2,11973,2,83
511,Value Bazaar,3.8,11356,6,44
512,TrendyHub Retail,4.6,1712,4,63
512,SunriseTraders,4.1,1638,6,41
513,UrbanKart Traders,4.1,6136,6,120
513,NovaMart,4.5,5893,5,54
513,ShopEasy India,4.5,6691,2,39
514,SunriseTraders,4.3,606,5,12
514,BharatMart,4.4,667,6,21
515,ShopEasy India,4.3,777,4,36
515,PrimeDeals Store,4.7,704,1,66
515,UrbanKart Traders,4.0,782,5,116
515,SunriseTraders,4.3,712,5,111
516,BharatMart,4.3,5211,4,95
516,Elite Outlet,4.9,5803,1,16
517,TrendyHub Retail,4.5,7088,4,43
517,Value Bazaar,3.8,6205,3,72
517,QuickCart Seller,4.1,6397,4,18
517,Elite Outlet,4.8,6294,2,82
518,BharatMart,4.2,3666,3,113
518,PrimeDeals Store,4.6,4251,4,104
518,TrendyHub Retail,4.7,4058,3,83
519,NovaMart,4.5,17502,5,56
519,QuickCart Seller,4.3,18566,2,76
519,KiranaOnline,4.1,19456,3,26
520,Elite Outlet,4.9,1057,1,56
520,ShopEasy India,4.3,942,6,49
520,BharatMart,4.2,1006,2,65
521,TrendyHub Retail,4.6,8759,5,104
521,UrbanKart Traders,4.2,8910,2,57
521,Value Bazaar,3.9,9841,4,30
522,MegaSave Retail,3.9,30687,6,78
522,BharatMart,4.3,27276,1,99
522,SunriseTraders,4.1,28324,5,93
523,KiranaOnline,4.0,9133,5,59
523,SunriseTraders,4.2,8899,2,56
523,MegaSave Retail,3.8,8725,2,77
523,Elite Outlet,4.9,8170,2,74
524,NovaMart,4.4,2476,4,96
524,QuickCart Seller,4.2,2365,2,99
525,TrendyHub Retail,4.5,3468,4,76
525,Value Bazaar,3.8,3841,6,115
525,BharatMart,4.4,3524,3,102
526,Value Bazaar,4.0,4423,3,59
526,TrendyHub Retail,4.6,4688,3,66
527,SunriseTraders,4.1,2747,5,62
527,Value Bazaar,3.9,2720,3,35
527,NovaMart,4.4,2594,4,28
527,MegaSave Retail,3.7,2398,4,72
528,Elite Outlet,4.8,2770,3,115
528,SunriseTraders,4.2,3027,3,40
528,Value Bazaar,4.0,2767,4,31
529,ShopEasy India,4.3,80684,4,26
529,BharatMart,4.3,76117,5,11
530,QuickCart Seller,4.1,21447,2,114
530,MegaSave Retail,3.9,21348,2,75
530,KiranaOnline,4.0,23779,6,33
530,UrbanKart Traders,4.2,24019,2,53
531,ShopEasy India,4.3,13903,1,11
531,Elite Outlet,4.9,13931,2,106
531,UrbanKart Traders,4.0,13175,4,51
532,SunriseTraders,4.3,374,2,87
532,PrimeDeals Store,4.8,433,1,28
532,Value Bazaar,3.8,424,5,26
533,ShopEasy India,4.5,8990,4,118
533,BharatMart,4.4,8274,4,81
533,Elite Outlet,4.8,8186,1,51
533,NovaMart,4.5,8395,4,94
534,ShopEasy India,4.3,10408,1,111
534,QuickCart Seller,4.1,11192,2,65
534,Elite Outlet,4.7,10942,2,112
535,KiranaOnline,3.9,1311,3,61
535,Elite Outlet,4.9,1251,4,104
536,BharatMart,4.3,3003,4,26
536,KiranaOnline,4.1,3100,3,38
537,ShopEasy India,4.3,1096,1,62
537,Value Bazaar,3.8,1208,5,20
537,PrimeDeals Store,4.6,1187,2,52
538,QuickCart Seller,4.3,5117,3,106
538,SunriseTraders,4.1,5112,6,80
538,KiranaOnline,3.9,5419,3,56
539,Value Bazaar,4.0,5240,6,29
539,PrimeDeals Store,4.6,5509,2,98
539,QuickCart Seller,4.2,5256,3,36
539,ShopEasy India,4.5,6126,5,51
540,ShopEasy India,4.4,10454,3,88
540,KiranaOnline,4.1,10050,3,120
540,NovaMart,4.6,10504,2,55
540,MegaSave Retail,3.7,9239,3,28
541,NovaMart,4.6,22541,4,62
541,Value Bazaar,4.0,21265,6,15
542,QuickCart Seller,4.1,61516,3,72
542,KiranaOnline,4.0,67048,2,102
542,NovaMart,4.5,64413,2,61
543,Value Bazaar,3.9,7453,2,111
543,BharatMart,4.4,8248,3,80
543,QuickCart Seller,4.1,8075,4,59
544,Value Bazaar,3.9,5089,2,100
544,TrendyHub Retail,4.7,4487,2,35
544,UrbanKart Traders,4.1,4706,5,87
544,BharatMart,4.4,4975,2,54
545,QuickCart Seller,4.2,7081,3,118
545,KiranaOnline,4.0,7495,2,72
545,PrimeDeals Store,4.7,7180,3,33
546,Elite Outlet,4.7,5894,5,58
546,SunriseTraders,4.2,5166,1,8
546,PrimeDeals Store,4.7,5579,5,70
547,MegaSave Retail,3.7,4408,3,91
547,QuickCart Seller,4.1,4672,1,91
548,Value Bazaar,3.9,8184,5,91
548,UrbanKart Traders,4.2,9030,2,19
548,MegaSave Retail,3.8,8159,2,65
549,TrendyHub Retail,4.7,68065,3,117
549,Elite Outlet,4.7,65909,3,98
549,Value Bazaar,4.0,65244,2,97
549,ShopEasy India,4.5,59190,3,67
550,SunriseTraders,4.1,38949,3,85
550,QuickCart Seller,4.3,36770,2,64
551,BharatMart,4.4,14493,2,100
551,Value Bazaar,4.0,14424,2,13
551,Elite Outlet,4.9,14290,4,52
551,PrimeDeals Store,4.8,14012,5,70
552,UrbanKart Traders,4.1,1898,4,67
552,Value Bazaar,3.9,1793,3,102
553,UrbanKart Traders,4.0,1292,5,7
553,NovaMart,4.4,1221,1,94
553,BharatMart,4.3,1165,3,81
554,KiranaOnline,4.1,3017,3,67
554,Elite Outlet,4.8,3109,1,25
554,Value Bazaar,3.8,2740,3,63
555,SunriseTraders,4.2,1870,4,39
555,Elite Outlet,4.7,1935,3,81
555,KiranaOnline,3.9,1772,6,68
556,Elite Outlet,4.7,762,4,112
556,KiranaOnline,4.0,725,4,42
556,PrimeDeals Store,4.7,738,1,58
556,BharatMart,4.3,726,2,66
557,TrendyHub Retail,4.6,3805,3,47
557,KiranaOnline,4.1,3788,5,18
557,Value Bazaar,4.0,3462,2,103
558,KiranaOnline,4.0,7109,3,83
558,ShopEasy India,4.4,7072,3,97
558,NovaMart,4.6,6663,2,84
558,UrbanKart Traders,4.1,6331,4,107
559,Elite Outlet,4.9,17743,3,88
559,MegaSave Retail,3.7,16288,6,15
559,PrimeDeals Store,4.6,16711,1,55
560,Value Bazaar,4.0,17419,6,102
560,TrendyHub Retail,4.7,18203,1,114
561,QuickCart Seller,4.2,4688,2,72
561,KiranaOnline,3.9,4451,4,58
562,UrbanKart Traders,4.1,104349,2,88
562,ShopEasy India,4.4,98331,1,30
562,Value Bazaar,3.9,102107,3,70
563,Elite Outlet,4.9,7456,1,110
563,Value Bazaar,3.9,6917,6,82
563,BharatMart,4.4,7225,4,103
564,ShopEasy India,4.3,622,3,103
564,NovaMart,4.5,663,5,104
564,KiranaOnline,4.0,641,5,63
565,ShopEasy India,4.5,2014,4,59
565,KiranaOnline,3.9,2141,3,54
565,NovaMart,4.5,2247,2,117
566,ShopEasy India,4.5,6302,5,31
566,TrendyHub Retail,4.5,6515,4,25
566,PrimeDeals Store,4.6,6684,2,31
566,KiranaOnline,4.1,6346,2,37
567,NovaMart,4.4,282,2,69
567,Value Bazaar,3.9,306,6,119
567,ShopEasy India,4.5,297,4,27
567,TrendyHub Retail,4.6,316,3,32
568,SunriseTraders,4.1,2181,6,40
568,MegaSave Retail,3.7,2312,4,14
569,MegaSave Retail,3.9,46917,4,78
569,BharatMart,4.3,43820,2,109
570,Elite Outlet,4.9,4017,4,95
570,UrbanKart Traders,4.0,3895,4,120
571,ShopEasy India,4.5,15398,5,46
571,Value Bazaar,3.8,16595,5,7
571,MegaSave Retail,3.8,16013,6,9
572,Elite Outlet,4.8,707,1,73
572,QuickCart Seller,4.3,679,4,48
572,ShopEasy India,4.3,691,4,5
573,BharatMart,4.2,3429,2,69
573,Elite Outlet,4.9,3881,5,109
574,Value Bazaar,3.8,13269,2,57
574,NovaMart,4.6,14242,2,100
574,MegaSave Retail,3.8,13588,3,85
575,UrbanKart Traders,4.1,634,6,45
575,TrendyHub Retail,4.5,636,5,59
575,KiranaOnline,4.1,581,3,56
575,NovaMart,4.4,678,6,20
576,ShopEasy India,4.4,5190,2,87
576,PrimeDeals Store,4.7,4747,2,103
576,QuickCart Seller,4.2,5003,5,68
576,Value Bazaar,3.8,4870,5,28
577,KiranaOnline,3.9,5737,3,33
577,Elite Outlet,4.9,6052,3,68
577,ShopEasy India,4.3,6146,4,83
577,BharatMart,4.3,5437,2,65
578,SunriseTraders,4.1,210,3,34
578,PrimeDeals Store,4.6,223,3,43
579,Value Bazaar,4.0,3664,6,50
579,TrendyHub Retail,4.6,4208,3,15
580,TrendyHub Retail,4.7,2171,2,108
580,PrimeDeals Store,4.7,1954,1,62
581,KiranaOnline,3.9,17555,2,104
581,BharatMart,4.4,17815,2,14
581,TrendyHub Retail,4.5,18515,2,24
582,TrendyHub Retail,4.7,20054,5,16
582,QuickCart Seller,4.2,20369,4,8
582,BharatMart,4.2,19019,4,94
582,Elite Outlet,4.9,19299,1,11
583,PrimeDeals Store,4.8,6935,4,73
583,UrbanKart Traders,4.2,7186,2,36
584,NovaMart,4.5,2907,1,94
584,SunriseTraders,4.2,3021,5,91
584,QuickCart Seller,4.3,2759,6,60
585,NovaMart,4.6,5294,5,50
585,SunriseTraders,4.3,5742,1,111
585,BharatMart,4.3,5869,3,27
585,MegaSave Retail,3.7,5876,2,52
586,UrbanKart Traders,4.1,8009,3,107
586,PrimeDeals Store,4.6,7155,1,48
586,BharatMart,4.3,7482,2,104
587,QuickCart Seller,4.2,1970,4,107
587,TrendyHub Retail,4.7,2233,4,91
587,NovaMart,4.4,2079,2,43
588,MegaSave Retail,3.9,7432,5,83
588,BharatMart,4.4,8464,5,48
588,Value Bazaar,4.0,8276,4,37
589,NovaMart,4.6,27847,4,31
589,ShopEasy India,4.5,29402,3,47
589,PrimeDeals Store,4.6,29380,1,36
590,KiranaOnline,4.0,18319,2,66
590,TrendyHub Retail,4.7,19418,1,90
591,PrimeDeals Store,4.7,1591,5,75
591,QuickCart Seller,4.1,1497,1,94
592,PrimeDeals Store,4.7,2071,1,67
592,NovaMart,4.4,2269,1,112
592,TrendyHub Retail,4.7,2069,4,82
593,BharatMart,4.4,6153,5,71
593,KiranaOnline,3.9,5570,4,86
594,BharatMart,4.3,5215,3,109
594,SunriseTraders,4.2,4920,6,87
595,SunriseTraders,4.2,1154,2,24
595,BharatMart,4.2,1277,6,45
596,BharatMart,4.4,2533,2,31
596,SunriseTraders,4.2,2351,4,99
597,SunriseTraders,4.1,451,4,30
597,MegaSave Retail,3.9,421,6,20
598,KiranaOnline,4.0,1483,2,35
598,SunriseTraders,4.1,1542,3,18
599,QuickCart Seller,4.2,14172,5,107
599,UrbanKart Traders,4.1,15951,2,69
599,PrimeDeals Store,4.7,15175,2,94
600,Value Bazaar,4.0,10190,3,86
600,MegaSave Retail,3.7,10702,3,21
601,KiranaOnline,4.1,30538,5,95
601,Value Bazaar,4.0,28913,5,58
601,MegaSave Retail,3.9,29188,3,45
602,TrendyHub Retail,4.6,55734,3,5
602,Value Bazaar,3.8,52912,4,71
602,BharatMart,4.2,57341,2,111
603,QuickCart Seller,4.1,6236,5,26
603,Elite Outlet,4.8,6034,1,93
603,KiranaOnline,4.0,6558,2,57
604,ShopEasy India,4.5,5654,2,76
604,Value Bazaar,3.9,4914,3,30
605,UrbanKart Traders,4.1,662,3,45
605,ShopEasy India,4.3,671,3,9
605,Elite Outlet,4.7,603,2,73
606,QuickCart Seller,4.3,8519,2,35
606,NovaMart,4.5,9064,1,63
607,TrendyHub Retail,4.7,3738,1,27
607,SunriseTraders,4.3,3750,5,108
607,Elite Outlet,4.7,3948,1,90
607,QuickCart Seller,4.3,4034,2,11
608,NovaMart,4.5,1445,4,50
608,Elite Outlet,4.7,1468,1,25
608,MegaSave Retail,3.9,1417,3,58
609,QuickCart Seller,4.2,13517,6,100
609,ShopEasy India,4.5,12995,3,102
609,KiranaOnline,3.9,12068,6,73
609,SunriseTraders,4.1,13117,2,68
610,Value Bazaar,3.9,30475,2,52
610,UrbanKart Traders,4.0,33644,6,96
610,PrimeDeals Store,4.8,35047,4,113
611,SunriseTraders,4.3,3037,3,25
611,TrendyHub Retail,4.5,2865,3,31
612,QuickCart Seller,4.3,933,1,49
612,SunriseTraders,4.2,856,2,90
612,KiranaOnline,3.9,960,3,97
612,TrendyHub Retail,4.7,948,1,103
613,SunriseTraders,4.1,8159,5,93
613,Value Bazaar,4.0,8452,5,53
613,NovaMart,4.4,8035,3,82
614,Value Bazaar,3.9,15967,2,114
614,BharatMart,4.2,16489,3,24
614,QuickCart Seller,4.2,16719,3,87
615,Value Bazaar,4.0,1958,6,77
615,BharatMart,4.4,1784,2,11
615,PrimeDeals Store,4.7,1761,1,115
615,TrendyHub Retail,4.7,1887,5,40
616,TrendyHub Retail,4.7,7129,1,44
616,Elite Outlet,4.7,6931,1,10
616,QuickCart Seller,4.1,7092,3,118
616,UrbanKart Traders,4.2,6897,4,100
617,QuickCart Seller,4.1,2887,3,84
617,ShopEasy India,4.4,2690,1,79
617,PrimeDeals Store,4.8,2637,4,117
618,KiranaOnline,4.0,3055,5,77
618,PrimeDeals Store,4.8,2759,4,38
618,QuickCart Seller,4.1,2876,1,31
619,UrbanKart Traders,4.2,2134,2,29
619,BharatMart,4.2,2227,5,8
619,Elite Outlet,4.9,2108,4,113
619,Value Bazaar,3.9,2090,5,110
620,MegaSave Retail,3.8,19514,2,110
620,NovaMart,4.4,20197,1,53
620,Elite Outlet,4.7,19758,1,36
620,Value Bazaar,3.9,19687,3,58
621,Value Bazaar,3.8,11702,5,10
621,NovaMart,4.6,13535,3,40
621,BharatMart,4.2,13708,3,101
621,SunriseTraders,4.3,12284,1,118
622,SunriseTraders,4.3,104328,6,49
622,MegaSave Retail,3.7,98423,2,35
623,Value Bazaar,3.8,5651,3,92
623,KiranaOnline,4.0,5854,3,70
623,ShopEasy India,4.3,5311,5,55
624,KiranaOnline,4.0,1203,2,90
624,Elite Outlet,4.7,1243,3,21
625,NovaMart,4.6,4502,4,28
625,Value Bazaar,3.8,4283,3,64
626,TrendyHub Retail,4.7,10171,5,25
626,QuickCart Seller,4.2,9076,6,113
627,QuickCart Seller,4.3,5195,4,84
627,ShopEasy India,4.4,5790,2,16
628,UrbanKart Traders,4.2,7764,1,88
628,TrendyHub Retail,4.5,7419,3,39
629,NovaMart,4.5,82530,2,5
629,TrendyHub Retail,4.5,87858,4,48
629,Elite Outlet,4.7,91007,4,7
629,PrimeDeals Store,4.6,80271,5,96
630,ShopEasy India,4.4,48210,3,90
630,KiranaOnline,4.1,48011,6,70
630,SunriseTraders,4.3,44146,3,15
631,Value Bazaar,3.9,4513,4,62
631,MegaSave Retail,3.9,4158,2,96
631,PrimeDeals Store,4.7,4186,2,59
631,KiranaOnline,4.0,4534,3,15
632,KiranaOnline,3.9,2551,5,113
632,TrendyHub Retail,4.7,2305,2,93
632,UrbanKart Traders,4.2,2486,3,16
632,MegaSave Retail,3.8,2254,4,56
633,QuickCart Seller,4.3,1036,2,115
633,PrimeDeals Store,4.7,895,5,75
633,KiranaOnline,3.9,933,4,37
633,NovaMart,4.6,939,1,78
634,UrbanKart Traders,4.1,6935,3,16
634,TrendyHub Retail,4.7,7743,5,68
635,KiranaOnline,3.9,504,3,100
635,Elite Outlet,4.7,536,1,72
635,Value Bazaar,3.9,493,5,104
635,BharatMart,4.2,530,5,76
636,QuickCart Seller,4.2,4006,3,67
636,BharatMart,4.3,4246,4,6
637,ShopEasy India,4.5,5502,2,51
637,BharatMart,4.3,4792,1,31
638,ShopEasy India,4.5,4654,1,35
638,Elite Outlet,4.8,4391,3,66
639,MegaSave Retail,3.9,13367,5,81
639,TrendyHub Retail,4.6,14350,4,59
639,NovaMart,4.5,14343,5,31
639,KiranaOnline,4.1,14512,2,70
640,BharatMart,4.2,3176,2,11
640,Elite Outlet,4.7,3064,2,76
640,KiranaOnline,3.9,3338,5,77
640,PrimeDeals Store,4.6,3356,5,97
641,BharatMart,4.2,25862,4,5
641,TrendyHub Retail,4.6,24561,2,70
642,ShopEasy India,4.5,11605,1,55
642,MegaSave Retail,3.7,10861,6,47
643,MegaSave Retail,3.9,4600,4,15
643,NovaMart,4.5,4852,3,75
643,TrendyHub Retail,4.5,4833,4,99
644,KiranaOnline,4.0,3357,3,43
644,NovaMart,4.5,3728,3,42
644,QuickCart Seller,4.1,3455,3,119
644,PrimeDeals Store,4.6,3356,3,64
645,NovaMart,4.5,7213,5,57
645,BharatMart,4.3,8396,4,59
646,SunriseTraders,4.3,10515,1,28
646,NovaMart,4.4,10156,6,20
646,PrimeDeals Store,4.6,11114,3,93
647,QuickCart Seller,4.2,1444,5,37
647,ShopEasy India,4.4,1609,1,18
647,PrimeDeals Store,4.6,1435,1,9
648,Elite Outlet,4.7,619,1,68
648,UrbanKart Traders,4.2,647,2,19
648,ShopEasy India,4.4,641,4,22
649,PrimeDeals Store,4.8,70930,5,83
649,NovaMart,4.4,69485,3,88
649,Value Bazaar,3.9,63466,3,108
649,BharatMart,4.4,63944,2,39
650,UrbanKart Traders,4.1,12964,2,47
650,KiranaOnline,3.9,13913,6,33
650,Elite Outlet,4.8,12580,4,70
650,SunriseTraders,4.3,14002,5,67
651,Value Bazaar,3.9,5448,5,70
651,MegaSave Retail,3.7,5898,4,45
651,NovaMart,4.5,5611,1,73
651,KiranaOnline,3.9,5276,4,15
652,ShopEasy India,4.4,1200,1,86
652,KiranaOnline,3.9,1111,4,11
652,BharatMart,4.2,1120,3,99
653,NovaMart,4.4,3362,1,29
653,Elite Outlet,4.8,3182,1,14
653,QuickCart Seller,4.2,3199,2,26
654,PrimeDeals Store,4.6,16671,5,80
654,UrbanKart Traders,4.0,17140,1,15
654,KiranaOnline,4.1,19078,2,43
654,ShopEasy India,4.5,18861,5,10
655,Elite Outlet,4.7,1203,1,92
655,KiranaOnline,4.1,1037,2,78
655,SunriseTraders,4.3,1140,4,49
656,Elite Outlet,4.7,1821,1,18
656,PrimeDeals Store,4.8,1989,2,113
656,Value Bazaar,3.8,1730,5,45
656,KiranaOnline,4.0,1795,5,30
657,MegaSave Retail,3.7,7760,7,5
657,KiranaOnline,4.0,7535,6,45
657,QuickCart Seller,4.2,7960,1,95
658,QuickCart Seller,4.2,5395,3,55
658,Value Bazaar,4.0,5213,4,16
658,SunriseTraders,4.3,6043,3,32
658,NovaMart,4.4,5457,2,92
659,KiranaOnline,4.1,27178,2,73
659,ShopEasy India,4.4,25640,5,5
660,Value Bazaar,3.9,12609,5,63
660,UrbanKart Traders,4.2,11895,2,25
661,MegaSave Retail,3.9,8554,4,108
661,NovaMart,4.6,8833,3,86
662,SunriseTraders,4.1,45060,3,46
662,MegaSave Retail,3.9,51864,6,13
662,BharatMart,4.3,45147,1,11
663,TrendyHub Retail,4.6,4319,2,54
663,SunriseTraders,4.3,4537,4,7
663,UrbanKart Traders,4.2,4080,3,31
664,QuickCart Seller,4.3,6199,4,12
664,PrimeDeals Store,4.8,6021,4,81
664,TrendyHub Retail,4.5,5727,2,82
665,TrendyHub Retail,4.5,2730,5,68
665,PrimeDeals Store,4.7,2770,1,76
665,ShopEasy India,4.5,2854,1,64
665,Elite Outlet,4.7,2933,2,44
666,SunriseTraders,4.1,11093,4,68
666,ShopEasy India,4.3,12455,6,18
666,PrimeDeals Store,4.8,12960,5,33
666,Value Bazaar,3.9,11426,5,105
667,ShopEasy India,4.4,3091,3,48
667,QuickCart Seller,4.2,3450,1,13
667,UrbanKart Traders,4.2,3447,4,91
667,MegaSave Retail,3.7,3031,2,79
668,SunriseTraders,4.3,6217,3,96
668,TrendyHub Retail,4.6,6747,1,89
668,UrbanKart Traders,4.1,6748,5,85
669,TrendyHub Retail,4.5,50348,2,58
669,QuickCart Seller,4.2,53369,6,20
670,SunriseTraders,4.3,26858,3,63
670,UrbanKart Traders,4.0,25786,3,93
670,PrimeDeals Store,4.8,29435,4,59
670,Elite Outlet,4.8,28091,2,76
671,PrimeDeals Store,4.7,7440,1,11
671,BharatMart,4.2,7241,5,54
671,UrbanKart Traders,4.0,6664,6,31
672,NovaMart,4.4,2614,3,108
672,TrendyHub Retail,4.7,2525,4,55
672,Elite Outlet,4.7,2864,2,12
673,MegaSave Retail,3.9,5955,3,48
673,ShopEasy India,4.5,6093,5,32
673,NovaMart,4.4,5404,5,87
674,NovaMart,4.6,10200,4,85
674,ShopEasy India,4.3,10732,4,73
674,UrbanKart Traders,4.0,10125,3,101
675,Elite Outlet,4.9,1841,3,69
675,NovaMart,4.5,1668,5,99
675,ShopEasy India,4.4,1694,4,61
676,PrimeDeals Store,4.6,5728,4,5
676,NovaMart,4.5,6508,2,83
676,UrbanKart Traders,4.2,6213,5,62
677,Elite Outlet,4.8,2198,3,55
677,SunriseTraders,4.1,2086,6,74
678,MegaSave Retail,3.8,6956,4,96
678,TrendyHub Retail,4.7,6733,1,55
678,QuickCart Seller,4.2,6801,5,15
679,NovaMart,4.6,12554,2,74
679,Elite Outlet,4.9,13307,2,41
680,MegaSave Retail,3.8,20441,3,75
680,NovaMart,4.5,19331,3,71
680,KiranaOnline,3.9,20520,3,81
681,ShopEasy India,4.5,21340,2,29
681,Elite Outlet,4.9,22132,2,30
681,QuickCart Seller,4.3,21308,6,35
682,NovaMart,4.5,92610,2,43
682,Value Bazaar,4.0,87166,6,45
682,KiranaOnline,3.9,84923,3,49
682,ShopEasy India,4.4,92468,3,48
683,KiranaOnline,4.0,3791,6,83
683,UrbanKart Traders,4.2,3531,2,44
683,Elite Outlet,4.8,3874,5,114
684,ShopEasy India,4.3,1695,4,59
684,SunriseTraders,4.3,1806,3,11
684,Value Bazaar,3.8,1874,4,29
685,BharatMart,4.2,6491,5,24
685,Elite Outlet,4.9,6072,3,110
686,ShopEasy India,4.5,12522,1,97
686,MegaSave Retail,3.9,13426,3,82
687,ShopEasy India,4.4,5255,4,28
687,BharatMart,4.4,4748,4,56
687,Elite Outlet,4.9,5170,5,62
688,QuickCart Seller,4.2,12919,4,120
688,ShopEasy India,4.4,12000,5,53
688,PrimeDeals Store,4.7,12189,4,35
688,Value Bazaar,4.0,11879,6,24
689,UrbanKart Traders,4.0,36498,5,30
689,Elite Outlet,4.9,34432,1,31
690,NovaMart,4.4,45024,3,90
690,KiranaOnline,4.1,44591,2,101
690,BharatMart,4.4,40950,2,98
690,MegaSave Retail,3.8,39075,2,7
691,SunriseTraders,4.1,8476,4,91
691,BharatMart,4.2,8072,5,103
691,ShopEasy India,4.5,8444,2,9
692,KiranaOnline,4.0,1427,2,115
692,TrendyHub Retail,4.6,1357,1,73
693,SunriseTraders,4.3,8126,5,72
693,ShopEasy India,4.5,8728,4,80
693,QuickCart Seller,4.2,8551,3,116
693,MegaSave Retail,3.9,8090,5,117
694,KiranaOnline,4.0,1455,3,45
694,MegaSave Retail,3.9,1533,5,87
694,Elite Outlet,4.7,1450,2,8
694,UrbanKart Traders,4.2,1594,3,8
695,Elite Outlet,4.9,421,2,106
695,PrimeDeals Store,4.7,421,2,95
695,ShopEasy India,4.5,406,4,10
696,MegaSave Retail,3.7,3368,5,116
696,TrendyHub Retail,4.7,3977,5,31
696,KiranaOnline,4.0,3694,6,20
696,NovaMart,4.5,3460,1,70
697,KiranaOnline,4.1,4197,1,49
697,BharatMart,4.2,4352,6,38
698,SunriseTraders,4.3,486,5,88
698,KiranaOnline,4.1,490,4,73
698,NovaMart,4.6,517,3,54
699,MegaSave Retail,3.7,23862,3,59
699,PrimeDeals Store,4.7,23128,4,38
699,ShopEasy India,4.5,23578,3,64
700,MegaSave Retail,3.9,4295,4,65
700,UrbanKart Traders,4.0,4052,5,12
701,Value Bazaar,3.9,3774,2,10
701,BharatMart,4.2,3789,3,94
701,ShopEasy India,4.5,3627,4,59
702,Elite Outlet,4.8,119843,1,42
702,QuickCart Seller,4.1,118085,6,27
702,TrendyHub Retail,4.7,117998,3,49
702,Value Bazaar,4.0,131143,2,86
703,Value Bazaar,3.9,3199,6,76
703,ShopEasy India,4.3,3391,5,62
704,ShopEasy India,4.4,3933,2,43
704,BharatMart,4.4,3923,5,50
704,SunriseTraders,4.3,4273,4,76
705,TrendyHub Retail,4.5,1184,3,23
705,Elite Outlet,4.9,1359,4,52
706,MegaSave Retail,3.9,13341,5,39
706,SunriseTraders,4.2,13937,2,87
707,NovaMart,4.6,1036,4,90
707,UrbanKart Traders,4.1,968,3,43
707,SunriseTraders,4.3,977,3,51
708,ShopEasy India,4.5,5774,3,110
708,PrimeDeals Store,4.8,6120,4,7
709,SunriseTraders,4.2,16928,4,9
709,ShopEasy India,4.5,18394,2,49
710,BharatMart,4.3,7910,2,85
710,NovaMart,4.5,9078,5,82
710,Value Bazaar,4.0,8771,4,114
711,TrendyHub Retail,4.7,9275,3,100
711,Elite Outlet,4.8,10408,1,83
712,SunriseTraders,4.2,2686,4,101
712,KiranaOnline,4.0,3074,4,19
712,PrimeDeals Store,4.6,2762,1,103
713,Elite Outlet,4.9,695,1,56
713,MegaSave Retail,3.8,693,3,94
713,TrendyHub Retail,4.5,690,2,45
713,QuickCart Seller,4.1,715,5,110
714,ShopEasy India,4.4,12017,1,16
714,PrimeDeals Store,4.7,11157,5,11
714,QuickCart Seller,4.3,11900,1,36
715,MegaSave Retail,3.7,951,5,91
715,BharatMart,4.3,988,2,44
715,NovaMart,4.4,1053,3,104
715,PrimeDeals Store,4.8,1014,4,88
716,PrimeDeals Store,4.7,1332,3,66
716,UrbanKart Traders,4.2,1198,5,29
717,PrimeDeals Store,4.6,6895,4,72
717,Value Bazaar,3.9,7309,5,41
718,UrbanKart Traders,4.1,1819,3,53
718,QuickCart Seller,4.1,1820,2,26
718,BharatMart,4.3,1941,6,84
719,NovaMart,4.4,9334,2,116
719,MegaSave Retail,3.9,10694,5,32
719,SunriseTraders,4.1,10535,4,98
719,Elite Outlet,4.7,9929,5,113
720,BharatMart,4.3,13692,4,12
720,SunriseTraders,4.1,12705,5,69
720,TrendyHub Retail,4.6,12142,3,106
720,PrimeDeals Store,4.8,12370,4,77
721,MegaSave Retail,3.9,16044,3,89
721,QuickCart Seller,4.2,17052,5,10
721,SunriseTraders,4.1,16797,2,13
721,UrbanKart Traders,4.0,15747,5,31
722,KiranaOnline,4.0,43538,5,27
722,Elite Outlet,4.9,41074,1,108
723,ShopEasy India,4.3,2513,5,54
723,MegaSave Retail,3.7,2195,2,28
724,Elite Outlet,4.8,6886,1,115
724,BharatMart,4.3,6392,1,75
725,ShopEasy India,4.5,5125,4,85
725,Elite Outlet,4.8,5368,1,75
725,PrimeDeals Store,4.8,5064,1,23
726,BharatMart,4.3,831,2,23
726,MegaSave Retail,3.9,944,4,105
727,NovaMart,4.4,2542,2,85
727,BharatMart,4.2,2708,5,87
727,TrendyHub Retail,4.5,2564,3,54
727,UrbanKart Traders,4.0,2727,2,118
728,UrbanKart Traders,4.0,11656,2,63
728,NovaMart,4.4,12265,1,106
728,Value Bazaar,3.9,11092,3,88
729,MegaSave Retail,3.7,79985,5,55
729,QuickCart Seller,4.2,94228,2,77
730,QuickCart Seller,4.1,22524,5,91
730,Value Bazaar,3.8,21656,4,42
731,NovaMart,4.5,11354,3,114
731,MegaSave Retail,3.8,12035,3,10
732,MegaSave Retail,3.7,1669,4,77
732,PrimeDeals Store,4.8,1696,2,38
732,Elite Outlet,4.8,1780,2,31
732,SunriseTraders,4.2,1616,1,93
733,QuickCart Seller,4.1,2927,6,45
733,PrimeDeals Store,4.7,3271,5,91
733,UrbanKart Traders,4.2,2941,2,56
734,ShopEasy India,4.4,3496,2,105
734,MegaSave Retail,3.7,3676,4,56
735,SunriseTraders,4.2,1707,6,37
735,Value Bazaar,3.8,1513,4,30
736,SunriseTraders,4.1,5642,3,68
736,TrendyHub Retail,4.7,5193,5,48
736,KiranaOnline,4.1,5705,2,110
737,Value Bazaar,4.0,1334,4,58
737,UrbanKart Traders,4.1,1351,5,62
737,QuickCart Seller,4.3,1414,4,9
738,KiranaOnline,3.9,3141,6,33
738,SunriseTraders,4.3,3002,2,96
739,UrbanKart Traders,4.0,21987,2,118
739,SunriseTraders,4.1,22497,5,92
739,BharatMart,4.2,20589,4,59
739,PrimeDeals Store,4.8,20361,2,81
740,NovaMart,4.6,22372,3,108
740,MegaSave Retail,3.8,21486,6,48
741,Value Bazaar,3.8,30520,5,110
741,TrendyHub Retail,4.5,32351,3,12
741,PrimeDeals Store,4.7,30988,3,119
742,QuickCart Seller,4.3,82541,4,101
742,MegaSave Retail,3.7,77869,3,94
743,TrendyHub Retail,4.6,1705,1,66
743,KiranaOnline,4.0,1811,6,35
744,KiranaOnline,4.0,2189,1,5
744,MegaSave Retail,3.7,2443,5,17
745,BharatMart,4.4,7856,1,88
745,SunriseTraders,4.2,8894,3,34
746,TrendyHub Retail,4.5,2023,2,113
746,PrimeDeals Store,4.6,2104,2,115
746,Elite Outlet,4.8,1874,2,73
747,Value Bazaar,4.0,4207,6,18
747,NovaMart,4.4,4609,3,71
747,Elite Outlet,4.9,4325,1,22
748,SunriseTraders,4.2,4931,1,83
748,MegaSave Retail,3.7,5235,2,32
748,Elite Outlet,4.7,5213,2,37
748,PrimeDeals Store,4.7,5094,2,61
749,KiranaOnline,3.9,65612,5,105
749,PrimeDeals Store,4.6,75676,3,19
749,Elite Outlet,4.9,71255,1,56
750,QuickCart Seller,4.2,39575,4,30
750,BharatMart,4.4,38172,5,8
750,ShopEasy India,4.4,35863,2,39
751,SunriseTraders,4.1,11481,2,14
751,TrendyHub Retail,4.7,13356,1,65
752,Value Bazaar,4.0,349,6,44
752,SunriseTraders,4.3,352,3,89
752,QuickCart Seller,4.1,373,4,104
753,ShopEasy India,4.3,5743,5,102
753,KiranaOnline,3.9,5553,5,76
754,ShopEasy India,4.3,13184,2,120
754,KiranaOnline,4.0,14886,4,90
755,BharatMart,4.4,289,2,100
755,Value Bazaar,4.0,305,2,41
755,KiranaOnline,4.1,312,5,86
756,MegaSave Retail,3.9,3093,4,91
756,SunriseTraders,4.3,2955,3,35
757,ShopEasy India,4.4,3548,5,83
757,MegaSave Retail,3.9,3923,3,33
757,BharatMart,4.2,3564,3,66
758,PrimeDeals Store,4.7,4658,1,70
758,Elite Outlet,4.7,4937,3,78
759,ShopEasy India,4.4,8697,4,52
759,BharatMart,4.3,8334,3,18
759,QuickCart Seller,4.1,7600,3,96
760,ShopEasy India,4.4,5126,4,93
760,BharatMart,4.3,5378,1,42
760,PrimeDeals Store,4.6,5030,5,39
761,Elite Outlet,4.9,12070,1,59
761,UrbanKart Traders,4.0,12052,4,24
761,NovaMart,4.6,12529,5,109
762,Value Bazaar,4.0,127690,3,31
762,Elite Outlet,4.8,120462,4,51
763,SunriseTraders,4.2,1144,2,98
763,Elite Outlet,4.9,1164,2,94
763,PrimeDeals Store,4.8,1213,2,58
764,ShopEasy India,4.3,4565,3,25
764,UrbanKart Traders,4.1,4825,4,98
764,BharatMart,4.4,4526,1,45
765,BharatMart,4.2,3375,4,93
765,UrbanKart Traders,4.0,3308,6,62
765,ShopEasy India,4.3,3251,4,14
766,Elite Outlet,4.7,3035,2,67
766,ShopEasy India,4.4,2926,4,99
767,BharatMart,4.4,412,1,47
767,Value Bazaar,4.0,453,2,11
768,TrendyHub Retail,4.5,11931,2,7
768,Elite Outlet,4.9,10672,1,39
769,NovaMart,4.6,54470,1,25
769,SunriseTraders,4.2,52243,5,79
769,TrendyHub Retail,4.6,50778,3,84
770,BharatMart,4.4,3755,6,21
770,SunriseTraders,4.2,3542,5,37
771,UrbanKart Traders,4.1,13625,2,49
771,MegaSave Retail,3.7,13979,4,88
771,BharatMart,4.4,14561,5,23
772,Value Bazaar,3.8,1785,4,77
772,BharatMart,4.4,1838,4,67
772,PrimeDeals Store,4.8,1899,5,10
772,KiranaOnline,4.0,1862,1,101
773,PrimeDeals Store,4.8,7259,1,39
773,Value Bazaar,3.8,7947,4,42
773,BharatMart,4.4,7772,4,103
773,QuickCart Seller,4.2,7366,1,82
774,UrbanKart Traders,4.0,6032,6,71
774,Value Bazaar,3.8,6400,3,59
774,KiranaOnline,4.0,5951,5,76
775,Elite Outlet,4.7,954,5,100
775,KiranaOnline,4.0,836,2,69
775,Value Bazaar,4.0,871,4,14
776,MegaSave Retail,3.8,637,4,18
776,PrimeDeals Store,4.7,630,4,74
776,SunriseTraders,4.2,577,5,22
777,BharatMart,4.2,5747,3,50
777,SunriseTraders,4.3,6571,5,85
777,Elite Outlet,4.7,6475,3,21
777,UrbanKart Traders,4.2,5748,1,57
778,PrimeDeals Store,4.6,6225,2,59
778,Elite Outlet,4.8,6478,5,19
779,ShopEasy India,4.3,18535,3,61
779,NovaMart,4.5,21250,5,38
780,Value Bazaar,3.9,14526,2,18
780,Elite Outlet,4.9,13324,4,75
780,NovaMart,4.6,14893,1,84
781,MegaSave Retail,3.8,25726,5,88
781,SunriseTraders,4.2,24250,4,86
781,Value Bazaar,3.8,23425,3,117
782,Value Bazaar,4.0,30982,4,81
782,UrbanKart Traders,4.1,32785,3,97
783,TrendyHub Retail,4.7,172410,4,82
783,NovaMart,4.4,147870,2,22
783,BharatMart,4.2,169510,5,77
783,KiranaOnline,3.9,153786,6,79
784,Elite Outlet,4.8,518,2,98
784,PrimeDeals Store,4.6,556,4,114
784,MegaSave Retail,3.8,526,6,90
784,KiranaOnline,3.9,559,6,64
785,MegaSave Retail,3.7,7417,3,101
785,ShopEasy India,4.3,6997,1,107
786,SunriseTraders,4.1,4068,2,74
786,BharatMart,4.3,3838,3,67
787,BharatMart,4.2,2025,2,92
787,NovaMart,4.4,2116,2,31
787,ShopEasy India,4.3,2211,4,41
787,QuickCart Seller,4.1,2320,6,45
788,Value Bazaar,3.9,4202,4,93
788,ShopEasy India,4.4,4624,4,85
789,TrendyHub Retail,4.7,38387,3,15
789,KiranaOnline,3.9,39973,4,107
789,UrbanKart Traders,4.1,37553,5,56
789,Elite Outlet,4.8,40674,3,98
790,NovaMart,4.5,18541,5,118
790,MegaSave Retail,3.7,19653,2,54
791,Elite Outlet,4.7,14557,1,107
791,PrimeDeals Store,4.7,16239,2,95
792,NovaMart,4.4,628,1,78
792,Value Bazaar,3.8,561,2,56
792,SunriseTraders,4.2,573,1,70
793,ShopEasy India,4.4,371,1,53
793,UrbanKart Traders,4.0,385,6,13
793,QuickCart Seller,4.2,354,2,62
794,PrimeDeals Store,4.7,15461,4,57
794,MegaSave Retail,3.7,15738,4,25
794,SunriseTraders,4.3,16230,5,30
795,BharatMart,4.3,1473,1,67
795,SunriseTraders,4.1,1499,3,6
795,Elite Outlet,4.7,1588,1,30
796,UrbanKart Traders,4.1,5254,6,79
796,BharatMart,4.2,5037,3,55
797,NovaMart,4.5,610,5,79
797,SunriseTraders,4.2,667,3,102
798,Value Bazaar,4.0,6976,2,52
798,ShopEasy India,4.4,6812,1,12
798,KiranaOnline,3.9,6828,3,9
798,TrendyHub Retail,4.6,7506,5,25
799,BharatMart,4.3,6952,4,39
799,PrimeDeals Store,4.6,7031,4,40
799,TrendyHub Retail,4.7,6460,1,66
800,ShopEasy India,4.3,22834,5,91
800,MegaSave Retail,3.8,22007,6,30
800,KiranaOnline,4.1,23944,5,48
801,Value Bazaar,3.9,7128,6,113
801,SunriseTraders,4.1,6912,2,82
801,BharatMart,4.4,7733,1,55
802,PrimeDeals Store,4.6,70789,2,101
802,ShopEasy India,4.3,64888,4,99
803,NovaMart,4.5,171624,3,66
803,TrendyHub Retail,4.6,166599,3,39
803,QuickCart Seller,4.3,167986,3,38
804,Value Bazaar,4.0,2908,4,63
804,PrimeDeals Store,4.8,3031,5,93
804,ShopEasy India,4.3,2711,3,15
805,SunriseTraders,4.1,1867,4,46
805,BharatMart,4.3,1979,2,43
806,UrbanKart Traders,4.2,4983,2,58
806,NovaMart,4.6,5199,1,111
806,MegaSave Retail,3.7,4876,4,69
807,NovaMart,4.4,4086,3,71
807,Value Bazaar,3.9,3855,5,26
808,ShopEasy India,4.5,11142,1,97
808,Value Bazaar,3.8,10511,3,75
809,Value Bazaar,3.9,21938,4,87
809,UrbanKart Traders,4.1,22033,4,66
809,MegaSave Retail,3.7,20023,4,20
810,QuickCart Seller,4.1,31589,4,74
810,Value Bazaar,3.9,32990,6,74
810,BharatMart,4.4,30212,2,70
811,NovaMart,4.4,836,5,40
811,ShopEasy India,4.4,887,1,61
812,Elite Outlet,4.9,2245,5,117
812,SunriseTraders,4.3,2291,4,17
812,BharatMart,4.3,2051,2,55
813,KiranaOnline,3.9,2503,5,88
813,TrendyHub Retail,4.6,2686,2,40
813,SunriseTraders,4.1,2558,3,45
814,TrendyHub Retail,4.5,8516,2,43
814,Value Bazaar,4.0,8806,5,79
815,BharatMart,4.4,190,4,18
815,Elite Outlet,4.7,186,4,74
815,NovaMart,4.6,198,3,62
815,QuickCart Seller,4.1,193,6,81
816,ShopEasy India,4.4,2284,5,41
816,UrbanKart Traders,4.0,2612,3,66
816,SunriseTraders,4.2,2491,5,46
817,MegaSave Retail,3.7,2896,5,109
817,NovaMart,4.4,3102,4,108
817,BharatMart,4.4,3047,1,38
817,UrbanKart Traders,4.2,3069,1,34
818,PrimeDeals Store,4.7,827,2,36
818,Elite Outlet,4.7,843,3,109
818,BharatMart,4.2,793,4,34
819,NovaMart,4.6,16685,4,59
819,TrendyHub Retail,4.5,19195,5,49
819,MegaSave Retail,3.8,16562,3,39
820,ShopEasy India,4.3,5886,1,81
820,QuickCart Seller,4.2,6239,6,70
820,SunriseTraders,4.2,5941,6,20
821,Value Bazaar,4.0,19816,3,51
821,UrbanKart Traders,4.0,18737,4,74
822,Value Bazaar,3.9,103247,2,100
822,BharatMart,4.4,109028,2,90
822,KiranaOnline,4.0,111882,3,59
822,NovaMart,4.4,105709,3,16
823,MegaSave Retail,3.7,156909,6,57
823,SunriseTraders,4.1,147022,4,25
823,Value Bazaar,4.0,151348,6,97
823,QuickCart Seller,4.3,164187,5,36
824,MegaSave Retail,3.8,5260,6,23
824,ShopEasy India,4.5,4962,3,45
825,BharatMart,4.3,5812,4,62
825,Value Bazaar,3.9,5301,3,77
826,QuickCart Seller,4.3,5893,4,50
826,Value Bazaar,3.9,6089,6,27
826,SunriseTraders,4.2,5905,2,92
826,ShopEasy India,4.4,6013,2,96
827,NovaMart,4.6,6006,4,24
827,SunriseTraders,4.3,6366,1,52
828,MegaSave Retail,3.9,3347,2,119
828,UrbanKart Traders,4.2,3295,4,43
828,BharatMart,4.4,3562,2,81
829,QuickCart Seller,4.2,4997,5,75
829,Elite Outlet,4.8,4648,4,25
829,UrbanKart Traders,4.0,4661,4,46
830,QuickCart Seller,4.2,46058,2,57
830,BharatMart,4.2,47723,6,10
830,NovaMart,4.5,43357,2,66
831,ShopEasy India,4.5,2399,2,112
831,MegaSave Retail,3.9,2428,5,85
831,BharatMart,4.4,2282,3,54
832,SunriseTraders,4.1,831,4,83
832,UrbanKart Traders,4.2,863,1,114
832,Elite Outlet,4.8,822,1,24
833,BharatMart,4.3,5057,6,115
833,ShopEasy India,4.4,5399,5,39
834,Value Bazaar,3.9,18988,5,29
834,TrendyHub Retail,4.7,17500,4,52
835,NovaMart,4.4,831,5,74
835,PrimeDeals Store,4.8,773,3,51
835,KiranaOnline,3.9,803,4,106
836,TrendyHub Retail,4.6,7234,3,11
836,QuickCart Seller,4.1,6195,6,35
837,ShopEasy India,4.3,4963,2,26
837,SunriseTraders,4.3,5409,2,62
838,Value Bazaar,4.0,2195,2,79
838,ShopEasy India,4.5,2318,4,97
839,NovaMart,4.6,4584,3,81
839,QuickCart Seller,4.3,4996,1,32
840,Elite Outlet,4.8,14032,1,15
840,QuickCart Seller,4.2,14055,2,102
840,TrendyHub Retail,4.6,14531,4,25
841,UrbanKart Traders,4.0,2690,4,56
841,PrimeDeals Store,4.8,3066,3,47
842,TrendyHub Retail,4.5,20194,4,48
842,Value Bazaar,3.8,23137,6,114
842,ShopEasy India,4.3,22808,4,84
843,UrbanKart Traders,4.0,145453,4,78
843,MegaSave Retail,3.9,156368,5,20
844,QuickCart Seller,4.1,1058,6,16
844,TrendyHub Retail,4.6,1185,3,95
845,UrbanKart Traders,4.2,9105,5,33
845,TrendyHub Retail,4.5,8619,5,103
845,ShopEasy India,4.5,8719,3,15
846,PrimeDeals Store,4.8,7433,3,70
846,MegaSave Retail,3.9,7204,2,108
846,SunriseTraders,4.1,7467,5,110
847,BharatMart,4.3,1584,6,46
847,TrendyHub Retail,4.5,1758,1,106
847,MegaSave Retail,3.8,1578,6,63
848,ShopEasy India,4.4,9652,6,28
848,MegaSave Retail,3.7,9337,2,12
848,PrimeDeals Store,4.6,9692,4,35
849,MegaSave Retail,3.9,77397,5,64
849,BharatMart,4.3,74231,3,97
849,KiranaOnline,4.1,77763,2,40
850,SunriseTraders,4.1,13845,1,82
850,BharatMart,4.4,13289,1,39
850,UrbanKart Traders,4.0,13925,5,45
851,UrbanKart Traders,4.2,3570,1,40
851,PrimeDeals Store,4.6,3528,4,53
851,QuickCart Seller,4.1,3652,3,83
851,TrendyHub Retail,4.6,3493,5,42
852,SunriseTraders,4.1,2524,5,41
852,UrbanKart Traders,4.2,2372,5,96
853,Elite Outlet,4.7,7439,1,91
853,ShopEasy India,4.4,7109,1,19
853,QuickCart Seller,4.1,7104,3,101
854,PrimeDeals Store,4.7,9756,5,87
854,TrendyHub Retail,4.7,10582,5,99
854,NovaMart,4.4,9950,4,64
855,TrendyHub Retail,4.6,1458,1,60
855,ShopEasy India,4.4,1420,5,90
855,NovaMart,4.4,1288,2,44
856,Elite Outlet,4.7,4289,4,40
856,ShopEasy India,4.5,4050,4,18
857,Value Bazaar,3.8,7247,5,45
857,NovaMart,4.5,7292,4,20
857,UrbanKart Traders,4.1,7183,3,12
857,Elite Outlet,4.9,7544,2,117
858,TrendyHub Retail,4.5,3775,4,70
858,MegaSave Retail,3.8,3772,3,56
858,UrbanKart Traders,4.2,3604,5,24
859,TrendyHub Retail,4.7,17174,5,49
859,KiranaOnline,4.1,15021,4,26
859,Value Bazaar,3.9,16759,6,71
860,Value Bazaar,3.8,24118,7,89
860,Elite Outlet,4.9,23765,4,6
860,PrimeDeals Store,4.8,24738,4,35
860,TrendyHub Retail,4.7,22329,1,110
861,Value Bazaar,4.0,14377,5,89
861,TrendyHub Retail,4.7,14500,2,21
861,SunriseTraders,4.2,16309,5,53
862,NovaMart,4.6,59401,2,65
862,UrbanKart Traders,4.2,56039,2,29
863,ShopEasy India,4.3,159055,3,5
863,Elite Outlet,4.7,160957,1,76
863,UrbanKart Traders,4.0,162859,6,109
863,TrendyHub Retail,4.7,153501,4,90
864,UrbanKart Traders,4.2,3200,2,56
864,PrimeDeals Store,4.8,3256,2,37
864,MegaSave Retail,3.8,3412,4,88
865,MegaSave Retail,3.8,4021,3,14
865,PrimeDeals Store,4.7,4119,3,46
865,BharatMart,4.3,4228,3,74
866,Elite Outlet,4.7,8398,4,74
866,Value Bazaar,3.8,8172,2,5
866,SunriseTraders,4.3,7980,2,50
866,BharatMart,4.4,8768,2,89
867,SunriseTraders,4.3,3271,3,50
867,KiranaOnline,4.1,3513,5,21
867,UrbanKart Traders,4.2,3484,5,44
868,PrimeDeals Store,4.6,2557,5,15
868,SunriseTraders,4.1,2704,4,47
868,UrbanKart Traders,4.2,2539,5,77
869,BharatMart,4.2,59233,3,38
869,SunriseTraders,4.3,63291,4,71
870,BharatMart,4.2,28567,5,68
870,Value Bazaar,4.0,27924,4,74
870,UrbanKart Traders,4.2,27038,6,38
871,SunriseTraders,4.3,4658,3,73
871,TrendyHub Retail,4.7,5059,4,70
871,NovaMart,4.5,4765,4,26
872,Value Bazaar,3.8,1051,4,33
872,QuickCart Seller,4.1,1175,6,26
872,KiranaOnline,4.1,1167,6,81
872,Elite Outlet,4.8,1109,1,45
873,ShopEasy India,4.3,10084,3,94
873,BharatMart,4.4,9513,1,107
874,TrendyHub Retail,4.5,2160,1,100
874,KiranaOnline,4.1,2290,3,60
875,Elite Outlet,4.9,1987,2,17
875,PrimeDeals Store,4.8,2123,5,100
875,NovaMart,4.6,1874,4,98
876,SunriseTraders,4.3,1849,1,74
876,QuickCart Seller,4.3,1747,3,79
876,TrendyHub Retail,4.6,1823,5,7
877,Value Bazaar,4.0,2127,4,87
877,KiranaOnline,3.9,2283,2,7
877,Elite Outlet,4.8,2198,5,73
878,BharatMart,4.3,4968,1,12
878,PrimeDeals Store,4.8,4698,4,22
879,Elite Outlet,4.9,3137,4,65
879,Value Bazaar,3.9,2920,5,115
880,KiranaOnline,3.9,7683,4,52
880,QuickCart Seller,4.3,7256,3,7
880,ShopEasy India,4.3,7691,5,12
881,Value Bazaar,3.8,26429,5,46
881,MegaSave Retail,3.9,25622,5,66
881,Elite Outlet,4.7,27607,1,100
881,UrbanKart Traders,4.2,29082,4,72
882,KiranaOnline,4.0,100479,3,82
882,PrimeDeals Store,4.8,104599,1,49
882,SunriseTraders,4.3,104030,2,13
883,SunriseTraders,4.2,167603,2,105
883,KiranaOnline,4.1,164334,6,34
883,TrendyHub Retail,4.6,162046,1,112
884,MegaSave Retail,3.7,5580,2,51
884,BharatMart,4.3,6085,6,30
884,SunriseTraders,4.3,5647,4,93
885,BharatMart,4.3,8385,1,92
885,MegaSave Retail,3.7,7910,5,84
886,Elite Outlet,4.7,9784,4,35
886,ShopEasy India,4.4,9082,5,98
886,MegaSave Retail,3.8,8823,3,39
887,NovaMart,4.4,5084,5,47
887,TrendyHub Retail,4.7,5533,2,120
888,MegaSave Retail,3.9,9227,2,36
888,PrimeDeals Store,4.7,8798,3,22
888,UrbanKart Traders,4.2,8752,2,27
889,NovaMart,4.5,44200,4,79
889,BharatMart,4.4,41698,4,118
890,Elite Outlet,4.8,41114,2,37
890,Value Bazaar,3.9,42650,3,48
891,ShopEasy India,4.4,6019,1,110
891,Elite Outlet,4.8,6121,1,10
891,MegaSave Retail,3.7,6801,5,95
892,Elite Outlet,4.7,2573,3,41
892,Value Bazaar,3.8,2657,5,5
892,TrendyHub Retail,4.5,2475,3,105
892,KiranaOnline,4.0,2564,5,40
893,SunriseTraders,4.2,2376,3,27
893,Value Bazaar,3.9,2596,6,5
893,UrbanKart Traders,4.1,2414,3,119
893,NovaMart,4.4,2401,1,96
894,SunriseTraders,4.3,13397,2,52
894,UrbanKart Traders,4.2,12088,6,48
895,Elite Outlet,4.8,724,4,118
895,SunriseTraders,4.3,692,2,118
895,BharatMart,4.3,646,2,104
896,UrbanKart Traders,4.2,5714,3,52
896,ShopEasy India,4.4,6217,2,39
896,NovaMart,4.6,5939,4,17
897,SunriseTraders,4.2,5004,4,63
897,BharatMart,4.2,4721,2,26
898,BharatMart,4.4,6640,1,80
898,Elite Outlet,4.7,6226,2,30
898,QuickCart Seller,4.2,6649,4,118
898,Value Bazaar,3.9,6379,4,31
899,KiranaOnline,3.9,13752,3,85
899,PrimeDeals Store,4.6,13403,1,76
899,Elite Outlet,4.9,14336,2,67
899,UrbanKart Traders,4.2,13518,2,80
900,ShopEasy India,4.3,16503,3,90
900,BharatMart,4.3,16870,6,9
900,SunriseTraders,4.1,17092,3,101
901,Elite Outlet,4.7,10348,2,73
901,SunriseTraders,4.1,10784,5,56
901,TrendyHub Retail,4.6,11229,1,53
902,BharatMart,4.4,13454,2,55
902,NovaMart,4.4,13053,3,115
903,UrbanKart Traders,4.0,164892,2,35
903,TrendyHub Retail,4.7,160378,5,74
903,MegaSave Retail,3.8,151718,4,98
903,Value Bazaar,3.8,144510,4,13
904,TrendyHub Retail,4.6,1577,5,17
904,BharatMart,4.2,1672,5,60
905,NovaMart,4.6,2365,1,64
905,KiranaOnline,4.0,2338,5,94
905,MegaSave Retail,3.7,2421,6,27
906,QuickCart Seller,4.1,10293,5,19
906,Elite Outlet,4.7,10957,2,15
906,UrbanKart Traders,4.0,11050,6,120
906,KiranaOnline,4.1,10068,2,64
907,TrendyHub Retail,4.6,1083,1,107
907,UrbanKart Traders,4.0,1024,3,22
908,Elite Outlet,4.8,2000,1,113
908,UrbanKart Traders,4.2,1872,1,91
908,SunriseTraders,4.2,1845,2,83
909,NovaMart,4.4,24622,4,31
909,UrbanKart Traders,4.0,26099,4,97
910,PrimeDeals Store,4.6,8779,2,47
910,Value Bazaar,4.0,7566,2,98
910,SunriseTraders,4.3,8704,4,33
911,MegaSave Retail,3.7,7462,3,99
911,BharatMart,4.2,7910,5,14
911,KiranaOnline,4.1,7557,3,28
912,ShopEasy India,4.5,1317,2,86
912,MegaSave Retail,3.8,1312,5,67
912,SunriseTraders,4.2,1270,4,65
913,UrbanKart Traders,4.2,4656,5,57
913,ShopEasy India,4.4,4785,3,42
913,TrendyHub Retail,4.5,4669,2,27
913,Value Bazaar,3.8,4502,5,20
914,TrendyHub Retail,4.7,4759,1,95
914,Value Bazaar,4.0,4557,3,87
915,NovaMart,4.5,1331,4,107
915,ShopEasy India,4.5,1202,3,17
916,NovaMart,4.4,3885,3,86
916,Elite Outlet,4.8,3386,5,20
916,ShopEasy India,4.5,3778,5,60
917,BharatMart,4.4,6503,3,61
917,ShopEasy India,4.5,7108,3,25
917,MegaSave Retail,3.7,7308,4,106
918,TrendyHub Retail,4.5,8024,3,95
918,QuickCart Seller,4.1,8072,4,108
918,SunriseTraders,4.2,8037,1,113
918,Elite Outlet,4.7,7522,4,42
919,KiranaOnline,4.0,1286,6,6
919,PrimeDeals Store,4.6,1234,2,92
919,MegaSave Retail,3.9,1199,6,77
919,BharatMart,4.4,1281,3,40
920,KiranaOnline,4.0,25997,3,42
920,PrimeDeals Store,4.7,27557,3,47
921,QuickCart Seller,4.3,22071,5,36
921,TrendyHub Retail,4.5,25119,1,94
921,KiranaOnline,4.1,24771,2,84
922,NovaMart,4.4,51625,3,66
922,QuickCart Seller,4.2,46594,6,30
922,SunriseTraders,4.2,49689,3,75
923,BharatMart,4.3,150871,2,54
923,SunriseTraders,4.1,162580,5,81
924,QuickCart Seller,4.1,3903,3,50
924,PrimeDeals Store,4.8,4348,3,28
924,Value Bazaar,4.0,4081,3,16
924,TrendyHub Retail,4.7,4077,2,85
925,KiranaOnline,3.9,5954,2,39
925,Value Bazaar,3.9,5566,6,71
926,NovaMart,4.6,11463,3,75
926,TrendyHub Retail,4.7,12378,1,101
926,ShopEasy India,4.3,12400,2,99
927,QuickCart Seller,4.1,2871,4,61
927,NovaMart,4.5,2719,5,15
928,PrimeDeals Store,4.7,7567,5,31
928,TrendyHub Retail,4.7,8437,1,38
928,SunriseTraders,4.2,7668,2,77
929,SunriseTraders,4.3,8626,4,26
929,QuickCart Seller,4.3,9452,5,92
929,MegaSave Retail,3.7,9222,4,72
929,TrendyHub Retail,4.7,9396,4,77
930,KiranaOnline,3.9,23875,6,17
930,BharatMart,4.3,22359,1,28
930,Value Bazaar,3.8,23929,5,24
931,PrimeDeals Store,4.7,10151,1,14
931,ShopEasy India,4.5,9576,4,42
932,MegaSave Retail,3.9,2687,2,5
932,TrendyHub Retail,4.5,2943,3,43
932,Value Bazaar,3.8,2637,5,108
933,MegaSave Retail,3.8,6847,5,62
933,PrimeDeals Store,4.6,7479,4,87
933,Value Bazaar,4.0,7257,2,9
933,SunriseTraders,4.1,6680,6,115
934,NovaMart,4.6,14468,3,80
934,Elite Outlet,4.7,14380,2,61
934,UrbanKart Traders,4.1,14235,3,79
934,ShopEasy India,4.5,15329,5,59
935,BharatMart,4.4,2011,2,66
935,KiranaOnline,4.0,1824,3,59
935,ShopEasy India,4.3,1807,5,58
935,QuickCart Seller,4.1,1953,3,33
936,Value Bazaar,3.9,1238,1,84
936,SunriseTraders,4.3,1115,2,71
937,Value Bazaar,3.9,1538,2,13
937,PrimeDeals Store,4.6,1558,2,67
937,Elite Outlet,4.8,1646,2,6
938,MegaSave Retail,3.7,1054,3,32
938,UrbanKart Traders,4.0,1106,6,59
938,Value Bazaar,4.0,1115,5,56
938,Elite Outlet,4.7,1071,1,79
939,UrbanKart Traders,4.1,13119,4,76
939,BharatMart,4.2,12927,4,48
939,NovaMart,4.6,13683,1,116
940,Elite Outlet,4.8,8293,1,54
940,ShopEasy India,4.3,8508,2,9
940,NovaMart,4.5,9215,5,108
940,Value Bazaar,3.9,8245,2,27
941,Elite Outlet,4.7,6315,3,61
941,PrimeDeals Store,4.8,5973,4,43
941,BharatMart,4.4,5958,2,77
942,NovaMart,4.4,82914,5,108
942,MegaSave Retail,3.7,84563,4,76
942,TrendyHub Retail,4.6,86473,1,89
942,SunriseTraders,4.2,81319,6,86
943,UrbanKart Traders,4.0,152309,6,87
943,TrendyHub Retail,4.6,162883,4,30
943,Elite Outlet,4.9,153402,5,21
944,BharatMart,4.2,6191,3,39
944,PrimeDeals Store,4.7,6809,4,96
944,Value Bazaar,3.8,6631,6,51
944,KiranaOnline,4.1,6138,5,73
945,SunriseTraders,4.1,945,3,82
945,UrbanKart Traders,4.0,1016,5,98
945,TrendyHub Retail,4.6,989,2,29
946,Value Bazaar,3.8,12696,5,76
946,UrbanKart Traders,4.0,13458,5,56
947,BharatMart,4.2,4551,3,112
947,SunriseTraders,4.2,4258,1,95
947,Elite Outlet,4.8,4828,4,93
947,ShopEasy India,4.5,4958,3,23
948,BharatMart,4.3,1217,5,13
948,TrendyHub Retail,4.5,1167,5,46
948,KiranaOnline,4.1,1245,5,36
949,MegaSave Retail,3.7,79726,3,34
949,Elite Outlet,4.9,82557,4,59
949,PrimeDeals Store,4.7,80408,3,65
949,SunriseTraders,4.3,81431,3,15
950,Elite Outlet,4.7,37987,2,70
950,UrbanKart Traders,4.0,36335,5,101
950,MegaSave Retail,3.8,38614,3,78
950,Value Bazaar,3.8,34047,3,85
951,KiranaOnline,4.1,9828,1,49
951,TrendyHub Retail,4.7,10240,5,110
952,BharatMart,4.3,1642,6,117
952,SunriseTraders,4.1,1709,2,10
953,QuickCart Seller,4.3,8828,3,102
953,KiranaOnline,3.9,9970,3,28
953,NovaMart,4.6,9906,5,116
953,ShopEasy India,4.4,9574,5,104
954,BharatMart,4.4,7354,3,16
954,PrimeDeals Store,4.7,6634,1,105
954,ShopEasy India,4.3,6621,3,64
955,QuickCart Seller,4.2,538,5,99
955,BharatMart,4.2,591,4,61
955,Value Bazaar,3.8,576,4,95
956,TrendyHub Retail,4.7,5302,1,24
956,Elite Outlet,4.7,5873,2,16
956,NovaMart,4.5,5126,3,74
956,Value Bazaar,3.8,5278,5,55
957,KiranaOnline,4.0,3797,6,88
957,TrendyHub Retail,4.7,3990,2,92
957,QuickCart Seller,4.3,3813,1,32
957,ShopEasy India,4.3,3764,1,92
958,ShopEasy India,4.4,2552,2,106
958,NovaMart,4.6,2602,3,111
958,KiranaOnline,3.9,2510,4,55
959,Elite Outlet,4.8,23686,3,38
959,Value Bazaar,4.0,25107,6,73
959,UrbanKart Traders,4.0,23863,6,102
960,UrbanKart Traders,4.1,16346,4,45
960,BharatMart,4.3,17512,3,87
960,TrendyHub Retail,4.6,17531,3,53
961,ShopEasy India,4.5,18571,2,53
961,Value Bazaar,3.8,17791,6,106
962,QuickCart Seller,4.3,127911,1,45
962,TrendyHub Retail,4.7,119695,4,41
962,UrbanKart Traders,4.0,132594,2,24
962,BharatMart,4.3,129968,2,119
963,Value Bazaar,3.8,159445,4,26
963,KiranaOnline,3.9,150325,3,8
963,SunriseTraders,4.3,159311,5,65
963,UrbanKart Traders,4.0,152614,2,108
964,MegaSave Retail,3.9,2336,5,74
964,NovaMart,4.5,2123,3,14
964,KiranaOnline,4.1,2141,2,12
964,PrimeDeals Store,4.7,2312,4,112
965,QuickCart Seller,4.3,4774,2,20
965,BharatMart,4.2,4441,4,112
966,TrendyHub Retail,4.7,14050,4,84
966,BharatMart,4.2,13779,5,50
966,MegaSave Retail,3.8,14633,4,94
966,Elite Outlet,4.7,12978,4,55
967,PrimeDeals Store,4.8,564,1,26
967,TrendyHub Retail,4.6,536,1,38
967,SunriseTraders,4.3,516,4,47
968,MegaSave Retail,3.9,7236,3,6
968,Value Bazaar,3.9,6826,5,79
969,ShopEasy India,4.3,62024,1,111
969,PrimeDeals Store,4.7,65019,2,106
969,NovaMart,4.6,62780,4,10
970,TrendyHub Retail,4.5,3287,4,6
970,PrimeDeals Store,4.6,3379,4,14
970,ShopEasy India,4.3,3385,4,20
970,KiranaOnline,3.9,3028,6,99
971,SunriseTraders,4.1,11761,4,21
971,PrimeDeals Store,4.6,12854,5,101
972,QuickCart Seller,4.2,312,4,99
972,SunriseTraders,4.2,331,1,5
973,PrimeDeals Store,4.6,2002,5,84
973,ShopEasy India,4.5,2202,3,73
974,NovaMart,4.6,18285,1,92
974,PrimeDeals Store,4.7,17250,1,59
975,KiranaOnline,4.0,1276,5,20
975,TrendyHub Retail,4.7,1229,3,21
975,SunriseTraders,4.1,1204,3,102
976,TrendyHub Retail,4.5,3035,3,11
976,Elite Outlet,4.7,2945,4,17
976,MegaSave Retail,3.7,2922,5,102
977,BharatMart,4.2,5855,2,67
977,NovaMart,4.5,6475,5,45
978,BharatMart,4.3,3766,2,102
978,SunriseTraders,4.3,3562,1,120
978,Value Bazaar,3.8,4097,2,12
979,MegaSave Retail,3.9,10761,2,95
979,TrendyHub Retail,4.7,11857,3,47
980,Value Bazaar,3.9,941,4,118
980,MegaSave Retail,3.8,895,2,74
980,KiranaOnline,4.1,948,5,104
981,Value Bazaar,3.8,1759,6,75
981,TrendyHub Retail,4.6,1834,2,48
982,SunriseTraders,4.3,39185,2,83
982,MegaSave Retail,3.9,41040,3,23
982,QuickCart Seller,4.3,39679,2,21
983,PrimeDeals Store,4.6,161230,5,40
983,KiranaOnline,3.9,170904,3,69
984,KiranaOnline,3.9,4396,2,106
984,UrbanKart Traders,4.0,4417,4,54
984,PrimeDeals Store,4.6,4901,3,33
985,Elite Outlet,4.8,8327,3,98
985,KiranaOnline,4.0,7812,3,12
986,KiranaOnline,3.9,14417,2,67
986,Elite Outlet,4.9,14329,1,110
986,UrbanKart Traders,4.2,13832,6,29
987,PrimeDeals Store,4.8,2380,4,63
987,QuickCart Seller,4.3,2171,1,45
987,TrendyHub Retail,4.6,2187,3,45
988,SunriseTraders,4.3,430,2,114
988,TrendyHub Retail,4.6,477,5,70
988,PrimeDeals Store,4.6,453,3,8
989,BharatMart,4.4,48772,1,80
989,QuickCart Seller,4.2,46756,4,81
990,KiranaOnline,4.1,17799,6,20
990,TrendyHub Retail,4.6,19174,4,26
990,MegaSave Retail,3.7,16863,3,92
991,QuickCart Seller,4.2,12272,2,38
991,KiranaOnline,4.0,13973,3,35
992,TrendyHub Retail,4.5,1867,1,97
992,Value Bazaar,4.0,1744,1,90
992,QuickCart Seller,4.1,1763,5,88
992,BharatMart,4.2,1838,2,80
993,KiranaOnline,4.1,4579,2,5
993,NovaMart,4.4,4854,5,118
993,QuickCart Seller,4.3,4626,5,114
994,Elite Outlet,4.7,8726,3,115
994,TrendyHub Retail,4.6,9153,3,58
994,MegaSave Retail,3.7,8467,6,71
994,NovaMart,4.5,8646,2,41
995,PrimeDeals Store,4.7,1692,1,21
995,ShopEasy India,4.4,1857,4,115
995,MegaSave Retail,3.8,1606,2,55
995,TrendyHub Retail,4.6,1733,4,50
996,PrimeDeals Store,4.8,535,4,27
996,ShopEasy India,4.3,515,4,42
996,Value Bazaar,3.9,584,3,64
997,TrendyHub Retail,4.5,814,3,76
997,ShopEasy India,4.4,788,5,10
997,UrbanKart Traders,4.1,807,3,24
997,NovaMart,4.6,844,5,16
998,Elite Outlet,4.7,4966,1,77
998,PrimeDeals Store,4.6,5299,1,33
998,QuickCart Seller,4.2,4850,3,100
998,ShopEasy India,4.3,5412,4,81
999,BharatMart,4.3,23523,5,30
999,QuickCart Seller,4.2,21164,2,85
999,ShopEasy India,4.4,22226,3,27
1000,ShopEasy India,4.5,9962,5,69
1000,MegaSave Retail,3.9,8871,3,100
1000,UrbanKart Traders,4.2,9831,6,46
1000,QuickCart Seller,4.1,9413,5,76
1001,SunriseTraders,4.2,13432,1,59
1001,QuickCart Seller,4.2,14384,3,31
1001,Value Bazaar,3.9,13765,2,52
1001,ShopEasy India,4.5,14965,1,50
1002,Elite Outlet,4.7,85419,1,108
1002,UrbanKart Traders,4.1,76826,3,46
1002,KiranaOnline,3.9,78401,3,18
1002,MegaSave Retail,3.7,73882,3,7
1003,TrendyHub Retail,4.7,153357,1,6
1003,KiranaOnline,3.9,148117,4,36
1004,Value Bazaar,4.0,7109,4,46
1004,ShopEasy India,4.3,6640,2,111
1004,MegaSave Retail,3.9,7317,6,18
1005,TrendyHub Retail,4.6,3043,1,6
1005,KiranaOnline,4.1,2945,6,93
1006,MegaSave Retail,3.7,1544,3,70
1006,Elite Outlet,4.7,1637,2,9
1007,UrbanKart Traders,4.0,4209,3,86
1007,NovaMart,4.6,4135,3,22
1007,TrendyHub Retail,4.6,3802,2,45
1007,KiranaOnline,3.9,3756,3,7
1008,QuickCart Seller,4.2,6534,2,12
1008,NovaMart,4.5,6926,3,34
1009,QuickCart Seller,4.2,28774,5,40
1009,TrendyHub Retail,4.7,32043,5,89
1009,KiranaOnline,4.1,29337,6,56
1010,BharatMart,4.3,31382,2,95
1010,ShopEasy India,4.5,32240,4,21
1010,Elite Outlet,4.9,32699,1,28
1010,MegaSave Retail,3.9,32949,3,64
1011,SunriseTraders,4.2,15725,2,118
1011,NovaMart,4.4,13944,5,73
1011,Value Bazaar,4.0,13406,4,30
1012,SunriseTraders,4.1,585,5,82
1012,Elite Outlet,4.9,620,2,51
1013,SunriseTraders,4.1,6478,4,9
1013,PrimeDeals Store,4.7,6841,5,111
1014,UrbanKart Traders,4.1,918,5,101
1014,NovaMart,4.4,891,2,64
1015,PrimeDeals Store,4.6,486,1,88
1015,MegaSave Retail,3.8,447,2,38
1015,Value Bazaar,3.8,422,3,51
1015,QuickCart Seller,4.1,456,6,108
1016,TrendyHub Retail,4.6,4916,3,104
1016,KiranaOnline,4.0,4418,2,49
1017,Value Bazaar,4.0,3411,2,17
1017,BharatMart,4.4,3047,1,33
1018,BharatMart,4.4,6257,2,113
1018,KiranaOnline,4.0,6050,5,42
1018,ShopEasy India,4.4,6552,3,101
1019,KiranaOnline,4.1,8803,2,51
1019,Elite Outlet,4.9,9463,1,33
1019,TrendyHub Retail,4.5,8982,4,119
1020,QuickCart Seller,4.1,20212,6,51
1020,TrendyHub Retail,4.6,19068,2,48
1021,MegaSave Retail,3.7,24426,4,81
1021,ShopEasy India,4.4,25586,5,31
1022,Value Bazaar,4.0,124374,6,96
1022,SunriseTraders,4.3,123053,2,91
1022,Elite Outlet,4.8,130436,5,29
1023,TrendyHub Retail,4.5,151923,4,90
1023,SunriseTraders,4.2,162420,6,37
1024,ShopEasy India,4.3,2845,4,101
1024,PrimeDeals Store,4.6,2669,3,120
1024,UrbanKart Traders,4.1,2972,5,94
1024,BharatMart,4.2,2722,3,47
1025,PrimeDeals Store,4.7,6957,5,48
1025,NovaMart,4.5,6976,1,80
1025,BharatMart,4.4,7009,3,99
1025,Elite Outlet,4.9,7374,3,45
1026,NovaMart,4.4,2867,5,118
1026,BharatMart,4.3,2752,5,45
1026,Elite Outlet,4.8,2705,1,11
1027,SunriseTraders,4.2,6219,3,7
1027,KiranaOnline,4.0,5867,6,39
1028,Value Bazaar,4.0,12417,3,7
1028,TrendyHub Retail,4.6,13162,1,111
1029,UrbanKart Traders,4.2,13785,6,9
1029,QuickCart Seller,4.1,12466,5,50
1030,KiranaOnline,3.9,44988,5,68
1030,PrimeDeals Store,4.7,50032,4,19
1030,Value Bazaar,3.9,49636,3,71
1031,Value Bazaar,3.8,16282,6,78
1031,MegaSave Retail,3.9,16016,6,26
1031,UrbanKart Traders,4.0,16141,6,23
1031,KiranaOnline,3.9,16763,3,71
1032,TrendyHub Retail,4.6,2256,4,65
1032,PrimeDeals Store,4.6,2094,5,47
1032,KiranaOnline,4.0,2094,6,53
1032,UrbanKart Traders,4.2,2092,5,57
1033,Elite Outlet,4.8,8938,1,119
1033,MegaSave Retail,3.8,8825,6,27
1033,BharatMart,4.2,9252,5,101
1034,MegaSave Retail,3.9,11035,4,86
1034,NovaMart,4.4,11898,2,9
1034,BharatMart,4.2,11935,5,117
1035,KiranaOnline,4.0,1122,3,111
1035,QuickCart Seller,4.1,1075,4,113
1036,Elite Outlet,4.9,2625,4,117
1036,MegaSave Retail,3.7,2476,5,70
1037,MegaSave Retail,3.7,6116,6,75
1037,QuickCart Seller,4.3,5770,2,111
1038,KiranaOnline,4.0,7564,2,88
1038,NovaMart,4.6,8477,4,6
1038,ShopEasy India,4.5,8018,2,113
1039,KiranaOnline,3.9,19372,6,5
1039,Value Bazaar,3.9,19140,5,13
1039,ShopEasy India,4.4,21693,3,74
1039,TrendyHub Retail,4.5,20546,3,45
1040,SunriseTraders,4.1,2102,6,74
1040,Elite Outlet,4.9,2017,2,93
1040,QuickCart Seller,4.1,1992,6,103
1041,PrimeDeals Store,4.8,9184,1,38
1041,QuickCart Seller,4.2,10002,1,98
1042,BharatMart,4.4,33454,4,18
1042,UrbanKart Traders,4.1,32946,4,13
1042,MegaSave Retail,3.7,29622,6,47
1042,QuickCart Seller,4.2,34694,2,20
1043,SunriseTraders,4.1,146028,5,102
1043,QuickCart Seller,4.2,162424,3,108
1043,PrimeDeals Store,4.8,148967,4,76
1044,MegaSave Retail,3.8,5081,3,85
1044,PrimeDeals Store,4.6,5182,4,116
1044,QuickCart Seller,4.2,5247,4,53
1044,Elite Outlet,4.7,5279,2,71
1045,UrbanKart Traders,4.2,1473,1,104
1045,MegaSave Retail,3.9,1489,5,55
1045,SunriseTraders,4.3,1715,5,18
1046,PrimeDeals Store,4.6,3889,2,53
1046,Value Bazaar,3.8,3617,6,54
1047,BharatMart,4.3,1821,5,120
1047,NovaMart,4.5,1709,3,37
1048,MegaSave Retail,3.8,5842,3,93
1048,ShopEasy India,4.5,5643,3,54
1048,SunriseTraders,4.3,5255,2,20
1048,Elite Outlet,4.7,6147,2,52
1049,BharatMart,4.4,85236,2,21
1049,NovaMart,4.4,87878,3,61
1049,ShopEasy India,4.4,87698,5,92
1049,TrendyHub Retail,4.6,86850,1,120
1050,SunriseTraders,4.2,11817,4,35
1050,Elite Outlet,4.8,13434,1,97
1050,QuickCart Seller,4.1,13034,2,120
1051,ShopEasy India,4.4,1537,4,5
1051,QuickCart Seller,4.1,1693,4,21
1051,KiranaOnline,3.9,1546,5,54
1051,NovaMart,4.5,1629,1,70
1052,KiranaOnline,4.1,821,6,73
1052,SunriseTraders,4.2,748,5,101
1053,TrendyHub Retail,4.5,1856,5,64
1053,PrimeDeals Store,4.6,1744,1,31
1053,SunriseTraders,4.3,1711,4,53
1054,TrendyHub Retail,4.6,2948,4,15
1054,MegaSave Retail,3.8,3024,2,94
1054,Value Bazaar,4.0,3384,2,18
1054,UrbanKart Traders,4.2,2958,3,43
1055,SunriseTraders,4.2,1571,1,27
1055,KiranaOnline,4.0,1669,4,97
1056,UrbanKart Traders,4.1,7117,4,13
1056,ShopEasy India,4.3,6756,4,108
1056,KiranaOnline,4.0,6506,3,84
1056,PrimeDeals Store,4.7,6370,3,70
1057,ShopEasy India,4.5,7631,1,94
1057,KiranaOnline,4.1,7895,4,19
1057,QuickCart Seller,4.2,7719,5,13
1057,Value Bazaar,4.0,7530,5,34
1058,QuickCart Seller,4.1,1343,4,47
1058,UrbanKart Traders,4.1,1380,5,49
1058,NovaMart,4.4,1461,4,65
1059,PrimeDeals Store,4.7,6901,1,113
1059,NovaMart,4.4,6993,2,6
1059,KiranaOnline,4.0,7315,3,71
1060,NovaMart,4.4,11197,3,109
1060,QuickCart Seller,4.1,11869,3,86
1061,Value Bazaar,3.9,21183,2,80
1061,SunriseTraders,4.3,23882,5,69
1062,NovaMart,4.4,69517,3,116
1062,KiranaOnline,4.0,67415,2,105
1063,PrimeDeals Store,4.8,148187,1,25
1063,NovaMart,4.4,143203,3,71
1063,Elite Outlet,4.9,158896,1,51
1064,ShopEasy India,4.3,1131,5,108
1064,NovaMart,4.6,1067,3,100
1065,ShopEasy India,4.5,5075,2,115
1065,PrimeDeals Store,4.8,4894,3,55
1065,TrendyHub Retail,4.5,5008,3,16
1066,SunriseTraders,4.3,4999,2,25
1066,UrbanKart Traders,4.2,4590,2,47
1067,TrendyHub Retail,4.7,3343,2,91
1067,UrbanKart Traders,4.2,3538,2,71
1067,ShopEasy India,4.3,3308,4,111
1068,NovaMart,4.6,11539,3,96
1068,PrimeDeals Store,4.6,12243,4,89
1068,Value Bazaar,3.9,12165,6,49
1069,QuickCart Seller,4.3,66138,5,33
1069,BharatMart,4.4,70446,1,117
1069,MegaSave Retail,3.9,71225,1,25
1070,ShopEasy India,4.5,25877,1,10
1070,Elite Outlet,4.7,28120,5,57
1070,KiranaOnline,3.9,26831,4,81
1071,MegaSave Retail,3.8,3006,2,16
1071,NovaMart,4.4,2914,2,6
1072,UrbanKart Traders,4.0,2361,3,75
1072,ShopEasy India,4.5,2439,3,66
1072,PrimeDeals Store,4.6,2301,3,75
1073,MegaSave Retail,3.8,4185,3,73
1073,PrimeDeals Store,4.6,3998,1,37
1074,Value Bazaar,4.0,13413,2,112
1074,PrimeDeals Store,4.6,13010,5,94
1075,ShopEasy India,4.4,348,2,21
1075,TrendyHub Retail,4.5,352,4,52
1075,KiranaOnline,4.1,369,4,67
1076,ShopEasy India,4.3,4193,1,93
1076,SunriseTraders,4.2,4037,6,61
1076,Value Bazaar,3.9,3907,3,111
1077,PrimeDeals Store,4.8,2606,2,62
1077,BharatMart,4.4,2287,1,35
1078,ShopEasy India,4.4,2594,5,37
1078,SunriseTraders,4.2,2926,5,81
1079,BharatMart,4.3,17422,2,23
1079,PrimeDeals Store,4.6,19514,1,85
1079,UrbanKart Traders,4.1,20017,3,111
1080,QuickCart Seller,4.1,18920,2,32
1080,TrendyHub Retail,4.6,20055,2,81
1081,QuickCart Seller,4.2,5682,1,41
1081,KiranaOnline,3.9,5059,3,95
1081,NovaMart,4.6,5350,3,35
1082,MegaSave Retail,3.7,99179,2,103
1082,SunriseTraders,4.3,106382,3,110
1083,QuickCart Seller,4.1,141969,2,53
1083,UrbanKart Traders,4.0,160777,5,19
1083,Value Bazaar,4.0,157008,5,38
1083,BharatMart,4.3,143088,1,91
1084,TrendyHub Retail,4.5,3508,5,99
1084,ShopEasy India,4.4,3309,5,104
1085,SunriseTraders,4.2,9154,1,21
1085,TrendyHub Retail,4.7,8904,1,57
1085,NovaMart,4.6,8468,2,18
1086,Value Bazaar,3.9,5354,4,20
1086,KiranaOnline,3.9,5713,5,116
1087,QuickCart Seller,4.3,5423,3,72
1087,Elite Outlet,4.8,5206,2,5
1087,NovaMart,4.6,5057,2,20
1088,SunriseTraders,4.1,4890,1,11
1088,UrbanKart Traders,4.1,4862,5,30
1088,BharatMart,4.3,4654,4,37
1088,Elite Outlet,4.7,4685,3,78
1089,KiranaOnline,4.1,52047,2,33
1089,QuickCart Seller,4.1,51278,5,84
1089,Elite Outlet,4.8,49323,4,103
1090,ShopEasy India,4.3,41335,5,88
1090,UrbanKart Traders,4.2,44353,3,21
1090,QuickCart Seller,4.1,42176,6,105
1091,BharatMart,4.2,4236,2,56
1091,QuickCart Seller,4.1,4474,2,95
1091,KiranaOnline,4.0,4207,6,22
1092,PrimeDeals Store,4.8,1109,5,109
1092,ShopEasy India,4.3,1046,5,10
1093,KiranaOnline,3.9,6627,5,96
1093,NovaMart,4.4,7025,4,77
1094,Value Bazaar,3.8,4958,5,118
1094,UrbanKart Traders,4.1,5581,2,40
1094,QuickCart Seller,4.3,5785,2,82
1094,MegaSave Retail,3.8,5342,5,104
1095,Value Bazaar,4.0,988,3,57
1095,QuickCart Seller,4.3,985,4,64
1095,MegaSave Retail,3.9,1044,6,97
1096,BharatMart,4.2,1759,4,47
1096,PrimeDeals Store,4.8,1833,5,54
1097,SunriseTraders,4.2,4687,6,56
1097,PrimeDeals Store,4.8,5035,4,102
1098,Elite Outlet,4.8,4293,2,63
1098,SunriseTraders,4.2,4516,3,99
1098,KiranaOnline,4.0,4260,3,41
1099,KiranaOnline,3.9,5585,4,43
1099,PrimeDeals Store,4.6,5925,2,28
1099,TrendyHub Retail,4.5,6070,4,59
1100,MegaSave Retail,3.7,3136,4,37
1100,ShopEasy India,4.4,2826,2,116
1101,KiranaOnline,3.9,17366,5,84
1101,TrendyHub Retail,4.5,19084,1,103
1101,MegaSave Retail,3.8,18451,5,49
1101,Value Bazaar,4.0,18736,5,47
1102,BharatMart,4.3,22827,3,101
1102,UrbanKart Traders,4.2,21880,4,60
1103,QuickCart Seller,4.2,150589,4,63
1103,TrendyHub Retail,4.5,153556,1,102
1103,ShopEasy India,4.4,143095,4,41
1104,PrimeDeals Store,4.6,5497,5,11
1104,MegaSave Retail,3.9,5472,2,71
1104,QuickCart Seller,4.2,5998,1,111
1104,UrbanKart Traders,4.0,5593,2,98
1105,MegaSave Retail,3.8,3897,4,84
1105,PrimeDeals Store,4.6,3603,5,107
1106,BharatMart,4.3,6528,1,5
1106,SunriseTraders,4.3,6920,5,98
1107,Value Bazaar,4.0,1167,5,69
1107,ShopEasy India,4.4,1317,5,24
1107,KiranaOnline,4.1,1209,6,24
1108,QuickCart Seller,4.2,10810,4,72
1108,NovaMart,4.4,10334,1,94
1108,BharatMart,4.3,11036,5,62
1109,ShopEasy India,4.3,35261,3,39
1109,PrimeDeals Store,4.8,35626,5,60
1109,MegaSave Retail,3.7,33417,6,50
1110,PrimeDeals Store,4.8,7478,4,79
1110,KiranaOnline,3.9,7989,2,16
1110,SunriseTraders,4.3,7605,6,43
1111,UrbanKart Traders,4.2,5670,3,43
1111,Elite Outlet,4.7,5805,5,46
1111,ShopEasy India,4.4,5711,1,75
1111,KiranaOnline,4.1,5970,4,117
1112,PrimeDeals Store,4.6,2766,5,23
1112,BharatMart,4.3,2435,3,53
1112,Value Bazaar,3.8,2584,3,22
1113,QuickCart Seller,4.1,8844,2,8
1113,TrendyHub Retail,4.7,8341,4,68
1113,BharatMart,4.2,9541,2,74
1114,MegaSave Retail,3.7,16616,4,66
1114,ShopEasy India,4.5,16488,1,90
1114,Elite Outlet,4.7,15416,4,23
1115,QuickCart Seller,4.1,1581,6,28
1115,SunriseTraders,4.2,1452,2,67
1115,UrbanKart Traders,4.0,1616,4,20
1116,Elite Outlet,4.7,5999,4,10
1116,NovaMart,4.6,6359,3,52
1117,MegaSave Retail,3.7,7652,4,20
1117,BharatMart,4.4,7703,3,42
1117,NovaMart,4.6,7047,1,75
1118,KiranaOnline,3.9,5437,4,50
1118,UrbanKart Traders,4.1,5895,5,95
1119,PrimeDeals Store,4.6,15855,3,18
1119,SunriseTraders,4.3,17153,5,16
1120,Elite Outlet,4.8,12691,1,46
1120,PrimeDeals Store,4.8,12337,3,52
1120,BharatMart,4.2,11193,5,30
1120,TrendyHub Retail,4.7,12690,4,87
1121,PrimeDeals Store,4.6,922,4,52
1121,KiranaOnline,4.1,935,4,56
1121,Value Bazaar,3.9,917,2,10
1121,MegaSave Retail,3.7,882,6,68
1122,UrbanKart Traders,4.1,59007,3,108
1122,MegaSave Retail,3.9,63506,2,49
1123,MegaSave Retail,3.9,155612,3,117
1123,PrimeDeals Store,4.6,150388,2,106
1123,Elite Outlet,4.9,147080,1,11
1123,NovaMart,4.4,138204,3,102
1124,MegaSave Retail,3.9,1465,5,43
1124,SunriseTraders,4.2,1709,1,27
1124,TrendyHub Retail,4.6,1558,3,58
1124,PrimeDeals Store,4.6,1551,2,78
1125,BharatMart,4.3,6973,1,116
1125,PrimeDeals Store,4.8,7497,1,88
1125,UrbanKart Traders,4.2,7551,5,120
1126,UrbanKart Traders,4.0,8178,2,16
1126,TrendyHub Retail,4.7,8312,5,68
1126,SunriseTraders,4.2,8488,6,98
1127,Value Bazaar,3.8,3102,5,92
1127,BharatMart,4.4,2943,1,100
1128,UrbanKart Traders,4.0,4061,6,46
1128,Elite Outlet,4.7,4199,1,17
1129,PrimeDeals Store,4.7,18244,5,103
1129,UrbanKart Traders,4.2,17211,5,38
1130,Value Bazaar,3.9,20641,2,17
1130,MegaSave Retail,3.7,22456,6,30
1130,PrimeDeals Store,4.8,21887,4,46
1131,UrbanKart Traders,4.1,7019,3,75
1131,Value Bazaar,3.9,7440,3,47
1131,MegaSave Retail,3.7,7023,3,116
1132,UrbanKart Traders,4.2,1395,4,26
1132,QuickCart Seller,4.2,1316,2,71
1133,Value Bazaar,3.8,1618,2,100
1133,PrimeDeals Store,4.6,1494,5,21
1133,MegaSave Retail,3.7,1561,6,82
1134,ShopEasy India,4.3,7965,5,79
1134,MegaSave Retail,3.7,7597,5,69
1134,KiranaOnline,3.9,7036,3,104
1135,QuickCart Seller,4.3,250,6,11
1135,ShopEasy India,4.5,249,4,54
1135,MegaSave Retail,3.8,243,5,43
1135,NovaMart,4.6,236,2,19
1136,PrimeDeals Store,4.6,3632,4,10
1136,Elite Outlet,4.9,3821,3,26
1137,BharatMart,4.2,1790,5,83
1137,TrendyHub Retail,4.6,1761,3,100
1137,PrimeDeals Store,4.6,1706,4,85
1137,Value Bazaar,4.0,1833,2,104
1138,QuickCart Seller,4.3,7377,4,75
1138,KiranaOnline,4.0,6731,2,35
1139,BharatMart,4.2,3588,5,84
1139,NovaMart,4.4,3928,3,56
1139,MegaSave Retail,3.7,3735,4,49
1140,ShopEasy India,4.5,19771,5,52
1140,BharatMart,4.4,21097,4,92
1140,QuickCart Seller,4.1,20991,3,50
1140,KiranaOnline,4.0,20561,2,9
1141,TrendyHub Retail,4.7,12954,5,110
1141,Elite Outlet,4.8,13524,1,27
1142,TrendyHub Retail,4.6,101065,2,104
1142,MegaSave Retail,3.7,107129,3,35
1143,SunriseTraders,4.2,156670,2,72
1143,Elite Outlet,4.9,147802,2,38
1143,Value Bazaar,4.0,147886,2,96
1144,NovaMart,4.6,4307,1,115
1144,TrendyHub Retail,4.7,4063,2,98
1145,KiranaOnline,4.0,2255,5,46
1145,MegaSave Retail,3.8,2073,5,21
1145,Elite Outlet,4.9,2166,5,27
1145,PrimeDeals Store,4.8,2113,1,21
1146,UrbanKart Traders,4.1,9705,6,9
1146,Elite Outlet,4.8,8771,1,78
1147,KiranaOnline,4.0,4782,6,55
1147,ShopEasy India,4.5,4810,3,45
1147,SunriseTraders,4.3,4718,5,78
1147,UrbanKart Traders,4.2,4619,5,60
1148,TrendyHub Retail,4.5,10615,1,116
1148,QuickCart Seller,4.2,9589,5,16
1148,MegaSave Retail,3.9,10003,3,72
1149,Elite Outlet,4.9,95406,3,89
1149,NovaMart,4.4,86198,1,56
1149,KiranaOnline,3.9,89183,4,102
1150,PrimeDeals Store,4.6,38488,2,103
1150,Value Bazaar,4.0,36700,2,31
1150,QuickCart Seller,4.3,35572,5,11
1151,UrbanKart Traders,4.0,9042,6,34
1151,ShopEasy India,4.3,8344,1,115
1151,SunriseTraders,4.2,8869,2,23
1151,QuickCart Seller,4.3,8800,2,76
1152,Elite Outlet,4.9,2788,3,53
1152,BharatMart,4.3,2676,1,69
1152,NovaMart,4.6,2724,4,69
1153,QuickCart Seller,4.1,4211,4,112
1153,NovaMart,4.5,3747,5,64
1153,SunriseTraders,4.3,3919,4,70
1154,SunriseTraders,4.3,18570,4,87
1154,ShopEasy India,4.3,19684,3,9
1155,BharatMart,4.4,859,1,52
1155,NovaMart,4.4,902,3,115
1155,Elite Outlet,4.8,857,2,6
1155,QuickCart Seller,4.2,866,4,74
1156,Elite Outlet,4.9,1140,3,80
1156,PrimeDeals Store,4.7,1191,2,109
1157,PrimeDeals Store,4.8,4025,1,79
1157,SunriseTraders,4.1,4211,4,90
1157,ShopEasy India,4.5,3973,2,99
1157,Elite Outlet,4.7,4047,1,41
1158,NovaMart,4.5,392,1,47
1158,SunriseTraders,4.1,395,4,19
1158,Elite Outlet,4.8,390,5,83
1158,TrendyHub Retail,4.7,403,5,82
1159,BharatMart,4.2,14961,4,44
1159,SunriseTraders,4.2,14400,6,80
1159,MegaSave Retail,3.8,15117,5,97
1160,UrbanKart Traders,4.1,4037,6,14
1160,MegaSave Retail,3.9,4341,6,18
1160,Elite Outlet,4.9,4448,4,95
1161,PrimeDeals Store,4.6,25750,4,42
1161,UrbanKart Traders,4.2,27647,5,69
1161,ShopEasy India,4.4,27744,3,110
1162,SunriseTraders,4.2,15648,5,82
1162,ShopEasy India,4.3,13867,5,42
1163,NovaMart,4.5,150876,5,64
1163,PrimeDeals Store,4.6,142336,1,41
1164,Elite Outlet,4.7,6156,2,52
1164,UrbanKart Traders,4.1,6357,5,115
1164,KiranaOnline,4.0,6760,6,18
1165,BharatMart,4.2,6208,3,102
1165,ShopEasy India,4.5,5936,1,43
1166,QuickCart Seller,4.3,9977,5,99
1166,Value Bazaar,3.9,10174,2,5
1166,NovaMart,4.5,10576,2,17
1167,ShopEasy India,4.5,728,2,62
1167,MegaSave Retail,3.9,688,4,46
1167,Value Bazaar,4.0,662,4,18
1168,QuickCart Seller,4.1,3302,6,96
1168,TrendyHub Retail,4.7,3401,2,62
1168,ShopEasy India,4.5,3247,5,85
1168,PrimeDeals Store,4.8,3198,1,83
1169,MegaSave Retail,3.9,69848,2,37
1169,SunriseTraders,4.2,73974,6,30
1169,QuickCart Seller,4.1,72626,5,36
1170,BharatMart,4.3,2963,5,27
1170,NovaMart,4.4,3269,2,106
1171,Elite Outlet,4.8,10041,4,18
1171,SunriseTraders,4.1,9731,2,99
1172,QuickCart Seller,4.2,1652,5,28
1172,UrbanKart Traders,4.0,1510,6,61
1173,UrbanKart Traders,4.1,6345,3,119
1173,ShopEasy India,4.4,6577,1,114
1173,QuickCart Seller,4.1,6543,3,91
1174,Value Bazaar,3.8,10376,4,111
1174,UrbanKart Traders,4.0,9898,6,75
1175,SunriseTraders,4.2,1473,5,74
1175,MegaSave Retail,3.8,1519,4,34
1176,SunriseTraders,4.2,5842,1,74
1176,Elite Outlet,4.7,5511,1,31
1177,KiranaOnline,4.0,5999,5,67
1177,BharatMart,4.2,6889,3,97
1177,UrbanKart Traders,4.1,5955,6,106
1178,PrimeDeals Store,4.6,1752,3,114
1178,BharatMart,4.2,1744,3,34
1178,QuickCart Seller,4.3,1685,3,26
1179,PrimeDeals Store,4.8,2075,1,78
1179,MegaSave Retail,3.7,2158,4,25
1180,QuickCart Seller,4.3,13394,5,76
1180,Value Bazaar,3.9,12636,3,75
1181,QuickCart Seller,4.2,9822,5,29
1181,BharatMart,4.4,9266,5,47
1182,SunriseTraders,4.1,54342,5,105
1182,Elite Outlet,4.8,53928,1,63
1182,BharatMart,4.3,56140,2,25
1183,Value Bazaar,3.8,146675,6,67
1183,SunriseTraders,4.2,155476,3,94
1184,TrendyHub Retail,4.6,2052,4,30
1184,UrbanKart Traders,4.0,2130,2,6
1185,BharatMart,4.4,704,3,74
1185,Elite Outlet,4.8,709,4,106
1185,KiranaOnline,3.9,734,6,56
1186,NovaMart,4.5,10510,3,84
1186,QuickCart Seller,4.3,11225,5,23
1187,SunriseTraders,4.3,2489,6,83
1187,QuickCart Seller,4.3,2247,3,76
1188,TrendyHub Retail,4.7,9757,2,57
1188,BharatMart,4.2,8939,4,8
1189,Value Bazaar,3.9,57539,6,62
1189,MegaSave Retail,3.7,53660,7,39
1190,UrbanKart Traders,4.2,17487,1,9
1190,Value Bazaar,3.9,18072,3,52
1190,QuickCart Seller,4.1,18018,3,41
1191,Value Bazaar,4.0,10448,5,5
1191,ShopEasy India,4.5,11951,1,119
1191,PrimeDeals Store,4.7,11364,4,88
1191,UrbanKart Traders,4.1,12090,2,66
1192,UrbanKart Traders,4.0,291,6,50
1192,BharatMart,4.2,273,6,74
1192,ShopEasy India,4.3,288,1,40
1193,BharatMart,4.3,8498,1,83
1193,QuickCart Seller,4.2,8649,4,42
1193,ShopEasy India,4.5,8786,5,83
1194,Value Bazaar,4.0,1693,3,42
1194,BharatMart,4.4,1720,4,11
1194,TrendyHub Retail,4.6,1865,2,16
1195,ShopEasy India,4.3,136,2,58
1195,QuickCart Seller,4.3,125,3,78
1196,PrimeDeals Store,4.6,3134,1,12
1196,Elite Outlet,4.9,3066,1,27
1196,QuickCart Seller,4.1,2684,2,54
1197,BharatMart,4.4,1062,3,37
1197,MegaSave Retail,3.7,1002,3,112
1198,Elite Outlet,4.9,3213,1,39
1198,PrimeDeals Store,4.7,3372,2,21
1199,TrendyHub Retail,4.5,12812,1,118
1199,Value Bazaar,3.9,14429,6,82
1199,BharatMart,4.2,14305,6,67
1200,PrimeDeals Store,4.8,21961,1,89
1200,MegaSave Retail,3.7,20186,4,53
1201,PrimeDeals Store,4.7,22875,1,47
1201,UrbanKart Traders,4.1,22140,3,111
1202,UrbanKart Traders,4.2,96519,5,58
1202,ShopEasy India,4.5,88415,1,78
1203,Value Bazaar,3.9,134096,6,59
1203,TrendyHub Retail,4.5,137862,1,88
1203,KiranaOnline,4.0,156639,4,9
1203,SunriseTraders,4.2,136760,4,6
1204,KiranaOnline,4.0,4571,5,108
1204,BharatMart,4.2,4342,3,10
1205,TrendyHub Retail,4.7,4434,4,82
1205,MegaSave Retail,3.7,4277,4,116
1206,UrbanKart Traders,4.1,12182,1,100
1206,NovaMart,4.6,11555,1,114
1207,QuickCart Seller,4.3,4246,6,42
1207,Elite Outlet,4.9,4040,5,116
1208,MegaSave Retail,3.8,2574,4,65
1208,ShopEasy India,4.3,2679,5,57
1208,TrendyHub Retail,4.6,2567,4,34
1208,SunriseTraders,4.1,2768,5,76
1209,MegaSave Retail,3.8,40661,7,120
1209,Elite Outlet,4.8,37769,2,14
1209,KiranaOnline,4.0,38587,4,79
1210,BharatMart,4.3,34247,3,24
1210,ShopEasy India,4.5,29703,3,100
1211,Elite Outlet,4.7,12733,1,37
1211,KiranaOnline,4.1,11694,3,33
1211,ShopEasy India,4.3,11946,5,64
1212,UrbanKart Traders,4.2,1817,1,62
1212,TrendyHub Retail,4.7,1782,5,32
1212,KiranaOnline,4.0,1792,2,117
1212,MegaSave Retail,3.7,1852,5,107
1213,MegaSave Retail,3.9,1313,6,7
1213,KiranaOnline,3.9,1222,4,74
1214,QuickCart Seller,4.1,13535,3,47
1214,Elite Outlet,4.8,12769,4,98
1215,TrendyHub Retail,4.5,687,3,22
1215,QuickCart Seller,4.2,753,2,118
1216,QuickCart Seller,4.2,471,4,24
1216,SunriseTraders,4.2,444,3,117
1217,ShopEasy India,4.5,3595,2,17
1217,KiranaOnline,4.1,3404,1,78
1218,BharatMart,4.3,4143,3,14
1218,NovaMart,4.4,4700,4,59
1218,Elite Outlet,4.8,4710,1,108
1219,QuickCart Seller,4.3,26212,4,61
1219,PrimeDeals Store,4.7,27785,5,79
1220,UrbanKart Traders,4.2,5263,3,87
1220,PrimeDeals Store,4.8,5579,1,113
1221,PrimeDeals Store,4.7,4566,2,111
1221,ShopEasy India,4.5,4432,4,25
1221,KiranaOnline,4.1,4367,2,55
1222,BharatMart,4.3,128571,5,110
1222,Elite Outlet,4.8,120529,4,14
1222,UrbanKart Traders,4.2,122142,5,72
1222,KiranaOnline,4.0,117085,5,118
1223,SunriseTraders,4.3,142719,2,53
1223,Elite Outlet,4.8,144817,3,63
1223,TrendyHub Retail,4.6,136406,2,115
1223,KiranaOnline,3.9,138294,3,13
1224,NovaMart,4.4,6556,3,78
1224,MegaSave Retail,3.8,6627,6,31
1224,PrimeDeals Store,4.8,6995,3,54
1224,BharatMart,4.4,7109,2,67
1225,MegaSave Retail,3.8,7187,6,85
1225,Elite Outlet,4.7,7913,1,55
1226,PrimeDeals Store,4.8,12608,4,54
1226,MegaSave Retail,3.8,13787,2,120
1226,Value Bazaar,3.8,12629,4,65
1226,BharatMart,4.3,13872,3,76
1227,KiranaOnline,4.1,5860,6,104
1227,QuickCart Seller,4.3,5501,1,24
1228,ShopEasy India,4.5,8693,4,102
1228,Elite Outlet,4.7,8808,1,21
1228,KiranaOnline,3.9,9085,2,75
1228,NovaMart,4.6,8168,1,33
1229,MegaSave Retail,3.7,23381,4,51
1229,TrendyHub Retail,4.7,22522,4,65
1229,Value Bazaar,3.9,21520,6,89
1229,Elite Outlet,4.9,23648,1,48
1230,NovaMart,4.6,45399,3,41
1230,ShopEasy India,4.3,43355,2,52
1230,UrbanKart Traders,4.0,42631,4,68
1230,TrendyHub Retail,4.5,44618,3,18
1231,QuickCart Seller,4.3,14855,3,74
1231,ShopEasy India,4.4,13095,3,113
1231,UrbanKart Traders,4.1,13970,3,49
1232,ShopEasy India,4.5,550,3,64
1232,KiranaOnline,3.9,525,3,70
1232,TrendyHub Retail,4.7,546,5,42
1233,Elite Outlet,4.7,3519,1,93
1233,BharatMart,4.2,3836,6,100
1233,TrendyHub Retail,4.6,3755,3,8
1234,Elite Outlet,4.9,3910,3,112
1234,QuickCart Seller,4.2,4211,4,112
1235,NovaMart,4.6,1327,1,117
1235,Elite Outlet,4.8,1242,3,33
1235,SunriseTraders,4.3,1268,5,111
1236,Elite Outlet,4.7,4704,1,58
1236,BharatMart,4.4,4645,1,100
1236,Value Bazaar,3.9,4851,5,11
1236,NovaMart,4.6,4841,5,39
1237,UrbanKart Traders,4.2,5995,3,99
1237,ShopEasy India,4.5,5819,1,28
1238,SunriseTraders,4.1,5572,1,50
1238,MegaSave Retail,3.8,5829,6,32
1239,PrimeDeals Store,4.8,12498,4,74
1239,Value Bazaar,3.8,12513,7,59
1239,BharatMart,4.2,11469,4,42
1239,UrbanKart Traders,4.0,11848,4,71
1240,SunriseTraders,4.2,12985,2,34
1240,UrbanKart Traders,4.1,14513,5,13
1240,QuickCart Seller,4.3,14592,3,73
1241,UrbanKart Traders,4.2,17278,3,93
1241,ShopEasy India,4.5,18315,5,107
1242,NovaMart,4.5,43820,5,14
1242,TrendyHub Retail,4.7,43895,3,35
1242,ShopEasy India,4.5,45451,5,7
1243,SunriseTraders,4.3,139107,2,103
1243,NovaMart,4.5,144355,1,91
1244,BharatMart,4.3,2643,6,20
1244,QuickCart Seller,4.3,2828,2,50
1244,MegaSave Retail,3.9,2521,5,55
1244,KiranaOnline,4.0,2916,1,100
1245,SunriseTraders,4.1,2835,1,11
1245,QuickCart Seller,4.3,3015,3,98
1245,NovaMart,4.6,2688,5,102
1246,KiranaOnline,4.1,15304,4,120
1246,UrbanKart Traders,4.1,14382,2,5
1247,TrendyHub Retail,4.6,2012,2,95
1247,NovaMart,4.5,1902,2,45
1248,TrendyHub Retail,4.5,1756,4,74
1248,PrimeDeals Store,4.8,1942,3,109
1248,SunriseTraders,4.2,1943,5,61
1248,MegaSave Retail,3.7,1715,4,53
1249,NovaMart,4.4,5718,4,79
1249,MegaSave Retail,3.7,6061,2,45
1250,KiranaOnline,4.1,13030,3,19
1250,QuickCart Seller,4.3,13479,1,84
1250,UrbanKart Traders,4.1,12632,3,110
1251,UrbanKart Traders,4.2,15158,2,35
1251,TrendyHub Retail,4.6,15715,1,91
1252,MegaSave Retail,3.7,2023,5,87
1252,Elite Outlet,4.7,2144,2,69
1253,Elite Outlet,4.9,6364,2,59
1253,TrendyHub Retail,4.5,5849,3,42
1254,Value Bazaar,3.8,14266,5,114
1254,ShopEasy India,4.5,13785,3,112
1254,TrendyHub Retail,4.7,15583,5,76
1254,QuickCart Seller,4.1,14770,5,34
1255,Value Bazaar,3.8,1907,5,17
1255,KiranaOnline,4.0,2021,6,93
1256,ShopEasy India,4.3,2209,5,79
1256,Value Bazaar,3.8,2084,2,15
1257,Value Bazaar,4.0,300,2,7
1257,NovaMart,4.4,320,4,15
1257,KiranaOnline,4.1,301,4,102
1258,Elite Outlet,4.9,7675,2,93
1258,KiranaOnline,3.9,7128,4,107
1258,SunriseTraders,4.1,6741,4,32
1259,PrimeDeals Store,4.8,21941,2,92
1259,KiranaOnline,4.0,22832,4,39
1259,NovaMart,4.5,23037,2,102
1260,SunriseTraders,4.2,20904,5,79
1260,UrbanKart Traders,4.0,21861,4,88
1260,BharatMart,4.2,23422,1,94
1261,BharatMart,4.2,31181,3,30
1261,PrimeDeals Store,4.7,33052,4,69
1262,ShopEasy India,4.5,81936,3,12
1262,MegaSave Retail,3.8,78254,2,102
1263,TrendyHub Retail,4.7,153319,1,59
1263,UrbanKart Traders,4.2,136827,6,24
1263,MegaSave Retail,3.9,140291,6,55
1264,Elite Outlet,4.9,5055,2,92
1264,BharatMart,4.4,4963,2,20
1264,KiranaOnline,4.1,5089,3,46
1264,SunriseTraders,4.3,5477,2,55
1265,Value Bazaar,3.8,6391,3,50
1265,NovaMart,4.4,6223,5,83
1265,SunriseTraders,4.1,6134,4,79
1265,PrimeDeals Store,4.8,6328,5,110
1266,Value Bazaar,4.0,1089,5,69
1266,PrimeDeals Store,4.7,1210,3,112
1267,TrendyHub Retail,4.6,3907,4,107
1267,ShopEasy India,4.3,3593,4,30
1267,NovaMart,4.6,3509,3,60
1268,TrendyHub Retail,4.6,7284,2,115
1268,PrimeDeals Store,4.7,7722,5,21
1269,BharatMart,4.3,72087,4,90
1269,UrbanKart Traders,4.1,77147,2,60
1269,MegaSave Retail,3.8,78442,5,50
1270,Elite Outlet,4.9,25861,4,99
1270,SunriseTraders,4.3,27699,3,95
1270,QuickCart Seller,4.3,25424,1,79
1271,NovaMart,4.4,955,4,31
1271,QuickCart Seller,4.3,959,6,22
1271,SunriseTraders,4.3,951,2,67
1271,TrendyHub Retail,4.6,1035,1,12
1272,BharatMart,4.4,800,4,112
1272,Elite Outlet,4.9,828,1,5
1272,TrendyHub Retail,4.6,719,4,100
1272,NovaMart,4.4,731,5,62
1273,TrendyHub Retail,4.7,8725,1,53
1273,Elite Outlet,4.7,7783,2,19
1273,PrimeDeals Store,4.7,8198,3,71
1274,PrimeDeals Store,4.8,6270,2,97
1274,QuickCart Seller,4.1,5950,4,8
1274,BharatMart,4.4,6234,3,81
1274,Value Bazaar,3.8,5901,3,100
1275,NovaMart,4.6,583,1,107
1275,MegaSave Retail,3.7,582,5,18
1275,QuickCart Seller,4.3,576,6,61
1275,UrbanKart Traders,4.0,600,5,66
1276,NovaMart,4.5,6349,3,49
1276,ShopEasy India,4.4,7019,5,10
1276,KiranaOnline,4.1,6536,3,36
1277,KiranaOnline,4.1,2679,1,85
1277,SunriseTraders,4.1,2825,4,64
1277,Elite Outlet,4.9,2860,4,64
1277,QuickCart Seller,4.2,2757,5,96
1278,PrimeDeals Store,4.8,753,2,49
1278,ShopEasy India,4.5,745,1,103
1278,KiranaOnline,4.1,696,6,36
1278,Value Bazaar,3.8,669,2,94
1279,Value Bazaar,3.9,9971,5,104
1279,PrimeDeals Store,4.7,10521,1,78
1279,SunriseTraders,4.2,10624,6,79
1280,Value Bazaar,3.9,6696,4,68
1280,NovaMart,4.4,6307,4,17
1280,BharatMart,4.2,6180,2,76
1281,Elite Outlet,4.9,13099,1,14
1281,NovaMart,4.4,11816,6,99
1282,ShopEasy India,4.5,112116,3,35
1282,BharatMart,4.3,116659,2,45
1282,SunriseTraders,4.1,123209,3,26
1282,NovaMart,4.5,111766,5,48
1283,Elite Outlet,4.7,148885,1,31
1283,MegaSave Retail,3.9,143149,4,76
1284,Value Bazaar,4.0,987,5,27
1284,TrendyHub Retail,4.5,934,2,82
1285,BharatMart,4.3,1391,4,7
1285,ShopEasy India,4.4,1312,3,95
1286,QuickCart Seller,4.3,2314,4,67
1286,MegaSave Retail,3.7,2035,3,66
1286,KiranaOnline,4.0,2220,4,81
1287,QuickCart Seller,4.1,5386,6,8
1287,PrimeDeals Store,4.8,5081,3,115
1288,MegaSave Retail,3.9,1002,3,118
1288,PrimeDeals Store,4.7,1087,4,16
1288,KiranaOnline,3.9,1016,2,36
1289,Elite Outlet,4.7,58112,4,21
1289,BharatMart,4.4,61165,5,103
1290,BharatMart,4.2,40210,3,90
1290,KiranaOnline,4.1,40938,5,53
1290,ShopEasy India,4.3,43769,3,67
1291,ShopEasy India,4.3,2519,4,46
1291,UrbanKart Traders,4.0,2331,6,83
1291,SunriseTraders,4.2,2221,4,67
1291,Elite Outlet,4.7,2544,5,90
1292,KiranaOnline,3.9,2430,5,119
1292,Elite Outlet,4.7,2231,1,19
1292,TrendyHub Retail,4.7,2210,1,43
1292,SunriseTraders,4.1,2327,4,64
1293,BharatMart,4.4,921,5,62
1293,KiranaOnline,4.1,920,4,117
1293,PrimeDeals Store,4.8,1039,3,78
1293,Elite Outlet,4.8,1033,4,65
1294,PrimeDeals Store,4.8,15999,3,60
1294,NovaMart,4.4,16405,2,61
1294,QuickCart Seller,4.1,15548,4,72
1294,BharatMart,4.2,15609,4,12
1295,UrbanKart Traders,4.1,1283,4,45
1295,PrimeDeals Store,4.8,1210,5,62
1296,PrimeDeals Store,4.7,4169,2,117
1296,SunriseTraders,4.3,4234,3,49
1296,Value Bazaar,4.0,4419,6,94
1296,QuickCart Seller,4.1,4202,3,79
1297,SunriseTraders,4.1,4706,4,7
1297,QuickCart Seller,4.1,5189,6,97
1298,PrimeDeals Store,4.7,1946,3,35
1298,TrendyHub Retail,4.7,2206,5,80
1298,ShopEasy India,4.3,2043,1,33
1299,BharatMart,4.2,21541,3,78
1299,TrendyHub Retail,4.7,22112,5,65
1299,PrimeDeals Store,4.8,21017,1,40
1300,NovaMart,4.6,15264,5,119
1300,ShopEasy India,4.3,14098,6,6
1300,KiranaOnline,4.0,14019,3,110
1301,TrendyHub Retail,4.5,26245,4,83
1301,KiranaOnline,4.0,25940,4,70
1301,MegaSave Retail,3.8,25257,3,81
1302,MegaSave Retail,3.7,33490,3,70
1302,SunriseTraders,4.2,35499,5,101
1303,ShopEasy India,4.4,143809,3,8
1303,QuickCart Seller,4.2,140683,5,56
1303,TrendyHub Retail,4.6,153029,5,33
1304,Value Bazaar,4.0,3044,3,109
1304,Elite Outlet,4.9,3388,2,103
1304,KiranaOnline,4.1,3516,5,81
1305,UrbanKart Traders,4.0,4734,3,26
1305,Elite Outlet,4.9,5255,1,72
1305,PrimeDeals Store,4.7,5015,1,17
1306,NovaMart,4.4,3063,2,104
1306,Elite Outlet,4.7,3090,1,41
1306,KiranaOnline,3.9,3272,2,99
1307,SunriseTraders,4.2,1365,5,35
1307,Value Bazaar,3.9,1248,2,107
1307,MegaSave Retail,3.8,1278,6,7
1308,Elite Outlet,4.7,6626,4,88
1308,NovaMart,4.6,7229,4,43
1308,UrbanKart Traders,4.0,6557,4,74
1309,SunriseTraders,4.3,42619,3,13
1309,Elite Outlet,4.8,45176,1,33
1310,TrendyHub Retail,4.6,8334,3,78
1310,Value Bazaar,3.9,7862,3,87
1311,UrbanKart Traders,4.1,3937,2,30
1311,TrendyHub Retail,4.5,4004,1,6
1311,BharatMart,4.3,3550,4,7
1312,QuickCart Seller,4.1,998,3,75
1312,NovaMart,4.6,1058,5,8
1312,TrendyHub Retail,4.6,1006,3,118
1313,ShopEasy India,4.4,3256,5,88
1313,PrimeDeals Store,4.6,3581,2,63
1313,Value Bazaar,3.8,3347,2,76
1314,UrbanKart Traders,4.2,8462,5,120
1314,TrendyHub Retail,4.5,8845,1,112
1314,MegaSave Retail,3.8,7806,2,83
1315,KiranaOnline,3.9,1818,2,28
1315,SunriseTraders,4.2,1757,5,41
1315,BharatMart,4.4,1824,4,60
1315,MegaSave Retail,3.9,1694,2,5
1316,UrbanKart Traders,4.1,1576,6,32
1316,NovaMart,4.5,1597,5,16
1316,TrendyHub Retail,4.6,1762,2,110
1317,UrbanKart Traders,4.2,7861,4,25
1317,PrimeDeals Store,4.8,7295,3,116
1317,KiranaOnline,4.0,7526,2,57
1318,TrendyHub Retail,4.6,3579,5,72
1318,PrimeDeals Store,4.8,3376,1,117
1319,QuickCart Seller,4.3,7937,5,105
1319,TrendyHub Retail,4.6,8952,5,110
1319,SunriseTraders,4.3,7654,4,90
1319,Elite Outlet,4.9,7996,2,103
1320,KiranaOnline,4.1,23309,5,31
1320,BharatMart,4.2,22138,4,95
1320,QuickCart Seller,4.2,24727,1,119
1320,Value Bazaar,3.9,24011,5,9
1321,Elite Outlet,4.8,8440,3,101
1321,QuickCart Seller,4.3,8023,5,8
1321,UrbanKart Traders,4.2,8060,2,13
1321,SunriseTraders,4.3,7665,3,66
1322,BharatMart,4.3,68801,6,112
1322,Elite Outlet,4.9,76068,4,51
1322,UrbanKart Traders,4.2,71951,5,88
1322,PrimeDeals Store,4.7,69005,2,24
1323,ShopEasy India,4.5,134268,5,103
1323,QuickCart Seller,4.1,139966,1,119
1323,TrendyHub Retail,4.7,140242,3,22
1324,Elite Outlet,4.7,5432,1,36
1324,NovaMart,4.4,5224,5,24
1324,Value Bazaar,4.0,5648,5,102
1324,UrbanKart Traders,4.2,5381,4,96
1325,UrbanKart Traders,4.2,9076,1,86
1325,MegaSave Retail,3.8,8037,3,116
1325,QuickCart Seller,4.1,9030,5,74
1326,Elite Outlet,4.7,4452,4,92
1326,SunriseTraders,4.1,4648,2,106
1327,PrimeDeals Store,4.7,3075,3,106
1327,NovaMart,4.6,3332,4,72
1327,ShopEasy India,4.5,3259,2,65
1328,TrendyHub Retail,4.7,309,2,86
1328,SunriseTraders,4.3,291,2,12
1329,Value Bazaar,3.9,25300,4,73
1329,TrendyHub Retail,4.5,24754,4,24
1329,KiranaOnline,3.9,25884,4,60
1330,UrbanKart Traders,4.2,20487,6,35
1330,NovaMart,4.6,21310,3,18
1330,QuickCart Seller,4.3,20969,1,61
1331,TrendyHub Retail,4.5,4986,2,64
1331,MegaSave Retail,3.8,5338,4,81
1332,UrbanKart Traders,4.0,2338,2,59
1332,PrimeDeals Store,4.8,2537,5,47
1332,TrendyHub Retail,4.7,2576,3,64
1332,NovaMart,4.5,2605,2,120
1333,BharatMart,4.4,5624,2,49
1333,NovaMart,4.6,5890,5,86
1334,MegaSave Retail,3.7,18551,3,74
1334,Elite Outlet,4.9,18917,3,28
1334,QuickCart Seller,4.2,18773,3,30
1334,Value Bazaar,4.0,19957,5,91
1335,UrbanKart Traders,4.1,489,2,15
1335,Value Bazaar,3.9,533,2,28
1336,ShopEasy India,4.5,5689,5,100
1336,PrimeDeals Store,4.6,6239,5,11
1336,BharatMart,4.3,5572,3,42
1337,MegaSave Retail,3.8,2037,4,78
1337,ShopEasy India,4.4,1858,5,31
1337,Elite Outlet,4.8,2005,2,81
1337,QuickCart Seller,4.2,1846,2,39
1338,QuickCart Seller,4.3,4468,5,76
1338,SunriseTraders,4.1,5088,1,16
1338,Value Bazaar,3.9,4372,5,111
1339,BharatMart,4.2,19358,6,68
1339,SunriseTraders,4.1,18968,5,103
1339,PrimeDeals Store,4.7,20420,2,5
1340,Value Bazaar,4.0,7668,5,33
1340,ShopEasy India,4.5,7004,5,85
1340,PrimeDeals Store,4.6,7636,5,105
1340,TrendyHub Retail,4.6,7557,3,112
1341,PrimeDeals Store,4.6,20778,1,28
1341,TrendyHub Retail,4.7,18971,3,101
1341,MegaSave Retail,3.8,20739,2,33
1341,UrbanKart Traders,4.1,20422,3,57
1342,Value Bazaar,3.9,108884,6,104
1342,KiranaOnline,4.0,105010,5,23
1343,MegaSave Retail,3.9,135540,3,69
1343,BharatMart,4.3,140895,3,43
1343,PrimeDeals Store,4.8,135283,1,69
1343,SunriseTraders,4.2,148165,4,114
1344,BharatMart,4.4,1619,5,18
1344,UrbanKart Traders,4.1,1527,3,71
1345,KiranaOnline,3.9,3545,2,41
1345,BharatMart,4.3,3675,1,85
1345,Value Bazaar,3.9,3175,5,34
1346,TrendyHub Retail,4.6,5732,3,99
1346,NovaMart,4.4,5408,1,70
1347,SunriseTraders,4.3,4539,2,40
1347,UrbanKart Traders,4.2,4640,6,63
1347,BharatMart,4.3,5189,1,55
1348,PrimeDeals Store,4.7,5970,2,85
1348,ShopEasy India,4.5,6154,2,55
1348,SunriseTraders,4.3,6403,6,22
1349,PrimeDeals Store,4.8,10543,3,88
1349,NovaMart,4.5,11176,4,60
1350,KiranaOnline,3.9,33613,2,90
1350,PrimeDeals Store,4.6,38793,1,37
1350,UrbanKart Traders,4.0,35199,4,59
1351,UrbanKart Traders,4.1,6797,3,103
1351,Value Bazaar,4.0,5999,5,38
1352,NovaMart,4.4,1371,5,68
1352,Value Bazaar,3.8,1341,6,33
1352,TrendyHub Retail,4.5,1303,5,45
1352,ShopEasy India,4.4,1223,6,92
1353,BharatMart,4.3,8184,4,48
1353,KiranaOnline,4.1,7494,3,65
1354,SunriseTraders,4.1,11445,5,56
1354,KiranaOnline,3.9,10773,6,31
1354,ShopEasy India,4.4,10352,1,47
1354,BharatMart,4.2,10406,3,31
1355,NovaMart,4.4,1096,4,99
1355,TrendyHub Retail,4.5,1034,3,73
1356,BharatMart,4.3,3713,6,75
1356,NovaMart,4.4,3583,2,56
1356,ShopEasy India,4.3,3655,5,22
1356,QuickCart Seller,4.2,3363,2,57
1357,PrimeDeals Store,4.7,4156,2,65
1357,Value Bazaar,3.8,4406,7,25
1358,Elite Outlet,4.8,6635,5,15
1358,KiranaOnline,3.9,6027,2,99
1358,NovaMart,4.6,6051,5,61
1359,ShopEasy India,4.3,6084,1,37
1359,PrimeDeals Store,4.8,6377,1,118
1360,NovaMart,4.6,17469,2,87
1360,Value Bazaar,4.0,16480,5,59
1361,NovaMart,4.5,3663,1,12
1361,Value Bazaar,4.0,3185,6,71
1361,PrimeDeals Store,4.8,3695,2,79
1362,NovaMart,4.5,24164,3,59
1362,MegaSave Retail,3.8,25633,2,80
1363,Value Bazaar,3.8,145922,6,30
1363,ShopEasy India,4.5,137602,1,80
1364,Value Bazaar,3.8,3584,5,20
1364,Elite Outlet,4.9,3918,2,9
1364,QuickCart Seller,4.3,3604,2,94
1365,NovaMart,4.6,6759,4,94
1365,MegaSave Retail,3.9,7250,2,22
1365,UrbanKart Traders,4.2,7341,5,59
1366,ShopEasy India,4.3,6031,6,119
1366,MegaSave Retail,3.9,6719,3,120
1366,QuickCart Seller,4.2,6164,4,120
1366,Elite Outlet,4.7,6612,1,34
1367,ShopEasy India,4.3,768,1,31
1367,MegaSave Retail,3.9,836,6,84
1367,NovaMart,4.4,793,4,57
1367,QuickCart Seller,4.3,756,4,75
1368,ShopEasy India,4.5,12190,4,120
1368,UrbanKart Traders,4.1,11276,6,5
1369,Value Bazaar,4.0,83394,2,111
1369,PrimeDeals Store,4.7,75330,2,42
1369,TrendyHub Retail,4.7,80275,1,96
1370,PrimeDeals Store,4.6,2677,5,76
1370,KiranaOnline,3.9,2934,4,44
1370,TrendyHub Retail,4.6,2723,4,110
1371,Elite Outlet,4.8,8116,4,67
1371,MegaSave Retail,3.9,7409,5,119
1371,ShopEasy India,4.4,7282,4,87
1371,Value Bazaar,3.8,7520,2,21
1372,QuickCart Seller,4.3,2844,4,51
1372,ShopEasy India,4.4,2884,3,93
1372,NovaMart,4.6,2608,2,112
1372,KiranaOnline,3.9,2804,4,75
1373,QuickCart Seller,4.1,620,6,111
1373,UrbanKart Traders,4.1,706,1,110
1373,TrendyHub Retail,4.7,727,2,10
1374,Elite Outlet,4.7,2756,3,20
1374,PrimeDeals Store,4.7,2466,5,37
1375,UrbanKart Traders,4.1,1730,4,25
1375,MegaSave Retail,3.7,1638,4,63
1375,NovaMart,4.6,1832,2,6
1376,SunriseTraders,4.3,998,2,9
1376,PrimeDeals Store,4.7,1057,1,24
1376,BharatMart,4.4,1004,6,83
1377,NovaMart,4.4,7124,3,82
1377,MegaSave Retail,3.7,6697,2,63
1377,BharatMart,4.2,7193,5,14
1377,KiranaOnline,3.9,6949,6,38
1378,UrbanKart Traders,4.0,7197,3,64
1378,NovaMart,4.4,6929,3,100
1378,BharatMart,4.2,8073,5,52
1378,ShopEasy India,4.5,8074,5,81
1379,Value Bazaar,3.8,18109,4,81
1379,Elite Outlet,4.9,17084,5,30
1380,PrimeDeals Store,4.7,22968,2,118
1380,Value Bazaar,3.8,25328,2,5
1380,SunriseTraders,4.3,25370,5,19
1381,UrbanKart Traders,4.2,16836,2,5
1381,ShopEasy India,4.4,14876,1,12
1381,QuickCart Seller,4.3,15989,5,80
1382,KiranaOnline,4.1,64174,2,109
1382,PrimeDeals Store,4.6,66644,5,62
1383,BharatMart,4.4,139431,3,87
1383,PrimeDeals Store,4.6,136569,3,83
1383,SunriseTraders,4.1,144763,3,66
1384,Value Bazaar,4.0,5709,6,68
1384,SunriseTraders,4.3,6699,2,114
1385,UrbanKart Traders,4.0,1925,5,98
1385,NovaMart,4.6,1851,1,15
1385,PrimeDeals Store,4.6,1955,1,104
1386,ShopEasy India,4.5,7652,1,10
1386,QuickCart Seller,4.3,8115,1,59
1386,UrbanKart Traders,4.1,7423,3,98
1387,TrendyHub Retail,4.7,2632,1,74
1387,QuickCart Seller,4.3,2648,3,118
1387,ShopEasy India,4.5,2653,4,13
1387,NovaMart,4.6,2790,4,45
1388,KiranaOnline,4.1,5095,3,14
1388,NovaMart,4.4,5646,4,114
1388,Elite Outlet,4.8,5656,1,96
1388,MegaSave Retail,3.9,5830,5,23
1389,Elite Outlet,4.9,66734,5,37
1389,NovaMart,4.6,60336,4,99
1389,TrendyHub Retail,4.5,69282,3,17
1389,ShopEasy India,4.3,64310,5,110
1390,SunriseTraders,4.1,16887,4,52
1390,ShopEasy India,4.4,16358,1,108
1391,Value Bazaar,3.9,8769,2,6
1391,NovaMart,4.6,9042,5,115
1391,PrimeDeals Store,4.7,8796,1,67
1392,ShopEasy India,4.3,1404,5,101
1392,SunriseTraders,4.1,1565,2,53
1392,BharatMart,4.4,1613,4,51
1393,BharatMart,4.3,2936,2,13
1393,KiranaOnline,3.9,3112,4,7
1394,TrendyHub Retail,4.5,13188,3,93
1394,QuickCart Seller,4.3,12450,4,60
1394,ShopEasy India,4.3,13421,1,113
1395,KiranaOnline,4.0,409,4,5
1395,PrimeDeals Store,4.8,374,1,106
1395,BharatMart,4.2,373,2,30
1395,QuickCart Seller,4.1,408,3,104
1396,NovaMart,4.4,5277,4,25
1396,QuickCart Seller,4.2,5377,5,47
1396,MegaSave Retail,3.7,4802,3,87
1397,PrimeDeals Store,4.6,1329,4,117
1397,Elite Outlet,4.8,1288,4,6
1398,MegaSave Retail,3.7,1053,5,12
1398,ShopEasy India,4.3,1030,4,32
1398,QuickCart Seller,4.1,923,6,63
1399,QuickCart Seller,4.1,4539,2,88
1399,KiranaOnline,4.0,5071,5,53
1399,UrbanKart Traders,4.0,4734,6,70
1400,Value Bazaar,4.0,8605,4,100
1400,Elite Outlet,4.9,8118,4,6
1401,Value Bazaar,3.8,29901,3,43
1401,SunriseTraders,4.1,30198,2,21
1401,BharatMart,4.3,27918,4,93
1402,MegaSave Retail,3.9,94349,3,15
1402,BharatMart,4.2,101804,5,66
1402,Value Bazaar,3.8,94450,5,82
1403,QuickCart Seller,4.2,137565,4,109
1403,Elite Outlet,4.8,152441,5,15
1403,PrimeDeals Store,4.6,149236,4,118
1404,BharatMart,4.4,2174,1,88
1404,SunriseTraders,4.1,2046,4,40
1405,PrimeDeals Store,4.6,5333,5,51
1405,SunriseTraders,4.1,5701,3,5
1405,KiranaOnline,3.9,5491,6,24
1406,Value Bazaar,3.9,8774,3,94
1406,MegaSave Retail,3.8,8609,5,78
1406,UrbanKart Traders,4.2,9160,5,19
1407,Value Bazaar,4.0,4395,4,66
1407,UrbanKart Traders,4.2,4659,5,94
1408,TrendyHub Retail,4.5,11761,4,70
1408,SunriseTraders,4.1,11610,4,33
1408,PrimeDeals Store,4.6,11163,5,117
1409,QuickCart Seller,4.3,47397,1,28
1409,ShopEasy India,4.3,45232,4,31
1409,KiranaOnline,3.9,50381,6,80
1409,Value Bazaar,4.0,49239,5,14
1410,Value Bazaar,4.0,29076,6,19
1410,Elite Outlet,4.7,30558,2,58
1410,KiranaOnline,3.9,30607,5,76
1411,TrendyHub Retail,4.5,10942,2,99
1411,MegaSave Retail,3.7,9904,5,97
1411,Elite Outlet,4.7,11541,2,118
1412,MegaSave Retail,3.8,234,5,98
1412,TrendyHub Retail,4.6,248,3,83
1413,PrimeDeals Store,4.7,5750,5,63
1413,SunriseTraders,4.1,5165,3,107
1414,UrbanKart Traders,4.1,4931,3,115
1414,QuickCart Seller,4.3,5027,3,33
1414,NovaMart,4.6,5138,4,75
1415,ShopEasy India,4.4,1045,5,63
1415,SunriseTraders,4.1,959,4,43
1416,QuickCart Seller,4.1,2768,1,65
1416,ShopEasy India,4.3,2929,2,23
1416,TrendyHub Retail,4.6,2949,5,69
1416,MegaSave Retail,3.9,2952,2,23
1417,PrimeDeals Store,4.6,3761,3,95
1417,BharatMart,4.4,3513,5,9
1417,QuickCart Seller,4.1,3337,5,116
1417,KiranaOnline,3.9,3498,6,35
1418,Value Bazaar,4.0,2392,2,98
1418,MegaSave Retail,3.8,2309,4,76
1419,UrbanKart Traders,4.1,16731,3,64
1419,BharatMart,4.3,15008,3,67
1419,KiranaOnline,4.1,15283,2,98
1420,QuickCart Seller,4.2,15723,1,5
1420,ShopEasy India,4.4,16636,2,120
1420,KiranaOnline,3.9,17702,4,58
1420,UrbanKart Traders,4.0,17103,3,66
1421,PrimeDeals Store,4.6,10577,1,96
1421,ShopEasy India,4.4,12020,6,44
1422,SunriseTraders,4.2,17638,1,61
1422,ShopEasy India,4.3,15487,5,11
1423,BharatMart,4.4,136215,2,76
1423,QuickCart Seller,4.2,141408,3,114
1424,KiranaOnline,4.0,4298,4,102
1424,SunriseTraders,4.2,4077,1,68
1424,QuickCart Seller,4.1,4664,2,14
1425,KiranaOnline,4.1,440,4,117
1425,MegaSave Retail,3.7,448,5,94
1425,ShopEasy India,4.3,497,1,24
1426,Elite Outlet,4.7,10023,2,48
1426,MegaSave Retail,3.7,9311,4,26
1426,KiranaOnline,4.1,10370,2,61
1427,MegaSave Retail,3.9,261,2,56
1427,QuickCart Seller,4.3,270,5,114
1427,BharatMart,4.3,258,4,98
1427,UrbanKart Traders,4.1,264,6,53
1428,Value Bazaar,4.0,4822,3,70
1428,TrendyHub Retail,4.7,4911,4,10
1428,QuickCart Seller,4.3,4503,4,116
1429,MegaSave Retail,3.7,32857,6,102
1429,KiranaOnline,4.1,31601,3,31
1429,QuickCart Seller,4.2,32221,4,55
1430,ShopEasy India,4.5,46997,2,112
1430,BharatMart,4.2,44337,2,58
1431,QuickCart Seller,4.2,11065,4,61
1431,Elite Outlet,4.9,12965,4,95
1431,NovaMart,4.4,12415,4,58
1432,UrbanKart Traders,4.1,1666,1,109
1432,MegaSave Retail,3.9,1757,6,7
1432,QuickCart Seller,4.1,1624,2,78
1433,ShopEasy India,4.4,7258,3,35
1433,MegaSave Retail,3.8,7419,3,102
1433,PrimeDeals Store,4.8,7572,1,44
1433,QuickCart Seller,4.2,8143,5,109
1434,SunriseTraders,4.2,15553,2,103
1434,BharatMart,4.4,15427,3,106
1434,PrimeDeals Store,4.6,16353,2,77
1435,ShopEasy India,4.5,1668,5,76
1435,BharatMart,4.4,1574,5,117
1436,Value Bazaar,4.0,398,2,90
1436,Elite Outlet,4.8,390,4,118
1436,PrimeDeals Store,4.8,360,3,50
1436,ShopEasy India,4.3,379,3,17
1437,ShopEasy India,4.3,5632,3,60
1437,TrendyHub Retail,4.5,5970,1,81
1438,Value Bazaar,3.8,3419,3,98
1438,UrbanKart Traders,4.0,3662,1,93
1439,KiranaOnline,3.9,2942,2,52
1439,TrendyHub Retail,4.5,3119,1,106
1440,Elite Outlet,4.7,764,3,95
1440,PrimeDeals Store,4.6,759,3,70
1440,NovaMart,4.4,789,4,112
1441,KiranaOnline,4.1,22519,1,83
1441,UrbanKart Traders,4.0,24689,5,102
1442,Value Bazaar,4.0,51018,5,32
1442,TrendyHub Retail,4.5,56330,3,8
1443,ShopEasy India,4.5,133272,4,104
1443,MegaSave Retail,3.9,131269,5,76
1443,SunriseTraders,4.1,149701,6,41
1443,Elite Outlet,4.7,146740,5,105
1444,ShopEasy India,4.3,6580,5,77
1444,NovaMart,4.5,6523,3,9
1444,Value Bazaar,3.9,7251,6,47
1445,SunriseTraders,4.1,4029,3,98
1445,UrbanKart Traders,4.0,3712,3,105
1446,KiranaOnline,4.0,10181,3,88
1446,QuickCart Seller,4.3,10020,1,61
1446,BharatMart,4.3,10297,2,105
1446,Value Bazaar,3.9,11111,2,70
1447,SunriseTraders,4.3,2169,1,96
1447,QuickCart Seller,4.1,2102,2,7
1448,TrendyHub Retail,4.5,10875,4,97
1448,BharatMart,4.2,11545,4,62
1449,NovaMart,4.5,13945,1,18
1449,KiranaOnline,4.0,15046,2,97
1449,BharatMart,4.4,15019,3,57
1449,ShopEasy India,4.5,13663,2,86
1450,Elite Outlet,4.8,12241,1,9
1450,ShopEasy India,4.3,12378,3,8
1450,PrimeDeals Store,4.8,12715,1,95
1451,ShopEasy India,4.3,13214,5,113
1451,MegaSave Retail,3.8,13704,6,17
1452,PrimeDeals Store,4.7,523,5,21
1452,QuickCart Seller,4.2,494,3,20
1452,NovaMart,4.6,466,4,75
1453,KiranaOnline,4.1,391,4,32
1453,Elite Outlet,4.8,354,1,77
1453,QuickCart Seller,4.1,383,3,23
1454,Elite Outlet,4.8,7318,2,94
1454,UrbanKart Traders,4.0,7191,4,88
1454,KiranaOnline,4.0,7437,4,114
1454,SunriseTraders,4.1,7540,2,18
1455,BharatMart,4.4,288,3,33
1455,QuickCart Seller,4.2,299,5,56
1456,NovaMart,4.6,4335,2,16
1456,QuickCart Seller,4.3,4390,4,92
1456,KiranaOnline,4.1,4669,1,29
1456,PrimeDeals Store,4.8,4448,1,105
1457,MegaSave Retail,3.8,517,5,54
1457,UrbanKart Traders,4.0,480,5,28
1458,UrbanKart Traders,4.0,4801,4,99
1458,ShopEasy India,4.4,5458,1,50
1458,KiranaOnline,3.9,4847,4,24
1458,MegaSave Retail,3.7,5048,5,94
1459,BharatMart,4.2,13529,4,10
1459,QuickCart Seller,4.1,13625,2,20
1459,ShopEasy India,4.4,13486,2,68
1459,TrendyHub Retail,4.5,15148,2,101
1460,Value Bazaar,3.8,9227,2,46
1460,PrimeDeals Store,4.8,10053,1,84
1460,Elite Outlet,4.8,9069,1,81
1461,KiranaOnline,4.0,6493,5,85
1461,Value Bazaar,4.0,6883,2,106
1461,UrbanKart Traders,4.1,6575,3,22
1462,PrimeDeals Store,4.6,88272,1,23
1462,MegaSave Retail,3.7,96161,3,51
1462,KiranaOnline,4.1,96899,6,110
1462,Elite Outlet,4.7,96854,2,99
1463,SunriseTraders,4.1,136248,2,12
1463,PrimeDeals Store,4.8,140988,1,112
1463,QuickCart Seller,4.3,147136,5,74
1464,MegaSave Retail,3.9,2571,4,39
1464,PrimeDeals Store,4.7,2468,5,80
1464,KiranaOnline,4.0,2545,5,68
1464,Elite Outlet,4.9,2777,5,99
1465,Value Bazaar,3.9,8108,5,101
1465,BharatMart,4.3,8147,4,25
1465,PrimeDeals Store,4.6,7452,2,67
1466,PrimeDeals Store,4.7,11027,1,33
1466,Elite Outlet,4.9,12196,4,42
1467,UrbanKart Traders,4.0,3464,4,118
1467,BharatMart,4.3,3491,4,91
1467,Value Bazaar,3.9,3467,5,41
1467,PrimeDeals Store,4.6,4037,2,38
1468,QuickCart Seller,4.2,3685,4,20
1468,Value Bazaar,3.8,4141,5,98
1469,UrbanKart Traders,4.2,90027,5,28
1469,NovaMart,4.4,91948,3,15
1469,Elite Outlet,4.7,84727,2,109
1470,BharatMart,4.4,28013,1,7
1470,Value Bazaar,3.9,28034,5,36
1470,UrbanKart Traders,4.0,24931,4,98
1471,TrendyHub Retail,4.5,15270,2,32
1471,UrbanKart Traders,4.2,14406,2,80
1472,QuickCart Seller,4.1,1857,3,42
1472,NovaMart,4.4,2038,3,10
1473,UrbanKart Traders,4.0,2967,2,29
1473,NovaMart,4.6,2799,1,60
1474,KiranaOnline,3.9,17463,6,25
1474,MegaSave Retail,3.8,16685,2,42
1474,TrendyHub Retail,4.7,18164,2,119
1474,PrimeDeals Store,4.8,17647,2,117
1475,QuickCart Seller,4.2,838,5,16
1475,ShopEasy India,4.4,860,5,64
1475,Value Bazaar,4.0,921,5,66
1476,SunriseTraders,4.1,2342,5,48
1476,Value Bazaar,4.0,2059,3,37
1477,Value Bazaar,4.0,2861,5,78
1477,SunriseTraders,4.3,3064,2,41
1477,MegaSave Retail,3.8,2707,4,49
1477,UrbanKart Traders,4.0,2748,5,98
1478,Value Bazaar,3.9,6011,4,37
1478,NovaMart,4.5,6650,1,65
1479,SunriseTraders,4.3,1221,6,79
1479,KiranaOnline,3.9,1171,4,97
1480,Value Bazaar,3.8,19068,4,117
1480,KiranaOnline,4.1,17000,5,50
1480,Elite Outlet,4.7,17442,4,31
1480,NovaMart,4.5,18974,2,21
1481,QuickCart Seller,4.2,17993,4,10
1481,NovaMart,4.5,18665,3,16
1481,MegaSave Retail,3.7,18998,6,73
1481,TrendyHub Retail,4.5,19951,3,48
1482,Elite Outlet,4.7,138537,3,104
1482,NovaMart,4.5,125048,1,77
1482,KiranaOnline,4.1,127541,6,24
1483,NovaMart,4.4,128573,1,56
1483,KiranaOnline,4.0,144623,6,32
1484,SunriseTraders,4.2,5302,3,39
1484,PrimeDeals Store,4.6,4712,1,18
1485,Elite Outlet,4.9,2682,4,81
1485,ShopEasy India,4.3,2843,3,28
1485,QuickCart Seller,4.1,2720,6,98
1486,TrendyHub Retail,4.6,13989,2,34
1486,PrimeDeals Store,4.8,13601,1,40
1486,BharatMart,4.4,13304,2,91
1486,UrbanKart Traders,4.2,12885,2,72
1487,KiranaOnline,3.9,5820,2,76
1487,Elite Outlet,4.8,5697,1,33
1487,TrendyHub Retail,4.5,5728,2,43
1487,MegaSave Retail,3.7,5298,6,64
1488,MegaSave Retail,3.7,9261,4,57
1488,QuickCart Seller,4.3,10642,5,64
1489,Value Bazaar,4.0,72076,2,45
1489,KiranaOnline,3.9,65289,3,23
1489,Elite Outlet,4.8,68137,5,21
1489,BharatMart,4.4,70381,5,52
1490,SunriseTraders,4.3,40309,1,107
1490,ShopEasy India,4.3,42487,5,21
1491,NovaMart,4.5,362,5,29
1491,PrimeDeals Store,4.7,382,4,72
1492,TrendyHub Retail,4.6,684,4,38
1492,UrbanKart Traders,4.0,749,5,71
1493,Elite Outlet,4.9,4871,4,18
1493,QuickCart Seller,4.3,5284,3,120
1493,UrbanKart Traders,4.2,5101,2,17
1494,Elite Outlet,4.7,9680,3,37
1494,QuickCart Seller,4.1,9994,5,109
1495,BharatMart,4.2,1417,4,17
1495,QuickCart Seller,4.2,1449,5,86
1495,KiranaOnline,4.1,1521,4,5
1495,Value Bazaar,3.8,1521,2,89
1496,SunriseTraders,4.2,6008,5,105
1496,Value Bazaar,4.0,6242,6,12
1496,PrimeDeals Store,4.6,6414,3,94
1497,TrendyHub Retail,4.7,5158,4,119
1497,NovaMart,4.4,5489,1,25
1497,MegaSave Retail,3.7,4842,6,49
1497,Value Bazaar,3.9,5473,6,48
1498,QuickCart Seller,4.1,7830,4,116
1498,MegaSave Retail,3.7,7387,6,101
1499,QuickCart Seller,4.3,12673,3,9
1499,TrendyHub Retail,4.6,13243,2,114
1499,BharatMart,4.2,12702,1,88
1499,PrimeDeals Store,4.7,13458,4,87
1500,Value Bazaar,3.9,1735,4,45
1500,QuickCart Seller,4.3,1950,2,78
1500,SunriseTraders,4.1,1904,4,58
1501,NovaMart,4.5,2332,2,42
1501,KiranaOnline,4.1,2597,1,60
1501,Elite Outlet,4.8,2342,3,82
1502,ShopEasy India,4.5,44796,3,24
1502,UrbanKart Traders,4.1,47306,3,91
1502,MegaSave Retail,3.7,41826,3,81
1502,KiranaOnline,4.0,44570,2,70
1503,KiranaOnline,4.1,131105,6,23
1503,Elite Outlet,4.7,146365,4,62
1504,Value Bazaar,3.8,881,3,81
1504,PrimeDeals Store,4.6,801,1,96
1505,ShopEasy India,4.3,5901,5,19
1505,Value Bazaar,3.9,6028,4,69
1505,BharatMart,4.3,5700,1,91
1505,TrendyHub Retail,4.7,6432,5,39
1506,QuickCart Seller,4.2,13066,6,117
1506,Value Bazaar,3.9,14873,6,20
1507,ShopEasy India,4.5,1547,2,66
1507,Value Bazaar,3.8,1459,2,41
1508,TrendyHub Retail,4.5,3338,5,46
1508,PrimeDeals Store,4.6,3060,2,12
1508,ShopEasy India,4.4,3108,1,58
1509,MegaSave Retail,3.8,50256,3,16
1509,QuickCart Seller,4.1,56187,2,54
1509,Elite Outlet,4.9,56061,1,8
1510,Value Bazaar,4.0,7601,6,44
1510,TrendyHub Retail,4.6,7968,5,11
1510,Elite Outlet,4.9,7719,3,75
1511,TrendyHub Retail,4.6,1742,2,6
1511,Value Bazaar,3.9,1817,6,10
1511,ShopEasy India,4.3,1716,5,23
1512,MegaSave Retail,3.9,2360,3,34
1512,NovaMart,4.4,2332,5,110
1512,TrendyHub Retail,4.7,2422,3,31
1513,NovaMart,4.4,7665,4,65
1513,PrimeDeals Store,4.8,8037,1,69
1513,ShopEasy India,4.5,7094,2,49
1513,BharatMart,4.3,7331,1,7
1514,Elite Outlet,4.7,1274,3,96
1514,ShopEasy India,4.3,1246,2,84
1514,PrimeDeals Store,4.7,1166,5,104
1515,NovaMart,4.6,186,1,114
1515,BharatMart,4.3,178,2,53
1516,UrbanKart Traders,4.1,4434,4,53
1516,BharatMart,4.3,4183,1,34
1517,PrimeDeals Store,4.7,8025,4,68
1517,TrendyHub Retail,4.5,8106,1,70
1517,ShopEasy India,4.3,7640,2,105
1518,BharatMart,4.2,1210,6,87
1518,Elite Outlet,4.9,1305,1,79
1519,NovaMart,4.4,23329,1,107
1519,KiranaOnline,3.9,25257,2,98
1519,PrimeDeals Store,4.8,24039,2,22
1520,NovaMart,4.6,10675,3,116
1520,TrendyHub Retail,4.5,10071,1,25
1521,ShopEasy India,4.5,15039,1,10
1521,MegaSave Retail,3.8,13661,2,12
1521,NovaMart,4.5,13717,4,64
1521,BharatMart,4.2,15717,5,110
1522,Elite Outlet,4.9,78160,3,96
1522,NovaMart,4.6,82096,2,78
1523,NovaMart,4.4,129527,2,90
1523,MegaSave Retail,3.9,133415,6,60
1523,ShopEasy India,4.3,132493,5,110
1524,NovaMart,4.6,3070,1,19
1524,Elite Outlet,4.7,3203,5,116
1524,UrbanKart Traders,4.0,3441,5,7
1525,KiranaOnline,3.9,1038,5,15
1525,UrbanKart Traders,4.1,1061,3,47
1525,Value Bazaar,4.0,1024,2,56
1526,PrimeDeals Store,4.8,751,1,118
1526,Value Bazaar,3.9,796,5,27
1527,ShopEasy India,4.4,3408,1,103
1527,BharatMart,4.2,3072,2,51
1527,Elite Outlet,4.7,3051,1,116
1527,QuickCart Seller,4.2,3451,1,70
1528,MegaSave Retail,3.7,8830,5,91
1528,TrendyHub Retail,4.5,9560,1,49
1529,Elite Outlet,4.9,36567,1,73
1529,Value Bazaar,3.8,35007,4,94
1529,UrbanKart Traders,4.1,37413,2,119
1530,BharatMart,4.2,23748,3,61
1530,MegaSave Retail,3.9,22404,2,92
1531,TrendyHub Retail,4.5,3278,2,95
1531,ShopEasy India,4.3,3139,2,29
1531,SunriseTraders,4.3,2932,1,41
1532,QuickCart Seller,4.2,953,6,14
1532,TrendyHub Retail,4.5,1010,4,76
1533,KiranaOnline,3.9,9635,3,86
1533,TrendyHub Retail,4.6,9932,4,21
1534,SunriseTraders,4.2,12121,4,57
1534,KiranaOnline,4.1,10772,4,54
1534,Elite Outlet,4.8,11575,3,20
1535,ShopEasy India,4.3,765,3,16
1535,Value Bazaar,3.8,708,4,68
1535,NovaMart,4.5,760,5,77
1536,PrimeDeals Store,4.8,1587,1,117
1536,NovaMart,4.6,1598,4,67
1536,MegaSave Retail,3.7,1487,6,20
1537,Value Bazaar,3.8,2099,2,20
1537,PrimeDeals Store,4.8,2117,5,105
1537,UrbanKart Traders,4.1,2178,4,53
1537,NovaMart,4.5,2162,2,88
1538,QuickCart Seller,4.3,2935,4,19
1538,PrimeDeals Store,4.8,2769,1,66
1539,BharatMart,4.3,10537,5,90
1539,NovaMart,4.5,11169,1,34
1540,KiranaOnline,4.0,18725,6,98
1540,QuickCart Seller,4.2,20617,4,56
1540,SunriseTraders,4.1,20539,3,16
1541,QuickCart Seller,4.3,26011,4,56
1541,Value Bazaar,3.9,29092,2,8
1542,SunriseTraders,4.2,119413,3,92
1542,Value Bazaar,3.8,124580,3,13
1542,TrendyHub Retail,4.7,114386,1,110
1543,UrbanKart Traders,4.1,143606,4,67
1543,NovaMart,4.4,142597,6,92
1543,QuickCart Seller,4.3,128856,3,31
1543,Elite Outlet,4.8,138700,5,83
1544,QuickCart Seller,4.2,5373,5,36
1544,ShopEasy India,4.4,5833,3,59
1545,NovaMart,4.5,5004,1,79
1545,ShopEasy India,4.5,4309,2,102
1545,Elite Outlet,4.9,4732,3,49
1546,ShopEasy India,4.5,1826,4,37
1546,QuickCart Seller,4.1,1723,5,113
1547,QuickCart Seller,4.3,4623,2,69
1547,UrbanKart Traders,4.2,4654,3,10
1547,MegaSave Retail,3.9,5282,4,115
1547,NovaMart,4.4,4915,4,21
1548,TrendyHub Retail,4.5,2418,3,6
1548,ShopEasy India,4.4,2410,1,47
1548,Value Bazaar,3.8,2259,3,68
1549,Value Bazaar,3.9,17796,2,115
1549,KiranaOnline,3.9,19740,3,47
1550,Value Bazaar,3.9,35596,6,58
1550,SunriseTraders,4.1,38163,5,32
1550,BharatMart,4.4,38150,4,20
1551,PrimeDeals Store,4.7,4559,4,80
1551,BharatMart,4.3,4301,3,91
1551,NovaMart,4.4,4327,2,119
1552,BharatMart,4.2,2640,3,87
1552,ShopEasy India,4.3,2583,1,107
1552,QuickCart Seller,4.2,2313,5,11
1553,QuickCart Seller,4.2,2570,3,82
1553,Value Bazaar,3.9,2448,5,73
1554,QuickCart Seller,4.3,3420,3,18
1554,MegaSave Retail,3.8,3189,2,11
1554,KiranaOnline,4.0,3334,4,120
1554,NovaMart,4.6,3292,1,58
1555,Elite Outlet,4.7,1365,3,116
1555,TrendyHub Retail,4.6,1482,4,85
1555,Value Bazaar,3.9,1404,4,88
1555,QuickCart Seller,4.3,1468,5,57
1556,Elite Outlet,4.9,5875,2,103
1556,KiranaOnline,3.9,6021,6,111
1556,NovaMart,4.4,5606,4,50
1556,PrimeDeals Store,4.7,5418,1,70
1557,MegaSave Retail,3.9,4522,4,93
1557,Elite Outlet,4.7,4774,1,109
1558,Value Bazaar,4.0,4000,4,35
1558,PrimeDeals Store,4.7,3774,3,113
1559,UrbanKart Traders,4.1,20879,4,93
1559,Elite Outlet,4.8,21469,5,54
1559,QuickCart Seller,4.3,21378,5,120
1559,MegaSave Retail,3.7,20493,4,101
1560,ShopEasy India,4.3,2833,4,103
1560,QuickCart Seller,4.2,2988,3,77
1560,TrendyHub Retail,4.7,2947,4,83
1560,MegaSave Retail,3.9,3050,1,16
1561,MegaSave Retail,3.7,10127,4,48
1561,PrimeDeals Store,4.8,10735,2,111
1562,NovaMart,4.6,37786,1,37
1562,ShopEasy India,4.4,36346,3,79
1563,PrimeDeals Store,4.6,137719,2,69
1563,Value Bazaar,3.9,130201,5,29
1563,Elite Outlet,4.8,131486,2,99
1563,MegaSave Retail,3.7,129924,6,117
1564,SunriseTraders,4.2,1324,4,19
1564,TrendyHub Retail,4.6,1353,1,73
1564,NovaMart,4.6,1486,2,64
1565,BharatMart,4.2,7746,4,28
1565,KiranaOnline,4.1,8390,2,23
1566,Value Bazaar,4.0,2659,5,14
1566,SunriseTraders,4.3,2804,1,120
1567,NovaMart,4.5,1004,4,91
1567,UrbanKart Traders,4.1,986,2,63
1567,MegaSave Retail,3.9,981,2,96
1567,ShopEasy India,4.5,968,2,5
1568,NovaMart,4.4,9261,3,9
1568,ShopEasy India,4.3,8737,4,25
1569,QuickCart Seller,4.2,92204,3,107
1569,PrimeDeals Store,4.7,97736,4,98
1570,MegaSave Retail,3.7,2601,3,9
1570,TrendyHub Retail,4.7,2728,1,26
1570,QuickCart Seller,4.3,2742,4,102
1571,KiranaOnline,4.1,5514,4,55
1571,QuickCart Seller,4.1,5803,5,113
1571,PrimeDeals Store,4.6,5555,5,119
1571,MegaSave Retail,3.7,5897,6,103
1572,ShopEasy India,4.5,1229,1,56
1572,MegaSave Retail,3.8,1303,2,53
1573,PrimeDeals Store,4.8,5048,1,99
1573,QuickCart Seller,4.1,4762,3,51
1574,Elite Outlet,4.8,13602,1,111
1574,UrbanKart Traders,4.0,14501,3,83
1575,KiranaOnline,3.9,2025,4,96
1575,PrimeDeals Store,4.6,1855,1,55
1575,QuickCart Seller,4.1,2014,3,72
1576,QuickCart Seller,4.3,3325,6,65
1576,TrendyHub Retail,4.5,3294,5,71
1576,PrimeDeals Store,4.6,3566,4,77
1576,BharatMart,4.2,3422,4,53
1577,UrbanKart Traders,4.2,6927,2,93
1577,SunriseTraders,4.3,6882,5,102
1577,Value Bazaar,3.9,6627,3,13
1578,Elite Outlet,4.9,5376,1,90
1578,KiranaOnline,4.1,5616,4,83
1578,ShopEasy India,4.3,5789,3,112
1578,PrimeDeals Store,4.7,5255,4,89
1579,Value Bazaar,4.0,9543,5,9
1579,NovaMart,4.5,9003,2,79
1580,ShopEasy India,4.3,11115,4,26
1580,NovaMart,4.4,12173,4,41
1580,PrimeDeals Store,4.8,12658,1,65
1581,Value Bazaar,3.9,21831,2,100
1581,UrbanKart Traders,4.2,23141,5,87
1582,SunriseTraders,4.2,75504,4,10
1582,Elite Outlet,4.7,78845,2,70
1582,QuickCart Seller,4.2,72101,2,74
1583,BharatMart,4.3,133179,5,8
1583,SunriseTraders,4.2,133010,2,93
1583,QuickCart Seller,4.3,145592,3,33
1584,Elite Outlet,4.7,3617,3,60
1584,TrendyHub Retail,4.6,3748,4,74
1585,QuickCart Seller,4.3,3342,4,111
1585,Value Bazaar,3.9,3153,2,78
1586,PrimeDeals Store,4.7,3915,4,60
1586,MegaSave Retail,3.8,3693,4,18
1587,QuickCart Seller,4.1,2796,5,50
1587,SunriseTraders,4.1,2650,5,106
1587,BharatMart,4.4,2746,2,6
1588,QuickCart Seller,4.2,1676,1,68
1588,MegaSave Retail,3.9,1737,5,90
1588,Value Bazaar,4.0,1727,5,27
1589,SunriseTraders,4.1,68227,5,38
1589,TrendyHub Retail,4.5,77028,2,115
1589,NovaMart,4.6,75475,2,44
1590,KiranaOnline,4.0,16487,5,101
1590,SunriseTraders,4.1,15799,3,103
1590,UrbanKart Traders,4.2,17451,5,76
1591,PrimeDeals Store,4.8,7171,2,34
1591,BharatMart,4.4,7445,1,15
1592,ShopEasy India,4.4,2686,2,109
1592,TrendyHub Retail,4.6,2872,1,96
1592,Value Bazaar,3.8,2628,2,63
1592,Elite Outlet,4.8,2848,2,90
1593,UrbanKart Traders,4.0,6903,3,50
1593,BharatMart,4.3,7233,4,48
1594,NovaMart,4.4,5325,4,50
1594,Value Bazaar,3.9,5591,5,60
1595,QuickCart Seller,4.2,620,4,96
1595,ShopEasy India,4.4,653,4,76
1595,MegaSave Retail,3.7,658,5,15
1596,MegaSave Retail,3.9,1005,2,83
1596,TrendyHub Retail,4.5,948,2,93
1597,TrendyHub Retail,4.6,1442,4,75
1597,Elite Outlet,4.7,1386,4,26
1597,NovaMart,4.4,1424,6,56
1597,PrimeDeals Store,4.7,1513,1,83
1598,Elite Outlet,4.9,7082,3,39
1598,MegaSave Retail,3.7,7048,6,110
1598,UrbanKart Traders,4.1,6366,4,28
1598,NovaMart,4.4,6271,5,94
1599,SunriseTraders,4.1,19574,2,20
1599,PrimeDeals Store,4.8,22273,1,106
1600,UrbanKart Traders,4.2,19314,1,120
1600,BharatMart,4.3,21089,5,88
1600,NovaMart,4.4,21887,5,32
1600,ShopEasy India,4.5,21822,3,80
1601,KiranaOnline,3.9,6158,2,47
1601,SunriseTraders,4.1,5930,5,97
1601,TrendyHub Retail,4.6,6099,1,65
1602,PrimeDeals Store,4.8,114532,4,65
1602,KiranaOnline,4.0,108049,3,97
1603,KiranaOnline,4.0,129746,5,82
1603,SunriseTraders,4.2,137181,4,56
1603,QuickCart Seller,4.2,136612,1,115
1604,SunriseTraders,4.3,6569,2,103
1604,BharatMart,4.3,6248,1,59
1604,Value Bazaar,3.9,5697,2,55
1605,NovaMart,4.6,7127,1,67
1605,ShopEasy India,4.3,6455,2,19
1605,PrimeDeals Store,4.7,6446,1,48
1606,SunriseTraders,4.1,5372,6,5
1606,ShopEasy India,4.3,5358,4,120
1606,BharatMart,4.4,5679,5,56
1607,NovaMart,4.5,4202,2,45
1607,UrbanKart Traders,4.0,4631,6,45
1608,MegaSave Retail,3.7,8126,4,84
1608,QuickCart Seller,4.1,7618,6,67
1608,UrbanKart Traders,4.2,7755,3,11
1609,QuickCart Seller,4.3,58013,5,88
1609,ShopEasy India,4.5,61494,4,54
1610,MegaSave Retail,3.8,28926,6,80
1610,NovaMart,4.4,30404,2,113
1610,BharatMart,4.4,31563,3,49
1611,SunriseTraders,4.1,8496,5,68
1611,PrimeDeals Store,4.6,8148,3,80
1611,UrbanKart Traders,4.2,9143,4,61
1612,SunriseTraders,4.1,1514,6,77
1612,ShopEasy India,4.5,1473,5,78
1612,QuickCart Seller,4.3,1440,5,31
1613,QuickCart Seller,4.1,9024,2,54
1613,NovaMart,4.4,10338,3,101
1613,KiranaOnline,4.0,9263,2,82
1614,ShopEasy India,4.3,16206,4,45
1614,TrendyHub Retail,4.7,15289,4,85
1615,MegaSave Retail,3.7,1192,5,45
1615,TrendyHub Retail,4.7,1358,4,72
1615,BharatMart,4.4,1250,5,92
1616,QuickCart Seller,4.3,5372,4,120
1616,PrimeDeals Store,4.7,5068,1,43
1617,UrbanKart Traders,4.0,4002,2,65
1617,ShopEasy India,4.4,3775,2,70
1618,UrbanKart Traders,4.2,278,6,89
1618,Elite Outlet,4.7,256,4,20
1618,ShopEasy India,4.5,277,4,53
1619,NovaMart,4.5,6968,3,40
1619,QuickCart Seller,4.3,7025,3,77
1619,KiranaOnline,4.0,6867,6,44
1619,Elite Outlet,4.8,7767,4,83
1620,QuickCart Seller,4.3,4055,4,84
1620,BharatMart,4.4,4226,1,59
1621,SunriseTraders,4.2,18966,4,47
1621,Value Bazaar,3.8,17520,4,30
1621,MegaSave Retail,3.8,17204,4,48
1621,ShopEasy India,4.4,18140,3,50
1622,Elite Outlet,4.9,29109,1,65
1622,NovaMart,4.5,27483,5,31
1622,PrimeDeals Store,4.7,28634,3,104
1623,QuickCart Seller,4.1,125223,3,112
1623,ShopEasy India,4.5,141583,2,72
1623,UrbanKart Traders,4.1,130841,4,27
1623,PrimeDeals Store,4.6,134424,3,77
1624,MegaSave Retail,3.7,1868,2,23
1624,TrendyHub Retail,4.7,2070,5,33
1624,QuickCart Seller,4.2,1854,1,64
1624,SunriseTraders,4.2,2022,4,59
1625,MegaSave Retail,3.7,1739,2,48
1625,ShopEasy India,4.5,1631,3,107
1625,NovaMart,4.6,1644,2,42
1626,ShopEasy India,4.5,6122,3,61
1626,Value Bazaar,4.0,6340,3,5
1626,QuickCart Seller,4.1,5960,3,71
1627,SunriseTraders,4.1,418,6,21
1627,NovaMart,4.4,402,2,105
1627,KiranaOnline,4.0,373,2,85
1628,BharatMart,4.3,900,5,15
1628,MegaSave Retail,3.7,931,7,116
1628,TrendyHub Retail,4.6,971,4,101
1628,UrbanKart Traders,4.0,881,3,88
1629,PrimeDeals Store,4.6,38308,1,52
1629,Value Bazaar,3.9,39717,2,55
1630,QuickCart Seller,4.1,48908,5,9
1630,NovaMart,4.4,45808,2,49
1631,UrbanKart Traders,4.2,10232,4,64
1631,NovaMart,4.5,9490,3,49
1631,Elite Outlet,4.9,10839,3,77
1632,Value Bazaar,4.0,2850,3,111
1632,TrendyHub Retail,4.7,3021,2,53
1633,Elite Outlet,4.7,2000,5,37
1633,TrendyHub Retail,4.6,2169,4,62
1633,MegaSave Retail,3.8,2005,3,14
1634,PrimeDeals Store,4.6,8000,1,18
1634,MegaSave Retail,3.9,7617,5,60
1634,BharatMart,4.2,7770,4,61
1635,ShopEasy India,4.5,2047,3,92
1635,TrendyHub Retail,4.7,1931,4,6
1636,TrendyHub Retail,4.5,2797,5,116
1636,ShopEasy India,4.4,2615,4,89
1636,UrbanKart Traders,4.0,2823,4,41
1636,SunriseTraders,4.1,2739,3,88
1637,SunriseTraders,4.3,6285,3,47
1637,NovaMart,4.4,5681,4,95
1637,ShopEasy India,4.4,5987,3,89
1638,TrendyHub Retail,4.6,1694,3,99
1638,QuickCart Seller,4.1,1520,4,108
1639,SunriseTraders,4.3,19370,3,64
1639,ShopEasy India,4.5,18779,2,113
1639,NovaMart,4.4,18030,4,76
1640,TrendyHub Retail,4.6,11818,1,62
1640,ShopEasy India,4.5,11817,3,74
1640,KiranaOnline,4.0,12526,4,40
1641,KiranaOnline,4.0,1451,4,14
1641,Value Bazaar,4.0,1328,6,102
1641,UrbanKart Traders,4.1,1426,6,112
1641,NovaMart,4.6,1558,4,86
1642,UrbanKart Traders,4.1,60519,2,89
1642,PrimeDeals Store,4.6,61723,1,30
1642,Value Bazaar,3.8,67150,2,31
1643,UrbanKart Traders,4.1,141624,5,74
1643,BharatMart,4.4,137342,5,93
1644,NovaMart,4.6,4380,3,35
1644,TrendyHub Retail,4.5,4053,2,43
1644,QuickCart Seller,4.2,4586,2,20
1645,Elite Outlet,4.7,5206,3,29
1645,UrbanKart Traders,4.1,4850,3,29
1646,PrimeDeals Store,4.7,7310,5,73
1646,QuickCart Seller,4.2,7570,6,74
1647,UrbanKart Traders,4.2,2264,6,81
1647,Value Bazaar,3.8,2020,5,11
1647,PrimeDeals Store,4.8,2084,4,25
1647,MegaSave Retail,3.9,2156,5,32
1648,ShopEasy India,4.3,7414,2,77
1648,BharatMart,4.2,7390,4,26
1648,UrbanKart Traders,4.1,7050,2,81
1649,Value Bazaar,3.9,24200,3,5
1649,MegaSave Retail,3.7,22481,4,66
1649,QuickCart Seller,4.2,23788,2,39
1650,SunriseTraders,4.2,11817,4,28
1650,ShopEasy India,4.5,11397,4,66
1650,NovaMart,4.4,11559,2,98
1651,PrimeDeals Store,4.7,11889,5,66
1651,NovaMart,4.4,10708,5,77
1651,ShopEasy India,4.5,11597,2,41
1651,QuickCart Seller,4.3,11800,2,96
1652,BharatMart,4.2,1683,4,8
1652,ShopEasy India,4.5,1758,3,19
1652,UrbanKart Traders,4.1,1625,5,94
1653,PrimeDeals Store,4.6,4508,2,107
1653,Elite Outlet,4.8,4722,2,18
1654,BharatMart,4.4,17074,3,83
1654,ShopEasy India,4.5,18460,4,49
1655,ShopEasy India,4.4,584,2,17
1655,NovaMart,4.5,557,5,31
1655,Elite Outlet,4.9,592,1,109
1656,UrbanKart Traders,4.2,307,3,21
1656,Elite Outlet,4.9,325,4,94
1657,TrendyHub Retail,4.6,659,1,18
1657,ShopEasy India,4.4,743,3,6
1657,PrimeDeals Store,4.7,668,1,112
1657,BharatMart,4.4,665,3,73
1658,Value Bazaar,3.9,2814,3,14
1658,QuickCart Seller,4.3,2803,4,27
1658,ShopEasy India,4.5,2965,3,12
1659,QuickCart Seller,4.1,5800,4,120
1659,KiranaOnline,4.0,6148,3,71
1660,MegaSave Retail,3.9,20048,4,83
1660,BharatMart,4.4,21548,3,10
1661,TrendyHub Retail,4.5,13013,3,24
1661,QuickCart Seller,4.2,14406,4,44
1661,Elite Outlet,4.7,14322,2,77
1662,TrendyHub Retail,4.5,101256,2,39
1662,MegaSave Retail,3.9,96924,2,115
1662,Elite Outlet,4.9,102518,3,45
1663,PrimeDeals Store,4.6,140680,3,113
1663,BharatMart,4.4,126990,2,25
1663,Value Bazaar,3.8,131524,2,68
1663,QuickCart Seller,4.1,126874,5,27
1664,BharatMart,4.4,6241,4,99
1664,TrendyHub Retail,4.6,7114,1,101
1664,SunriseTraders,4.2,6505,5,109
1665,UrbanKart Traders,4.0,8865,2,27
1665,KiranaOnline,4.1,9254,4,67
1666,PrimeDeals Store,4.6,8490,2,67
1666,TrendyHub Retail,4.7,8267,4,44
1666,BharatMart,4.2,8613,3,6
1667,NovaMart,4.6,4137,2,33
1667,QuickCart Seller,4.2,3717,2,23
1667,SunriseTraders,4.3,4184,3,12
1668,Elite Outlet,4.7,12416,2,52
1668,MegaSave Retail,3.9,12693,3,60
1668,NovaMart,4.4,12176,5,53
1669,NovaMart,4.5,7333,2,92
1669,KiranaOnline,4.1,6918,3,77
1670,QuickCart Seller,4.2,25151,3,19
1670,Value Bazaar,3.9,28176,5,45
1671,PrimeDeals Store,4.6,12457,4,10
1671,Value Bazaar,3.8,11752,2,29
1672,UrbanKart Traders,4.1,473,5,30
1672,TrendyHub Retail,4.5,414,2,50
1672,Value Bazaar,3.9,407,3,17
1672,KiranaOnline,4.1,426,5,84
1673,UrbanKart Traders,4.2,6959,5,13
1673,SunriseTraders,4.2,7377,2,106
1674,TrendyHub Retail,4.5,9711,3,93
1674,Elite Outlet,4.9,10589,2,90
1675,TrendyHub Retail,4.5,1215,3,20
1675,Elite Outlet,4.7,1142,4,84
1675,Value Bazaar,3.9,1129,6,87
1676,KiranaOnline,4.1,4540,4,69
1676,QuickCart Seller,4.3,4261,6,42
1676,Value Bazaar,3.8,4484,4,118
1676,SunriseTraders,4.1,4735,1,65
1677,Value Bazaar,4.0,3172,4,28
1677,ShopEasy India,4.5,3003,2,75
1677,NovaMart,4.6,3170,4,66
1678,UrbanKart Traders,4.0,3983,6,71
1678,ShopEasy India,4.5,4396,4,106
1678,QuickCart Seller,4.1,4473,3,88
1678,KiranaOnline,3.9,4013,6,105
1679,QuickCart Seller,4.2,18206,3,24
1679,TrendyHub Retail,4.7,16053,4,75
1679,MegaSave Retail,3.8,17827,5,64
1680,QuickCart Seller,4.3,5037,4,38
1680,BharatMart,4.3,4752,1,87
1681,SunriseTraders,4.3,24172,4,42
1681,Value Bazaar,3.9,27134,2,42
1681,QuickCart Seller,4.1,27671,6,48
1681,TrendyHub Retail,4.5,24627,1,59
1682,ShopEasy India,4.3,19670,4,44
1682,SunriseTraders,4.2,18086,4,114
1682,KiranaOnline,3.9,18557,6,75
1682,UrbanKart Traders,4.1,19512,4,69
1683,Elite Outlet,4.9,127583,1,67
1683,KiranaOnline,4.1,138726,3,104
1683,TrendyHub Retail,4.7,136609,3,112
1684,QuickCart Seller,4.3,2441,3,5
1684,Value Bazaar,3.8,2587,5,111
1684,ShopEasy India,4.4,2495,3,120
1685,NovaMart,4.5,4058,1,30
1685,MegaSave Retail,3.9,3841,4,67
1685,BharatMart,4.2,3629,6,23
1685,Elite Outlet,4.7,3602,1,6
1686,TrendyHub Retail,4.6,9895,1,108
1686,SunriseTraders,4.2,9031,2,66
1686,KiranaOnline,3.9,8763,5,49
1686,QuickCart Seller,4.3,8662,2,120
1687,NovaMart,4.4,5829,5,65
1687,SunriseTraders,4.1,5499,4,68
1688,NovaMart,4.5,6406,2,83
1688,QuickCart Seller,4.3,5920,2,31
1688,KiranaOnline,4.0,5652,4,70
1689,BharatMart,4.2,80723,4,69
1689,PrimeDeals Store,4.7,77659,2,93
1690,KiranaOnline,4.0,42717,4,35
1690,PrimeDeals Store,4.7,40670,1,41
1690,UrbanKart Traders,4.0,41528,4,115
1691,BharatMart,4.3,14490,6,106
1691,TrendyHub Retail,4.6,13670,2,69
1692,Elite Outlet,4.8,1940,3,9
1692,MegaSave Retail,3.9,1830,3,11
1693,SunriseTraders,4.2,9086,4,106
1693,BharatMart,4.2,8572,4,85
1694,BharatMart,4.2,2090,4,12
1694,PrimeDeals Store,4.7,1972,1,65
1695,NovaMart,4.6,1799,5,17
1695,SunriseTraders,4.1,1697,4,87
1696,BharatMart,4.2,1977,2,55
1696,NovaMart,4.6,2170,2,71
1696,Elite Outlet,4.9,2169,4,99
1696,TrendyHub Retail,4.6,2082,2,86
1697,NovaMart,4.6,5185,3,80
1697,Elite Outlet,4.8,5887,1,63
1698,Elite Outlet,4.7,5663,1,87
1698,BharatMart,4.3,6115,2,30
1698,QuickCart Seller,4.1,6039,2,110
1698,NovaMart,4.6,5758,1,18
1699,QuickCart Seller,4.3,3545,6,55
1699,PrimeDeals Store,4.6,3619,5,57
1699,NovaMart,4.6,3825,1,7
1699,UrbanKart Traders,4.0,3654,4,40
1700,UrbanKart Traders,4.0,14796,6,96
1700,Elite Outlet,4.7,15557,1,65
1700,Value Bazaar,4.0,14676,5,96
1701,PrimeDeals Store,4.6,9579,3,83
1701,NovaMart,4.5,10154,5,64
1702,MegaSave Retail,3.8,57423,3,88
1702,TrendyHub Retail,4.6,57677,5,60
1702,KiranaOnline,3.9,52041,5,13
1702,Elite Outlet,4.8,60391,2,7
1703,PrimeDeals Store,4.8,134813,1,13
1703,Elite Outlet,4.9,129007,1,43
1703,QuickCart Seller,4.3,141674,4,98
1704,Value Bazaar,3.9,4523,5,43
1704,Elite Outlet,4.9,4717,3,6
1704,BharatMart,4.3,4768,2,19
1704,UrbanKart Traders,4.0,4634,6,22
1705,ShopEasy India,4.3,7890,1,93
1705,MegaSave Retail,3.8,7852,5,45
1705,Value Bazaar,4.0,7039,6,17
1706,Elite Outlet,4.7,11326,1,30
1706,ShopEasy India,4.4,10685,1,113
1707,UrbanKart Traders,4.1,1672,2,97
1707,MegaSave Retail,3.9,1519,4,22
1708,NovaMart,4.4,12949,4,45
1708,Elite Outlet,4.9,12893,1,118
1708,ShopEasy India,4.4,12349,1,47
1709,ShopEasy India,4.4,60236,4,9
1709,BharatMart,4.2,61540,2,79
1709,QuickCart Seller,4.1,56130,2,8
1710,UrbanKart Traders,4.1,7236,2,72
1710,Value Bazaar,3.9,6748,4,37
1711,BharatMart,4.4,14779,4,84
1711,SunriseTraders,4.3,16197,5,77
1711,TrendyHub Retail,4.6,15741,1,76
1711,PrimeDeals Store,4.8,14917,4,120
1712,BharatMart,4.4,711,5,103
1712,Value Bazaar,3.8,677,3,77
1712,KiranaOnline,4.1,671,5,118
1713,NovaMart,4.6,1741,1,68
1713,BharatMart,4.4,1948,2,40
1713,MegaSave Retail,3.7,1880,3,49
1714,TrendyHub Retail,4.5,13060,5,42
1714,NovaMart,4.6,13034,5,6
1714,KiranaOnline,3.9,12723,2,109
1714,BharatMart,4.4,12386,2,72
1715,QuickCart Seller,4.2,407,5,15
1715,NovaMart,4.5,436,1,115
1715,ShopEasy India,4.5,454,5,21
1716,NovaMart,4.5,6206,1,32
1716,Elite Outlet,4.7,5982,2,105
1716,SunriseTraders,4.3,6846,2,109
1716,UrbanKart Traders,4.1,6436,5,88
1717,Elite Outlet,4.9,7618,4,83
1717,BharatMart,4.4,8022,2,62
1717,SunriseTraders,4.3,7879,4,115
1717,TrendyHub Retail,4.7,7743,3,86
1718,PrimeDeals Store,4.7,6932,3,95
1718,ShopEasy India,4.4,7010,3,104
1718,Value Bazaar,3.8,7467,6,63
1719,UrbanKart Traders,4.1,14299,3,51
1719,Value Bazaar,4.0,15047,3,55
1719,KiranaOnline,3.9,16298,4,93
1720,NovaMart,4.4,23683,5,46
1720,TrendyHub Retail,4.6,21707,1,37
1720,MegaSave Retail,3.9,22824,3,110
1720,Elite Outlet,4.9,21577,1,89
1721,TrendyHub Retail,4.5,20597,4,22
1721,Elite Outlet,4.8,20512,5,10
1721,KiranaOnline,4.1,19962,6,64
1722,ShopEasy India,4.5,90966,1,79
1722,KiranaOnline,4.1,100171,6,64
1723,UrbanKart Traders,4.0,119823,5,16
1723,QuickCart Seller,4.2,127841,1,28
1723,Elite Outlet,4.9,140957,5,78
1724,UrbanKart Traders,4.0,695,4,23
1724,NovaMart,4.4,796,2,61
1724,ShopEasy India,4.4,797,5,7
1725,Value Bazaar,3.9,2438,4,94
1725,TrendyHub Retail,4.5,2317,5,37
1726,KiranaOnline,4.0,11158,5,110
1726,Elite Outlet,4.8,11827,1,58
1727,ShopEasy India,4.4,3165,1,41
1727,PrimeDeals Store,4.8,3285,3,113
1727,TrendyHub Retail,4.7,3376,3,120
1727,BharatMart,4.2,3121,5,39
1728,TrendyHub Retail,4.5,5432,5,50
1728,MegaSave Retail,3.8,5258,2,115
1728,KiranaOnline,4.0,5471,5,112
1728,Elite Outlet,4.7,5089,3,78
1729,ShopEasy India,4.4,44453,4,71
1729,QuickCart Seller,4.1,41937,1,96
1730,KiranaOnline,4.0,21537,4,22
1730,QuickCart Seller,4.1,21479,6,104
1730,BharatMart,4.3,20398,6,107
1730,NovaMart,4.6,22767,4,28
1731,PrimeDeals Store,4.6,1103,3,102
1731,UrbanKart Traders,4.2,1102,4,46
1731,TrendyHub Retail,4.7,1052,4,20
1731,SunriseTraders,4.3,1156,3,90
1732,NovaMart,4.5,2325,2,72
1732,MegaSave Retail,3.7,2245,6,7
1732,UrbanKart Traders,4.0,2257,3,66
1733,MegaSave Retail,3.9,3878,5,116
1733,Value Bazaar,3.9,4245,6,79
1733,SunriseTraders,4.1,4269,5,22
1734,Value Bazaar,4.0,4059,6,49
1734,NovaMart,4.6,4303,2,68
1735,QuickCart Seller,4.3,970,5,113
1735,UrbanKart Traders,4.1,1046,3,94
1736,SunriseTraders,4.3,4139,4,43
1736,QuickCart Seller,4.2,4182,2,96
1736,PrimeDeals Store,4.7,4053,2,81
1736,MegaSave Retail,3.9,4027,4,20
1737,TrendyHub Retail,4.7,2511,4,81
1737,SunriseTraders,4.2,2338,5,93
1737,KiranaOnline,4.1,2446,6,51
1737,MegaSave Retail,3.8,2280,3,68
1738,Value Bazaar,3.8,530,5,49
1738,NovaMart,4.6,530,5,66
1738,ShopEasy India,4.4,530,3,60
1738,Elite Outlet,4.8,562,5,15
1739,QuickCart Seller,4.1,1948,3,88
1739,MegaSave Retail,3.8,2012,3,6
1739,PrimeDeals Store,4.7,2087,1,73
1740,ShopEasy India,4.4,5792,4,64
1740,MegaSave Retail,3.7,6234,4,30
1740,QuickCart Seller,4.3,6085,2,14
1740,Value Bazaar,3.8,6162,4,9
1741,Elite Outlet,4.9,4650,4,101
1741,UrbanKart Traders,4.1,5246,5,82
1742,PrimeDeals Store,4.8,9700,1,67
1742,SunriseTraders,4.1,10226,4,8
1742,TrendyHub Retail,4.5,10264,5,32
1743,ShopEasy India,4.3,120347,2,119
1743,BharatMart,4.4,125226,4,69
1743,QuickCart Seller,4.1,123538,5,62
1744,ShopEasy India,4.4,3293,4,38
1744,QuickCart Seller,4.2,3165,6,85
1744,MegaSave Retail,3.9,3334,2,101
1745,Elite Outlet,4.9,6201,3,17
1745,QuickCart Seller,4.3,6395,5,84
1745,KiranaOnline,4.1,6033,6,102
1746,PrimeDeals Store,4.7,12821,4,45
1746,TrendyHub Retail,4.6,11988,4,15
1746,KiranaOnline,3.9,11764,5,71
1747,MegaSave Retail,3.7,4715,2,69
1747,SunriseTraders,4.3,5215,3,22
1747,Elite Outlet,4.7,5274,5,28
1747,QuickCart Seller,4.2,5486,6,15
1748,TrendyHub Retail,4.6,12057,4,66
1748,NovaMart,4.4,11343,2,103
1748,ShopEasy India,4.4,10961,1,48
1749,MegaSave Retail,3.7,28425,2,116
1749,Value Bazaar,3.9,29501,4,114
1750,UrbanKart Traders,4.1,36107,5,76
1750,BharatMart,4.4,34063,1,60
1751,BharatMart,4.2,2663,5,36
1751,QuickCart Seller,4.3,2611,3,50
1751,SunriseTraders,4.3,2558,2,120
1751,ShopEasy India,4.3,2605,4,73
1752,TrendyHub Retail,4.7,880,2,8
1752,PrimeDeals Store,4.6,1012,2,106
1752,Value Bazaar,3.9,871,3,116
1753,BharatMart,4.3,6299,5,15
1753,ShopEasy India,4.5,6858,4,12
1753,NovaMart,4.6,6702,3,9
1754,ShopEasy India,4.5,15886,2,45
1754,KiranaOnline,4.1,15315,5,85
1754,SunriseTraders,4.1,15090,2,43
1754,QuickCart Seller,4.2,15732,4,40
1755,Value Bazaar,3.8,1694,6,70
1755,TrendyHub Retail,4.5,1796,1,116
1756,SunriseTraders,4.2,1429,3,10
1756,KiranaOnline,3.9,1557,2,11
1756,ShopEasy India,4.4,1385,1,33
1756,QuickCart Seller,4.2,1441,2,85
1757,SunriseTraders,4.2,4568,2,32
1757,Elite Outlet,4.7,4778,2,41
1757,NovaMart,4.6,4768,2,79
1757,ShopEasy India,4.4,4866,5,98
1758,Value Bazaar,4.0,1893,3,95
1758,PrimeDeals Store,4.6,2032,4,83
1758,SunriseTraders,4.1,2071,6,93
1758,NovaMart,4.5,2073,2,38
1759,UrbanKart Traders,4.1,13703,3,80
1759,SunriseTraders,4.3,12850,5,55
1759,TrendyHub Retail,4.5,13858,2,119
1760,UrbanKart Traders,4.1,13832,5,14
1760,Elite Outlet,4.9,15085,4,110
1760,MegaSave Retail,3.8,14461,2,25
1761,Elite Outlet,4.9,18133,5,56
1761,MegaSave Retail,3.7,17140,4,14
1761,BharatMart,4.2,18199,3,9
1762,Elite Outlet,4.9,44258,3,77
1762,UrbanKart Traders,4.2,50159,1,58
1763,NovaMart,4.5,127323,4,38
1763,MegaSave Retail,3.9,127452,3,119
1763,UrbanKart Traders,4.0,138471,1,92
1764,NovaMart,4.6,5751,2,58
1764,QuickCart Seller,4.3,5876,5,8
1764,PrimeDeals Store,4.8,5499,1,117
1764,Value Bazaar,3.9,5670,5,34
1765,BharatMart,4.4,773,5,93
1765,UrbanKart Traders,4.0,810,3,59
1765,Elite Outlet,4.8,842,4,49
1765,TrendyHub Retail,4.7,835,4,29
1766,NovaMart,4.6,12803,2,116
1766,TrendyHub Retail,4.7,13940,4,20
1766,UrbanKart Traders,4.0,14346,2,60
1767,KiranaOnline,4.1,1062,3,113
1767,UrbanKart Traders,4.1,1091,2,115
1767,NovaMart,4.5,1111,3,93
1768,TrendyHub Retail,4.7,4874,1,53
1768,MegaSave Retail,3.9,4364,4,92
1769,TrendyHub Retail,4.6,10799,3,55
1769,Elite Outlet,4.9,11916,1,20
1769,QuickCart Seller,4.1,11244,3,21
1770,QuickCart Seller,4.3,2486,1,17
1770,BharatMart,4.2,2345,4,20
1771,SunriseTraders,4.3,4323,5,49
1771,TrendyHub Retail,4.6,4078,1,114
1772,ShopEasy India,4.4,2292,2,65
1772,NovaMart,4.5,2430,1,114
1773,NovaMart,4.5,8291,1,9
1773,QuickCart Seller,4.2,8748,3,31
1773,Value Bazaar,3.9,8619,5,120
1774,Elite Outlet,4.9,7247,1,65
1774,QuickCart Seller,4.1,6837,5,90
1775,Elite Outlet,4.9,308,2,34
1775,BharatMart,4.3,336,4,111
1776,SunriseTraders,4.1,6008,5,6
1776,MegaSave Retail,3.8,5668,2,52
1777,TrendyHub Retail,4.5,7572,3,58
1777,UrbanKart Traders,4.0,7428,3,84
1777,QuickCart Seller,4.2,7141,4,36
1777,Value Bazaar,3.8,7106,2,44
1778,BharatMart,4.3,3048,1,74
1778,TrendyHub Retail,4.6,3231,5,117
1779,TrendyHub Retail,4.7,26956,4,22
1779,QuickCart Seller,4.2,24128,3,77
1780,NovaMart,4.6,25360,1,79
1780,KiranaOnline,4.1,21657,2,103
1780,Value Bazaar,3.9,24328,4,107
1781,PrimeDeals Store,4.8,30137,1,112
1781,MegaSave Retail,3.8,31945,5,109
1782,MegaSave Retail,3.8,83249,2,11
1782,UrbanKart Traders,4.0,88244,2,18
1783,SunriseTraders,4.2,120789,1,50
1783,QuickCart Seller,4.2,124301,4,49
1783,TrendyHub Retail,4.6,120509,4,58
1784,Value Bazaar,4.0,1346,4,36
1784,BharatMart,4.4,1225,5,73
1784,UrbanKart Traders,4.1,1324,3,57
1785,ShopEasy India,4.5,4699,3,112
1785,UrbanKart Traders,4.1,4107,6,65
1785,QuickCart Seller,4.3,4157,3,32
1786,ShopEasy India,4.3,15806,6,106
1786,NovaMart,4.5,13756,3,21
1786,Elite Outlet,4.8,14253,1,103
1787,Elite Outlet,4.9,2660,4,21
1787,NovaMart,4.5,2745,4,102
1787,SunriseTraders,4.2,2700,4,28
1787,UrbanKart Traders,4.2,3035,5,100
1788,PrimeDeals Store,4.6,11010,2,97
1788,Elite Outlet,4.8,10387,4,64
1789,ShopEasy India,4.3,83971,1,50
1789,TrendyHub Retail,4.6,89073,5,100
1790,Elite Outlet,4.7,16495,1,51
1790,PrimeDeals Store,4.8,17485,1,108
1791,NovaMart,4.6,5333,1,33
1791,QuickCart Seller,4.3,5312,1,36
1791,KiranaOnline,3.9,5609,3,37
1792,KiranaOnline,4.0,1082,2,99
1792,Value Bazaar,3.8,1265,6,108
1793,BharatMart,4.2,1577,2,111
1793,UrbanKart Traders,4.2,1483,6,33
1793,ShopEasy India,4.3,1606,3,82
1793,QuickCart Seller,4.3,1454,5,90
1794,QuickCart Seller,4.3,19087,3,5
1794,KiranaOnline,4.0,18007,2,20
1795,NovaMart,4.5,990,5,20
1795,MegaSave Retail,3.9,924,6,106
1795,KiranaOnline,4.1,987,5,89
1796,SunriseTraders,4.3,3381,3,120
1796,KiranaOnline,3.9,3518,2,67
1796,MegaSave Retail,3.7,3072,7,55
1796,UrbanKart Traders,4.2,3199,3,38
1797,ShopEasy India,4.3,1707,2,42
1797,TrendyHub Retail,4.7,1508,2,117
1797,KiranaOnline,3.9,1704,3,18
1798,PrimeDeals Store,4.8,4356,2,52
1798,BharatMart,4.3,5020,4,90
1799,PrimeDeals Store,4.8,11457,4,15
1799,BharatMart,4.2,11534,4,37
1799,UrbanKart Traders,4.1,12119,3,103
1800,SunriseTraders,4.2,7363,6,8
1800,ShopEasy India,4.3,6909,4,40
1801,UrbanKart Traders,4.1,12519,4,51
1801,KiranaOnline,4.0,13591,5,95
1802,MegaSave Retail,3.8,118899,2,44
1802,KiranaOnline,4.0,129435,2,120
1803,BharatMart,4.4,124749,2,115
1803,TrendyHub Retail,4.6,122509,3,24
1803,UrbanKart Traders,4.0,128468,6,32
1803,QuickCart Seller,4.1,123342,5,100
1804,QuickCart Seller,4.2,3642,4,35
1804,Value Bazaar,4.0,3602,4,29
1804,SunriseTraders,4.1,3832,1,45
1805,TrendyHub Retail,4.6,8776,3,114
1805,BharatMart,4.3,8279,3,84
1806,Value Bazaar,3.9,1332,2,71
1806,BharatMart,4.2,1422,2,5
1807,Elite Outlet,4.9,4924,1,120
1807,BharatMart,4.3,4582,3,28
1808,KiranaOnline,3.9,3778,2,56
1808,TrendyHub Retail,4.6,4027,2,70
1809,MegaSave Retail,3.7,65456,5,74
1809,KiranaOnline,3.9,61038,6,101
1810,SunriseTraders,4.3,28917,2,58
1810,BharatMart,4.3,29848,6,79
1811,UrbanKart Traders,4.0,6152,3,117
1811,TrendyHub Retail,4.6,6197,2,21
1811,ShopEasy India,4.3,6770,4,21
1812,PrimeDeals Store,4.7,2736,3,45
1812,QuickCart Seller,4.2,2832,5,79
1812,Value Bazaar,3.9,2843,4,63
1813,BharatMart,4.3,3998,3,23
1813,TrendyHub Retail,4.7,4256,4,42
1814,BharatMart,4.2,8889,5,86
1814,MegaSave Retail,3.7,8415,4,46
1814,Elite Outlet,4.7,8737,5,62
1814,KiranaOnline,4.0,9436,3,100
1815,KiranaOnline,3.9,1544,6,104
1815,ShopEasy India,4.4,1464,3,62
1815,Value Bazaar,4.0,1563,2,65
1816,Value Bazaar,4.0,831,5,67
1816,KiranaOnline,4.1,837,4,81
1816,UrbanKart Traders,4.0,879,4,98
1817,BharatMart,4.3,4187,4,83
1817,SunriseTraders,4.3,4438,4,92
1818,MegaSave Retail,3.9,6210,6,115
1818,UrbanKart Traders,4.1,5981,4,109
1818,TrendyHub Retail,4.6,5732,2,84
1819,Elite Outlet,4.9,21943,2,19
1819,KiranaOnline,4.1,24183,3,92
1819,PrimeDeals Store,4.8,22491,3,12
1820,PrimeDeals Store,4.7,15636,4,43
1820,NovaMart,4.6,14981,1,27
1820,ShopEasy India,4.4,16141,5,72
1821,QuickCart Seller,4.2,23852,5,19
1821,MegaSave Retail,3.8,24148,4,100
1821,KiranaOnline,3.9,25283,2,54
1822,Value Bazaar,3.8,40068,2,98
1822,MegaSave Retail,3.9,38531,6,70
1822,UrbanKart Traders,4.2,36444,2,57
1823,ShopEasy India,4.4,126650,2,82
1823,NovaMart,4.5,126096,5,89
1823,KiranaOnline,3.9,117984,6,119
1823,TrendyHub Retail,4.7,133136,4,51
1824,MegaSave Retail,3.8,6468,3,75
1824,Value Bazaar,4.0,5994,5,23
1824,SunriseTraders,4.1,5601,3,83
1825,Elite Outlet,4.8,3076,1,90
1825,Value Bazaar,3.8,2902,6,92
1826,NovaMart,4.5,2349,3,92
1826,QuickCart Seller,4.1,2653,3,95
1826,UrbanKart Traders,4.2,2593,1,33
1826,Elite Outlet,4.9,2442,1,24
1827,Elite Outlet,4.9,510,2,64
1827,QuickCart Seller,4.3,479,3,84
1828,UrbanKart Traders,4.1,10025,2,104
1828,NovaMart,4.4,9585,3,103
1828,SunriseTraders,4.1,10310,2,90
1828,ShopEasy India,4.3,10056,2,31
1829,ShopEasy India,4.4,51759,3,70
1829,PrimeDeals Store,4.7,51456,1,98
1829,QuickCart Seller,4.1,49033,3,90
1830,TrendyHub Retail,4.5,42554,3,78
1830,QuickCart Seller,4.2,42525,3,13
1830,Value Bazaar,3.8,45761,4,22
1831,MegaSave Retail,3.7,7461,4,11
1831,TrendyHub Retail,4.7,7959,1,66
1831,ShopEasy India,4.5,7410,3,117
1831,NovaMart,4.5,7940,4,110
1832,Elite Outlet,4.7,1393,2,106
1832,MegaSave Retail,3.9,1305,4,49
1832,QuickCart Seller,4.1,1409,2,33
1833,TrendyHub Retail,4.5,6558,3,36
1833,UrbanKart Traders,4.0,6951,4,17
1834,SunriseTraders,4.2,635,3,66
1834,Value Bazaar,3.9,682,2,42
1834,Elite Outlet,4.7,631,5,84
1834,PrimeDeals Store,4.6,714,2,80
1835,Value Bazaar,3.9,233,6,18
1835,NovaMart,4.5,247,1,92
1836,BharatMart,4.3,5202,4,106
1836,KiranaOnline,4.1,4764,2,95
1837,ShopEasy India,4.4,6758,2,85
1837,UrbanKart Traders,4.1,6529,5,88
1837,TrendyHub Retail,4.7,6553,4,45
1838,SunriseTraders,4.1,6826,3,6
1838,Elite Outlet,4.9,7954,2,62
1838,ShopEasy India,4.3,7617,2,85
1839,NovaMart,4.4,10566,1,35
1839,Value Bazaar,4.0,9772,4,23
1840,BharatMart,4.4,22746,2,99
1840,QuickCart Seller,4.3,24694,3,87
1841,MegaSave Retail,3.8,8980,6,27
1841,UrbanKart Traders,4.1,7959,6,48
1841,Value Bazaar,4.0,8717,3,90
1841,Elite Outlet,4.8,7854,1,97
1842,TrendyHub Retail,4.6,73659,3,72
1842,BharatMart,4.4,77625,4,82
1842,NovaMart,4.4,78170,3,112
1843,KiranaOnline,3.9,118406,4,63
1843,BharatMart,4.4,132804,3,112
1843,ShopEasy India,4.3,134201,4,59
1844,QuickCart Seller,4.3,1914,3,34
1844,ShopEasy India,4.3,1940,6,11
1844,UrbanKart Traders,4.1,1786,6,54
1845,KiranaOnline,4.1,6504,2,50
1845,Value Bazaar,4.0,6704,5,24
1845,NovaMart,4.6,6615,4,101
1845,PrimeDeals Store,4.7,6990,3,62
1846,ShopEasy India,4.4,3560,1,98
1846,QuickCart Seller,4.3,3597,1,88
1846,PrimeDeals Store,4.8,3491,1,76
1847,UrbanKart Traders,4.1,2167,5,12
1847,BharatMart,4.3,2360,1,14
1847,SunriseTraders,4.2,2241,3,49
1847,TrendyHub Retail,4.5,2153,5,50
1848,KiranaOnline,4.0,2867,2,61
1848,MegaSave Retail,3.8,3010,4,108
1848,PrimeDeals Store,4.6,3036,1,39
1849,MegaSave Retail,3.8,29790,4,103
1849,QuickCart Seller,4.2,33412,5,18
1850,UrbanKart Traders,4.0,11809,3,97
1850,NovaMart,4.5,12518,4,107
1851,BharatMart,4.2,9803,1,33
1851,UrbanKart Traders,4.0,9113,2,98
1851,QuickCart Seller,4.3,9593,5,101
1852,QuickCart Seller,4.3,2754,2,112
1852,KiranaOnline,4.1,2856,5,105
1852,UrbanKart Traders,4.2,3034,1,74
1853,QuickCart Seller,4.1,7983,3,36
1853,MegaSave Retail,3.8,8495,4,100
1854,PrimeDeals Store,4.6,10364,3,99
1854,Elite Outlet,4.9,11438,2,91
1854,ShopEasy India,4.4,10347,2,72
1854,UrbanKart Traders,4.0,11055,1,11
1855,PrimeDeals Store,4.8,784,4,62
1855,MegaSave Retail,3.8,824,3,8
1855,UrbanKart Traders,4.0,811,5,42
1855,BharatMart,4.2,804,3,77
1856,Value Bazaar,3.9,2753,5,59
1856,MegaSave Retail,3.8,2607,2,11
1857,SunriseTraders,4.2,938,2,68
1857,Elite Outlet,4.8,935,5,105
1857,QuickCart Seller,4.2,837,6,34
1858,UrbanKart Traders,4.1,934,5,113
1858,QuickCart Seller,4.3,824,2,119
1859,MegaSave Retail,3.7,20206,2,9
1859,BharatMart,4.2,21418,5,99
1860,Value Bazaar,4.0,7735,3,77
1860,TrendyHub Retail,4.6,7882,2,112
1860,MegaSave Retail,3.9,8593,6,45
1860,SunriseTraders,4.3,8153,4,97
1861,KiranaOnline,4.0,21040,5,96
1861,QuickCart Seller,4.3,20595,4,97
1861,UrbanKart Traders,4.0,19154,2,102
1862,SunriseTraders,4.2,114078,5,15
1862,TrendyHub Retail,4.6,120297,1,113
1862,Value Bazaar,3.9,113707,4,37
1862,UrbanKart Traders,4.0,120929,2,63
1863,BharatMart,4.2,121769,4,81
1863,ShopEasy India,4.5,125030,2,104
1863,Elite Outlet,4.7,122778,3,55
1863,NovaMart,4.6,137022,5,21
1864,PrimeDeals Store,4.8,4006,4,49
1864,ShopEasy India,4.5,4580,2,77
1864,BharatMart,4.2,4070,4,109
1865,Value Bazaar,3.8,1408,5,17
1865,BharatMart,4.4,1348,5,44
1865,TrendyHub Retail,4.5,1347,6,91
1866,PrimeDeals Store,4.8,4655,2,68
1866,BharatMart,4.2,4912,1,120
1867,UrbanKart Traders,4.2,4256,3,9
1867,MegaSave Retail,3.9,4511,6,27
1868,ShopEasy India,4.3,9714,6,100
1868,MegaSave Retail,3.9,8926,6,111
1868,UrbanKart Traders,4.1,9170,3,51
1869,PrimeDeals Store,4.6,14761,5,30
1869,KiranaOnline,4.1,14618,4,23
1869,Value Bazaar,4.0,16042,4,106
1870,SunriseTraders,4.3,25664,1,107
1870,TrendyHub Retail,4.5,27753,3,110
1871,PrimeDeals Store,4.6,10123,1,75
1871,UrbanKart Traders,4.0,10906,5,27
1872,Elite Outlet,4.9,1817,4,45
1872,MegaSave Retail,3.8,1713,2,103
1873,SunriseTraders,4.1,1213,5,38
1873,UrbanKart Traders,4.0,1206,6,59
1873,PrimeDeals Store,4.7,1324,1,92
1874,ShopEasy India,4.3,2986,4,92
1874,Value Bazaar,3.8,3104,2,119
1874,QuickCart Seller,4.2,2714,3,30
1874,PrimeDeals Store,4.6,2923,4,108
1875,Value Bazaar,4.0,1484,6,69
1875,QuickCart Seller,4.2,1358,4,110
1875,NovaMart,4.5,1456,4,33
1876,SunriseTraders,4.2,6398,2,9
1876,UrbanKart Traders,4.2,6965,4,30
1876,Elite Outlet,4.9,7044,2,105
1877,SunriseTraders,4.2,3118,5,49
1877,KiranaOnline,3.9,3004,2,21
1877,Value Bazaar,3.8,3453,6,18
1877,ShopEasy India,4.5,3035,1,84
1878,ShopEasy India,4.5,2145,1,83
1878,KiranaOnline,4.1,2334,3,79
1878,PrimeDeals Store,4.7,2350,3,35
1879,BharatMart,4.2,7881,5,65
1879,Elite Outlet,4.8,8261,3,120
1880,TrendyHub Retail,4.5,17893,1,100
1880,BharatMart,4.4,16507,2,69
1880,SunriseTraders,4.3,18316,1,51
1881,NovaMart,4.6,3968,2,36
1881,TrendyHub Retail,4.5,4212,4,82
1881,QuickCart Seller,4.1,4050,2,19
1881,Elite Outlet,4.7,3730,4,67
1882,ShopEasy India,4.5,30730,2,55
1882,PrimeDeals Store,4.8,29291,1,53
1882,MegaSave Retail,3.7,27661,5,85
1883,SunriseTraders,4.1,134241,3,57
1883,MegaSave Retail,3.9,118743,5,77
1883,PrimeDeals Store,4.8,125601,1,27
1884,BharatMart,4.2,6671,4,46
1884,QuickCart Seller,4.1,6678,5,20
1884,PrimeDeals Store,4.6,7119,2,82
1884,ShopEasy India,4.5,6389,1,80
1885,BharatMart,4.4,4942,2,112
1885,Elite Outlet,4.8,5153,1,28
1885,SunriseTraders,4.1,5357,2,77
1885,MegaSave Retail,3.9,5112,3,26
1886,BharatMart,4.3,5480,4,110
1886,ShopEasy India,4.3,5492,4,8
1886,PrimeDeals Store,4.7,5735,3,48
1887,Value Bazaar,4.0,6110,5,76
1887,BharatMart,4.2,5481,5,8
1887,PrimeDeals Store,4.6,5794,1,72
1888,Value Bazaar,3.8,2291,4,14
1888,TrendyHub Retail,4.5,2215,5,97
1889,SunriseTraders,4.2,80491,3,11
1889,TrendyHub Retail,4.7,82264,1,103
1889,Elite Outlet,4.9,91599,2,21
1890,Value Bazaar,3.9,42950,3,111
1890,NovaMart,4.5,40681,5,82
1891,PrimeDeals Store,4.6,12632,1,84
1891,Elite Outlet,4.9,11947,3,120
1891,Value Bazaar,3.8,11643,2,98
1891,NovaMart,4.4,12496,5,8
1892,QuickCart Seller,4.3,373,5,27
1892,Value Bazaar,4.0,411,5,87
1893,Elite Outlet,4.8,3472,5,96
1893,BharatMart,4.3,3896,2,34
1894,Elite Outlet,4.8,12702,2,114
1894,NovaMart,4.5,13660,5,68
1894,Value Bazaar,3.9,12815,4,28
1895,QuickCart Seller,4.3,116,1,38
1895,NovaMart,4.4,109,3,91
1895,PrimeDeals Store,4.6,109,4,68
1896,PrimeDeals Store,4.7,4176,4,64
1896,SunriseTraders,4.3,4427,2,8
1897,SunriseTraders,4.3,5899,5,68
1897,UrbanKart Traders,4.1,5596,3,89
1897,Value Bazaar,3.9,5565,3,93
1898,NovaMart,4.6,3498,5,20
1898,SunriseTraders,4.3,3756,5,46
1898,ShopEasy India,4.5,3647,2,97
1899,QuickCart Seller,4.2,20692,5,45
1899,KiranaOnline,4.0,19464,6,108
1899,MegaSave Retail,3.9,18777,5,33
1900,Elite Outlet,4.7,753,2,44
1900,SunriseTraders,4.3,668,3,91
1900,TrendyHub Retail,4.7,692,1,36
1901,NovaMart,4.6,15508,3,16
1901,Elite Outlet,4.7,17332,4,100
1901,TrendyHub Retail,4.5,15820,2,114
1901,PrimeDeals Store,4.7,15228,5,40
1902,NovaMart,4.5,66055,4,96
1902,TrendyHub Retail,4.5,64248,2,35
1902,Value Bazaar,3.8,70786,5,91
1902,MegaSave Retail,3.9,70767,4,27
1903,QuickCart Seller,4.1,124366,3,55
1903,SunriseTraders,4.2,123936,2,34
1903,UrbanKart Traders,4.2,126857,4,107
1903,Value Bazaar,3.9,127731,4,120
1904,MegaSave Retail,3.9,2259,6,32
1904,PrimeDeals Store,4.6,2479,5,20
1904,KiranaOnline,4.0,2348,2,17
1904,SunriseTraders,4.1,2573,5,46
1905,TrendyHub Retail,4.5,8169,5,5
1905,SunriseTraders,4.3,9015,2,25
1905,BharatMart,4.4,8613,3,111
1906,TrendyHub Retail,4.6,6507,3,72
1906,QuickCart Seller,4.2,6897,1,118
1907,Elite Outlet,4.8,1693,1,64
1907,QuickCart Seller,4.3,1603,5,114
1907,PrimeDeals Store,4.7,1840,2,9
1908,Elite Outlet,4.7,9003,3,56
1908,TrendyHub Retail,4.5,8075,1,63
1908,UrbanKart Traders,4.0,8821,5,54
1909,ShopEasy India,4.4,69130,3,87
1909,SunriseTraders,4.1,69610,5,24
1909,PrimeDeals Store,4.8,75527,2,113
1910,TrendyHub Retail,4.6,7406,4,6
1910,UrbanKart Traders,4.1,7074,5,89
1910,BharatMart,4.2,6983,3,106
1911,QuickCart Seller,4.1,12874,3,47
1911,KiranaOnline,4.1,14163,3,113
1911,MegaSave Retail,3.8,14023,6,42
1911,NovaMart,4.6,13528,2,21
1912,PrimeDeals Store,4.6,2056,2,107
1912,BharatMart,4.4,1870,4,82
1912,TrendyHub Retail,4.5,1924,2,47
1913,Value Bazaar,3.8,6417,5,81
1913,ShopEasy India,4.4,5627,4,13
1913,SunriseTraders,4.2,6056,3,79
1913,PrimeDeals Store,4.6,5988,4,18
1914,UrbanKart Traders,4.1,4899,5,82
1914,KiranaOnline,4.0,5321,5,97
1914,NovaMart,4.5,5033,1,107
1914,PrimeDeals Store,4.8,4842,4,78
1915,MegaSave Retail,3.9,756,3,95
1915,QuickCart Seller,4.3,700,2,117
1915,BharatMart,4.3,727,6,114
1915,Elite Outlet,4.7,746,2,26
1916,Elite Outlet,4.8,1972,3,75
1916,QuickCart Seller,4.1,2083,2,37
1917,UrbanKart Traders,4.1,8370,2,17
1917,Elite Outlet,4.9,7696,2,116
1917,Value Bazaar,3.9,8179,2,107
1917,SunriseTraders,4.1,7746,3,110
1918,MegaSave Retail,3.7,4776,3,40
1918,SunriseTraders,4.1,5063,4,88
1919,UrbanKart Traders,4.2,6343,3,85
1919,Value Bazaar,3.9,6767,6,50
1919,ShopEasy India,4.4,6455,4,87
1919,Elite Outlet,4.8,6002,1,100
1920,TrendyHub Retail,4.6,9488,1,66
1920,KiranaOnline,4.0,9007,5,106
1921,Value Bazaar,3.9,28823,6,87
1921,KiranaOnline,4.0,29192,6,108
1921,TrendyHub Retail,4.6,30079,4,46
1921,UrbanKart Traders,4.2,27269,3,112
1922,TrendyHub Retail,4.7,108118,1,105
1922,NovaMart,4.4,106938,2,95
1922,PrimeDeals Store,4.6,107055,5,90
1922,Value Bazaar,4.0,95977,4,103
1923,UrbanKart Traders,4.2,119268,5,14
1923,Elite Outlet,4.7,128453,2,36
1923,TrendyHub Retail,4.5,133100,5,27
1924,Value Bazaar,3.9,5054,3,62
1924,SunriseTraders,4.3,4904,4,9
1924,UrbanKart Traders,4.1,5187,5,34
1925,NovaMart,4.6,3458,2,107
1925,MegaSave Retail,3.8,3228,6,110
1925,PrimeDeals Store,4.8,3269,2,106
1926,UrbanKart Traders,4.2,7937,2,77
1926,MegaSave Retail,3.7,7242,6,12
1927,ShopEasy India,4.5,3457,3,119
1927,MegaSave Retail,3.8,3701,4,75
1927,TrendyHub Retail,4.7,3526,3,49
1928,PrimeDeals Store,4.8,1593,2,77
1928,Elite Outlet,4.7,1574,4,82
1928,MegaSave Retail,3.9,1506,2,90
1928,UrbanKart Traders,4.0,1578,2,98
1929,ShopEasy India,4.5,54077,5,103
1929,KiranaOnline,4.0,50443,4,36
1929,SunriseTraders,4.3,55705,2,37
1929,UrbanKart Traders,4.0,49413,1,76
1930,TrendyHub Retail,4.5,21917,3,27
1930,PrimeDeals Store,4.6,20652,2,88
1930,Value Bazaar,3.9,22607,2,40
1931,BharatMart,4.4,15947,2,98
1931,PrimeDeals Store,4.7,14127,5,44
1931,QuickCart Seller,4.1,15200,2,24
1931,NovaMart,4.4,15571,4,96
1932,Elite Outlet,4.7,658,3,8
1932,PrimeDeals Store,4.8,616,2,109
1933,MegaSave Retail,3.7,8892,2,46
1933,KiranaOnline,3.9,8553,5,11
1933,ShopEasy India,4.3,8469,2,11
1934,BharatMart,4.3,16070,5,12
1934,UrbanKart Traders,4.0,14350,2,106
1934,Value Bazaar,4.0,15422,3,108
1935,SunriseTraders,4.3,1444,2,29
1935,QuickCart Seller,4.3,1362,2,15
1936,Value Bazaar,3.8,6296,5,17
1936,SunriseTraders,4.2,6588,1,57
1936,Elite Outlet,4.9,6491,1,110
1936,TrendyHub Retail,4.7,6241,2,101
1937,KiranaOnline,4.0,2516,3,28
1937,ShopEasy India,4.3,2361,1,35
1937,PrimeDeals Store,4.7,2517,1,85
1938,SunriseTraders,4.2,6338,1,80
1938,KiranaOnline,3.9,6010,4,8
1938,PrimeDeals Store,4.6,6789,5,46
1938,MegaSave Retail,3.9,6142,2,82
1939,BharatMart,4.2,17830,2,16
1939,PrimeDeals Store,4.8,18761,3,73
1939,NovaMart,4.5,18860,3,66
1939,Value Bazaar,4.0,18392,6,99
1940,MegaSave Retail,3.9,16599,5,78
1940,Elite Outlet,4.7,17600,2,92
1940,ShopEasy India,4.3,17964,4,36
1941,MegaSave Retail,3.8,11339,6,80
1941,QuickCart Seller,4.1,12435,4,6
1941,NovaMart,4.6,11167,5,55
1941,TrendyHub Retail,4.6,11038,2,8
1942,TrendyHub Retail,4.7,21865,5,115
1942,QuickCart Seller,4.1,20062,5,91
1943,PrimeDeals Store,4.8,123335,2,67
1943,UrbanKart Traders,4.0,117050,2,42
1944,QuickCart Seller,4.1,692,6,102
1944,MegaSave Retail,3.9,614,2,95
1945,NovaMart,4.6,7364,2,101
1945,BharatMart,4.3,6806,4,81
1945,PrimeDeals Store,4.7,6751,4,109
1946,BharatMart,4.4,9549,1,20
1946,TrendyHub Retail,4.6,8631,5,16
1946,Elite Outlet,4.8,9560,5,70
1946,ShopEasy India,4.3,8508,4,12
1947,KiranaOnline,4.1,4977,5,30
1947,BharatMart,4.4,5541,2,27
1947,UrbanKart Traders,4.1,5500,5,56
1947,NovaMart,4.6,5267,1,71
1948,Elite Outlet,4.9,7390,3,15
1948,NovaMart,4.4,7937,3,58
1948,UrbanKart Traders,4.1,6931,3,110
1948,ShopEasy India,4.4,6937,4,44
1949,UrbanKart Traders,4.0,38549,3,117
1949,TrendyHub Retail,4.5,35426,5,93
1950,PrimeDeals Store,4.7,36254,5,23
1950,KiranaOnline,4.1,34496,6,20
1950,BharatMart,4.2,36469,4,56
1950,ShopEasy India,4.4,37791,3,74
1951,SunriseTraders,4.1,480,2,70
1951,Value Bazaar,3.9,460,3,84
1951,QuickCart Seller,4.1,505,5,62
1951,PrimeDeals Store,4.7,463,5,66
1952,BharatMart,4.4,2231,5,17
1952,ShopEasy India,4.4,2042,1,68
1953,Value Bazaar,4.0,1073,2,95
1953,MegaSave Retail,3.7,1012,3,29
1954,SunriseTraders,4.3,7511,4,44
1954,TrendyHub Retail,4.7,7086,3,104
1955,KiranaOnline,4.0,1974,2,38
1955,Elite Outlet,4.7,1884,5,38
1956,KiranaOnline,4.1,3803,4,116
1956,ShopEasy India,4.5,3706,5,107
1956,UrbanKart Traders,4.2,4073,3,33
1956,BharatMart,4.4,3937,3,45
1957,SunriseTraders,4.2,5269,5,10
1957,BharatMart,4.4,5059,1,75
1958,KiranaOnline,4.1,7802,6,83
1958,TrendyHub Retail,4.6,8010,2,26
1958,MegaSave Retail,3.8,7957,2,92
1958,Value Bazaar,3.8,7520,3,55
1959,BharatMart,4.4,5024,1,41
1959,Value Bazaar,3.8,4740,5,114
1959,Elite Outlet,4.7,4752,1,33
1960,BharatMart,4.3,1868,6,93
1960,Value Bazaar,3.8,1663,6,31
1960,TrendyHub Retail,4.5,1763,1,90
1960,SunriseTraders,4.2,1894,5,115
1961,QuickCart Seller,4.1,25974,5,98
1961,Elite Outlet,4.9,24219,2,101
1961,NovaMart,4.6,25577,4,7
1961,ShopEasy India,4.4,22593,6,75
1962,Value Bazaar,3.9,53019,2,56
1962,NovaMart,4.5,54839,2,75
1962,Elite Outlet,4.9,57861,2,104
1963,QuickCart Seller,4.1,127163,3,65
1963,Elite Outlet,4.7,119965,1,20
1964,PrimeDeals Store,4.6,2988,3,37
1964,Value Bazaar,3.8,2985,6,55
1964,KiranaOnline,4.1,3189,3,72
1965,BharatMart,4.4,2107,4,16
1965,NovaMart,4.5,1888,2,49
1966,TrendyHub Retail,4.7,9562,4,120
1966,BharatMart,4.3,10136,3,96
1967,Elite Outlet,4.8,1226,1,54
1967,NovaMart,4.4,1282,3,11
1967,KiranaOnline,4.0,1241,4,42
1968,KiranaOnline,4.0,755,4,52
1968,UrbanKart Traders,4.0,721,3,96
1968,QuickCart Seller,4.3,808,5,64
1969,PrimeDeals Store,4.7,20678,2,65
1969,KiranaOnline,4.0,18336,3,113
1969,ShopEasy India,4.3,21263,5,70
1970,KiranaOnline,4.0,2234,3,82
1970,BharatMart,4.3,1994,5,77
1970,QuickCart Seller,4.2,2254,5,9
1970,NovaMart,4.6,2172,2,92
1971,NovaMart,4.5,2009,5,58
1971,BharatMart,4.4,1747,5,79
1971,KiranaOnline,4.1,1715,5,53
1972,KiranaOnline,3.9,936,5,115
1972,NovaMart,4.5,931,2,82
1972,MegaSave Retail,3.7,890,4,91
1973,KiranaOnline,4.1,3580,4,115
1973,Elite Outlet,4.8,3235,1,41
1974,NovaMart,4.6,17347,2,20
1974,BharatMart,4.3,18388,5,65
1975,ShopEasy India,4.4,598,3,54
1975,SunriseTraders,4.1,570,4,107
1976,KiranaOnline,4.0,1427,2,119
1976,Value Bazaar,3.9,1344,5,29
1977,ShopEasy India,4.3,6743,5,82
1977,MegaSave Retail,3.9,7567,3,81
1978,PrimeDeals Store,4.7,1251,4,80
1978,TrendyHub Retail,4.5,1201,3,45
1978,KiranaOnline,4.0,1133,5,18
1979,QuickCart Seller,4.1,14942,5,119
1979,SunriseTraders,4.2,16493,4,73
1979,Value Bazaar,3.8,15205,5,89
1979,Elite Outlet,4.8,15663,1,95
1980,TrendyHub Retail,4.5,10252,2,120
1980,MegaSave Retail,3.9,9951,3,113
1980,Value Bazaar,4.0,10221,3,78
1981,NovaMart,4.5,7439,5,20
1981,QuickCart Seller,4.1,7559,6,99
1981,MegaSave Retail,3.7,6928,6,66
1982,ShopEasy India,4.3,88518,5,73
1982,Elite Outlet,4.9,100028,4,56
1983,NovaMart,4.4,123498,1,8
1983,QuickCart Seller,4.1,129092,5,100
1983,SunriseTraders,4.1,122687,5,108
1983,Elite Outlet,4.7,115484,2,19
1984,Value Bazaar,3.8,4922,2,42
1984,ShopEasy India,4.4,5267,1,66
1985,TrendyHub Retail,4.6,5579,3,68
1985,Value Bazaar,3.8,5336,4,51
1985,KiranaOnline,3.9,5232,3,71
1985,BharatMart,4.4,5676,2,98
1986,SunriseTraders,4.1,10361,4,21
1986,MegaSave Retail,3.9,10852,3,20
1987,NovaMart,4.6,3187,3,48
1987,BharatMart,4.2,2952,1,90
1988,SunriseTraders,4.3,7224,3,39
1988,MegaSave Retail,3.8,6278,5,101
1988,QuickCart Seller,4.1,6402,1,85
1989,NovaMart,4.4,3107,4,89
1989,MegaSave Retail,3.8,3208,4,104
1989,QuickCart Seller,4.1,3047,4,48
1990,SunriseTraders,4.1,17214,2,53
1990,ShopEasy India,4.3,15239,2,95
1990,Elite Outlet,4.8,17035,1,51
1991,Elite Outlet,4.8,3384,4,43
1991,KiranaOnline,4.1,3049,4,53
1991,UrbanKart Traders,4.0,3243,2,100
1992,ShopEasy India,4.5,2331,3,28
1992,TrendyHub Retail,4.7,2329,1,18
1992,BharatMart,4.4,2409,1,23
1993,PrimeDeals Store,4.6,6089,3,21
1993,Value Bazaar,4.0,5322,2,60
1993,TrendyHub Retail,4.6,5682,3,104
1994,TrendyHub Retail,4.7,9230,1,102
1994,MegaSave Retail,3.7,9569,6,30
1994,Value Bazaar,4.0,9993,6,57
1994,SunriseTraders,4.1,8907,4,101
1995,QuickCart Seller,4.3,1278,5,25
1995,Elite Outlet,4.9,1154,1,97
1995,ShopEasy India,4.5,1142,4,46
1995,NovaMart,4.5,1198,3,105
1996,SunriseTraders,4.2,5936,5,12
1996,TrendyHub Retail,4.5,5397,5,93
1996,NovaMart,4.5,5827,3,49
1996,PrimeDeals Store,4.8,5668,3,84
1997,PrimeDeals Store,4.7,1824,3,102
1997,UrbanKart Traders,4.2,1827,3,91
1997,NovaMart,4.4,1704,4,60
1998,MegaSave Retail,3.9,2494,6,50
1998,Elite Outlet,4.8,2398,5,86
1999,UrbanKart Traders,4.0,2882,2,77
1999,Elite Outlet,4.9,3058,3,12
1999,BharatMart,4.4,3149,2,88
1999,KiranaOnline,4.1,3125,6,16
2000,PrimeDeals Store,4.7,18000,3,31
2000,Value Bazaar,3.9,18115,3,77
2000,UrbanKart Traders,4.2,20076,2,31
